id,name,kind,series,bgg_id,held,wanted,root_id,base_game,base_status,name_matches_base,base_note,subject,subject_rows,implied_product,implied_status,matched_by
60,Aeon's End: Outcasts,expansion,,299317,1,0,834,Aeon's End,PRESENT,yes,,,0,Aeon's End,PRESENT,834
70,Deep Rock Galactic: Space Rig Expansion,expansion,,401797,1,0,105,Deep Rock Galactic: The Board Game,PRESENT,yes,,,0,Deep Rock Galactic: The Board Game,PRESENT,105
71,Deep Rock Galactic: Biome Expansion,expansion,,401798,1,0,105,Deep Rock Galactic: The Board Game,PRESENT,yes,,,0,Deep Rock Galactic: The Board Game,PRESENT,105
72,Deep Rock Galactic: The Board Game – Goo From Above Miniature Expansion,expansion,,369083,1,0,105,Deep Rock Galactic: The Board Game,PRESENT,yes,,,0,Deep Rock Galactic: The Board Game,PRESENT,105
74,Scythe: Invaders from Afar,expansion,,199727,1,0,41,Scythe,PRESENT,yes,,,0,Scythe,PRESENT,41
75,Scythe: The Wind Gambit,expansion,,223555,1,0,41,Scythe,PRESENT,yes,,,0,Scythe,PRESENT,41
76,Scythe: The Rise of Fenris,expansion,,242277,1,0,41,Scythe,PRESENT,yes,,,0,Scythe,PRESENT,41
77,Catan: 5-6 Player Extension,expansion,Catan,2807,1,0,54,Catan,PRESENT,yes,,,0,Catan,PRESENT,54
79,Moon: Valkyrie Expansion,expansion,,382957,1,0,98,Moon,PRESENT,yes,,,0,Moon,PRESENT,98
80,Catan: Starfarers – 5-6 Player Extension,expansion,Catan,316229,1,0,78,CATAN: Starfarers,PRESENT,yes,,,0,CATAN: Starfarers,PRESENT,78
81,Catan: Cities & Knights,expansion,Catan,926,1,0,54,Catan,PRESENT,yes,,,0,Catan,PRESENT,54
82,Betrayal at House on the Hill: Widow's Walk,expansion,,198452,1,0,63,Betrayal at House on the Hill,PRESENT,yes,,,0,Betrayal at House on the Hill,PRESENT,63
84,Slay the Spire: The Board Game – Downfall,expansion,,454971,1,0,46,Slay the Spire: The Board Game,PRESENT,yes,,,0,Slay the Spire: The Board Game,PRESENT,46
90,Deep Rock Galactic: Rival Incursion,expansion,,450336,1,0,105,Deep Rock Galactic: The Board Game,PRESENT,yes,,,0,Deep Rock Galactic: The Board Game,PRESENT,105
106,The Binding of Isaac: Four Souls Requiem,expansion,,336844,1,0,108,The Binding of Isaac: Four Souls,PRESENT,yes,,,0,The Binding of Isaac: Four Souls,PRESENT,108
117,Excursion Tiles 1,accessory,Excursion Tiles,,1,0,117,Excursion Tiles 1,AMBIGUOUS,yes,"self-rooted: this accessory is its own root, so no base game is implied",,0,Excursion Tiles 1,AMBIGUOUS,
118,Excursion Tiles 2,accessory,Excursion Tiles,,1,0,118,Excursion Tiles 2,AMBIGUOUS,yes,"self-rooted: this accessory is its own root, so no base game is implied",,0,Excursion Tiles 2,AMBIGUOUS,
119,Cult of the Lamb: Multicolour Prophet and Bishop Miniatures,accessory,,,1,0,83,Cult of the Lamb: The Board Game,PRESENT,yes,,multicolour prophet and bishop,1,Cult of the Lamb: The Board Game — multicolour prophet and bishop,MISSING,
120,Cult of the Lamb: Lamb Shrine Dice Tower,accessory,,,1,0,83,Cult of the Lamb: The Board Game,PRESENT,yes,,lamb shrine,1,Cult of the Lamb: The Board Game — lamb shrine,MISSING,
121,Cult of the Lamb: Main Board Playmat,accessory,,,1,0,83,Cult of the Lamb: The Board Game,PRESENT,yes,,,0,Cult of the Lamb: The Board Game,PRESENT,83
122,Cult of the Lamb: Neoprene Enemy Boards,accessory,,,1,0,83,Cult of the Lamb: The Board Game,PRESENT,yes,,enemy,1,Cult of the Lamb: The Board Game — enemy,MISSING,
123,Cult of the Lamb: Prophet Dice Trays,accessory,,,1,0,83,Cult of the Lamb: The Board Game,PRESENT,yes,,prophet,1,Cult of the Lamb: The Board Game — prophet,MISSING,
124,Cult of the Lamb: Acrylic Decoration Token Pack,accessory,,,1,0,83,Cult of the Lamb: The Board Game,PRESENT,yes,,decoration,1,Cult of the Lamb: The Board Game — decoration,MISSING,
125,Cult of the Lamb: Blessed Droppings Pack,accessory,,,1,0,83,Cult of the Lamb: The Board Game,PRESENT,yes,,blessed droppings,1,Cult of the Lamb: The Board Game — blessed droppings,MISSING,
126,Cult of the Lamb: Tote Bag,accessory,,,1,0,83,Cult of the Lamb: The Board Game,PRESENT,yes,,,0,Cult of the Lamb: The Board Game,PRESENT,83
127,Slay the Spire: Downfall - Character Playmats,accessory,,,1,0,46,Slay the Spire: The Board Game,PRESENT,yes,,downfall,3,Slay the Spire: The Board Game — downfall,PRESENT,Slay the Spire: The Board Game – Downfall
128,Slay the Spire: Downfall - Acrylic Tokens,accessory,,,1,0,46,Slay the Spire: The Board Game,PRESENT,yes,,downfall,3,Slay the Spire: The Board Game — downfall,PRESENT,Slay the Spire: The Board Game – Downfall
129,Slay the Spire: Downfall - Table Playmat & Carry Case,accessory,,,1,0,46,Slay the Spire: The Board Game,PRESENT,yes,,downfall,3,Slay the Spire: The Board Game — downfall,PRESENT,Slay the Spire: The Board Game – Downfall
130,Slay the Spire: Downfall - Bag of Preparation,accessory,,,1,0,46,Slay the Spire: The Board Game,PRESENT,yes,,downfall - bag of preparation,1,Slay the Spire: The Board Game — downfall - bag of preparation,MISSING,
131,Slay the Spire: Downfall - Sleeves for Everything Else,accessory,,,1,0,46,Slay the Spire: The Board Game,PRESENT,yes,,downfall - sleeves for everything else,1,Slay the Spire: The Board Game — downfall - sleeves for everything else,MISSING,
132,Don't Starve: The Board Game - Stretch Goal Box,promo,,,1,0,85,Don't Starve: The Board Game,PRESENT,yes,,,0,Don't Starve: The Board Game,PRESENT,85
133,Dice Throne Vanguard: Accessory Pack - Duelist,accessory,Dice Throne,,1,0,88,Dice Throne Vanguard,PRESENT,yes,,duelist,2,Dice Throne Vanguard — duelist,PRESENT,Dice Throne Hero: Duelist
134,Dice Throne Vanguard: Accessory Pack - Druid,accessory,Dice Throne,,1,0,88,Dice Throne Vanguard,PRESENT,yes,,druid,2,Dice Throne Vanguard — druid,PRESENT,Dice Throne Hero: Druid
135,Dice Throne Vanguard: Accessory Pack - Forgemaster,accessory,Dice Throne,,1,0,88,Dice Throne Vanguard,PRESENT,yes,,forgemaster,2,Dice Throne Vanguard — forgemaster,PRESENT,Dice Throne Hero: Forgemaster
136,Dice Throne Vanguard: Accessory Pack - Sun Elf,accessory,Dice Throne,,1,0,88,Dice Throne Vanguard,PRESENT,yes,,sun elf,2,Dice Throne Vanguard — sun elf,PRESENT,Dice Throne Hero: Sun Elf
137,Dice Throne Vanguard: Playmat - Naraxus,accessory,Dice Throne,,1,0,88,Dice Throne Vanguard,PRESENT,yes,,naraxus,1,Dice Throne Vanguard — naraxus,MISSING,
138,Dice Throne Vanguard: Playmat - Druid,accessory,Dice Throne,,1,0,88,Dice Throne Vanguard,PRESENT,yes,,druid,2,Dice Throne Vanguard — druid,PRESENT,Dice Throne Hero: Druid
139,Dice Throne Vanguard: Playmat - Duelist,accessory,Dice Throne,,1,0,88,Dice Throne Vanguard,PRESENT,yes,,duelist,2,Dice Throne Vanguard — duelist,PRESENT,Dice Throne Hero: Duelist
140,Dice Throne Vanguard: Playmat - Forgemaster,accessory,Dice Throne,,1,0,88,Dice Throne Vanguard,PRESENT,yes,,forgemaster,2,Dice Throne Vanguard — forgemaster,PRESENT,Dice Throne Hero: Forgemaster
141,Dice Throne Vanguard: Playmat - Sun Elf,accessory,Dice Throne,,1,0,88,Dice Throne Vanguard,PRESENT,yes,,sun elf,2,Dice Throne Vanguard — sun elf,PRESENT,Dice Throne Hero: Sun Elf
142,Dice Throne Vanguard: Dice Tray,accessory,Dice Throne,,1,0,88,Dice Throne Vanguard,PRESENT,yes,,,0,Dice Throne Vanguard,PRESENT,88
143,Dice Throne Vanguard: Barbarian Alt Art Set,promo,Dice Throne,,1,0,88,Dice Throne Vanguard,PRESENT,yes,,barbarian,1,Dice Throne Vanguard — barbarian,PRESENT,Dice Throne Hero: Barbarian
144,Dice Throne Vanguard: Pyromancer Alt Art Set,promo,Dice Throne,,1,0,88,Dice Throne Vanguard,PRESENT,yes,,pyromancer,1,Dice Throne Vanguard — pyromancer,PRESENT,Dice Throne Hero: Pyromancer
145,Honor's End: Playmats,accessory,,,1,0,87,Honor's End,PRESENT,yes,,,0,Honor's End,PRESENT,87
146,Honor's End: Dice Towers,accessory,,,1,0,87,Honor's End,PRESENT,yes,,,0,Honor's End,PRESENT,87
147,Honor's End: Embroidered Cloth Bags,accessory,,,1,0,87,Honor's End,PRESENT,yes,,,0,Honor's End,PRESENT,87
148,Honor's End: First Edition Hardcover Narrative Book,accessory,,,1,0,87,Honor's End,PRESENT,yes,,hardcover narrative,1,Honor's End — hardcover narrative,MISSING,
149,Honor's End: KS All-in Exclusive Box,accessory,,,1,0,87,Honor's End,PRESENT,yes,,,0,Honor's End,PRESENT,87
150,Honor's End: Sleeves,accessory,,,1,0,87,Honor's End,PRESENT,yes,,,0,Honor's End,PRESENT,87
151,Super Boss Monster 2: Icy-themed Neoprene Town Mat,accessory,Boss Monster,,1,0,86,Super Boss Monster 2,PRESENT,yes,,icy - themed neoprene town,1,Super Boss Monster 2 — icy - themed neoprene town,MISSING,
152,Super Boss Monster: Combo Pack,promo,Boss Monster,454604,1,0,86,Super Boss Monster 2,PRESENT,yes,,combo,1,Super Boss Monster 2 — combo,MISSING,
153,Risk of Rain: The Board Game - Survivors of the Void Expansion,expansion,,452174,1,0,89,Risk of Rain: The Board Game,PRESENT,yes,,,0,Risk of Rain: The Board Game,PRESENT,89
154,Risk of Rain: The Board Game - Seekers of the Storm Expansion,expansion,,452175,1,0,89,Risk of Rain: The Board Game,PRESENT,yes,,,0,Risk of Rain: The Board Game,PRESENT,89
155,Risk of Rain: The Board Game - Gup Containment Expansion,expansion,,452176,1,0,89,Risk of Rain: The Board Game,PRESENT,yes,,,0,Risk of Rain: The Board Game,PRESENT,89
156,Risk of Rain: The Board Game - Deluxe Metal Coins,accessory,,,1,0,89,Risk of Rain: The Board Game,PRESENT,yes,,,0,Risk of Rain: The Board Game,PRESENT,89
157,Risk of Rain: The Board Game - Boss Miniatures,accessory,,,1,0,89,Risk of Rain: The Board Game,PRESENT,yes,,,0,Risk of Rain: The Board Game,PRESENT,89
158,Risk of Rain: The Board Game - Drone Miniatures,accessory,,,1,0,89,Risk of Rain: The Board Game,PRESENT,yes,,drone,1,Risk of Rain: The Board Game — drone,MISSING,
159,Risk of Rain: The Board Game - Tracker Coin,accessory,,,1,0,89,Risk of Rain: The Board Game,PRESENT,yes,,tracker,1,Risk of Rain: The Board Game — tracker,MISSING,
160,Deep Rock Galactic: Shockwyrm Mini Expansion,expansion,,,1,0,105,Deep Rock Galactic: The Board Game,PRESENT,yes,,,0,Deep Rock Galactic: The Board Game,PRESENT,105
161,Deep Rock Galactic: Barrel Flick Game,expansion,,,1,0,105,Deep Rock Galactic: The Board Game,PRESENT,yes,,,0,Deep Rock Galactic: The Board Game,PRESENT,105
162,Deep Rock Galactic: KS Exclusive Dice Bag,accessory,,474545,1,0,105,Deep Rock Galactic: The Board Game,PRESENT,yes,,,0,Deep Rock Galactic: The Board Game,PRESENT,105
163,Deep Rock Galactic: KS Exclusive Glittery Cave Walls,promo,,,1,0,105,Deep Rock Galactic: The Board Game,PRESENT,yes,,glittery cave walls,1,Deep Rock Galactic: The Board Game — glittery cave walls,MISSING,
164,Deep Rock Galactic: KS Exclusive BET C Infected Robot Encounter,promo,,,1,0,105,Deep Rock Galactic: The Board Game,PRESENT,yes,,bet c infected robot encounter,1,Deep Rock Galactic: The Board Game — bet c infected robot encounter,MISSING,
165,Deep Rock Galactic: KS Exclusive Swarm Tracker,promo,,,1,0,105,Deep Rock Galactic: The Board Game,PRESENT,yes,,swarm tracker,1,Deep Rock Galactic: The Board Game — swarm tracker,MISSING,
166,Deep Rock Galactic: Steeve Mini,promo,,,1,0,105,Deep Rock Galactic: The Board Game,PRESENT,yes,,steeve,1,Deep Rock Galactic: The Board Game — steeve,MISSING,
167,Deep Rock Galactic: Premium Dice in Metal Box,accessory,,,1,0,105,Deep Rock Galactic: The Board Game,PRESENT,yes,,,0,Deep Rock Galactic: The Board Game,PRESENT,105
168,Deep Rock Galactic: Rivals Neoprene Mat,accessory,,,1,0,105,Deep Rock Galactic: The Board Game,PRESENT,yes,,rivals,3,Deep Rock Galactic: The Board Game — rivals,MISSING,
169,Deep Rock Galactic: Horrors of Hoxxes Acrylic Tokens,accessory,,474536,1,0,105,Deep Rock Galactic: The Board Game,PRESENT,yes,,horrors of hoxxes,1,Deep Rock Galactic: The Board Game — horrors of hoxxes,PRESENT,Deep Rock Galactic: Horrors of Hoxxes
170,Deep Rock Galactic: Rival Incursion Acrylic Tokens,accessory,,474537,1,0,105,Deep Rock Galactic: The Board Game,PRESENT,yes,,rival incursion,1,Deep Rock Galactic: The Board Game — rival incursion,PRESENT,Deep Rock Galactic: Rival Incursion
171,Deep Rock Galactic: Rivals Card Sleeves,accessory,,,1,0,105,Deep Rock Galactic: The Board Game,PRESENT,yes,,rivals,3,Deep Rock Galactic: The Board Game — rivals,MISSING,
172,Deep Rock Galactic: Upgrade Kit Deluxe,accessory,,,1,0,105,Deep Rock Galactic: The Board Game,PRESENT,yes,,,0,Deep Rock Galactic: The Board Game,PRESENT,105
173,Scales of Fate: Community Card Pack,promo,,,1,0,91,Scales of Fate,PRESENT,yes,,community,1,Scales of Fate — community,MISSING,
174,Scales of Fate: Make it Metal,accessory,,,1,0,91,Scales of Fate,PRESENT,yes,,make it,1,Scales of Fate — make it,MISSING,
175,Scales of Fate: Card Sleeves,accessory,,,1,0,91,Scales of Fate,PRESENT,yes,,,0,Scales of Fate,PRESENT,91
176,Dice Throne Outcasts: Promo Pack,promo,Dice Throne,457577,1,0,92,Dice Throne: Outcasts,PRESENT,yes,,,0,Dice Throne: Outcasts,PRESENT,92
179,Dice Throne Outcasts: Acrylic Token Upgrades,accessory,Dice Throne,,1,0,92,Dice Throne: Outcasts,PRESENT,yes,,,0,Dice Throne: Outcasts,PRESENT,92
180,Dice Throne: Adventures – Unchained,expansion,Dice Throne,431993,1,0,92,Dice Throne: Outcasts,PRESENT,yes,,,0,Dice Throne: Outcasts,PRESENT,92
181,Tend: 12-Player Expansion,expansion,,466553,1,0,93,Tend,PRESENT,yes,,,0,Tend,PRESENT,93
182,Tend: Bonus Farm & Project Sheets,accessory,,,1,0,93,Tend,PRESENT,yes,,farm & project,1,Tend — farm & project,MISSING,
183,Tend: Bonus Woods & Mines Scratch Off Cards,accessory,,,1,0,93,Tend,PRESENT,yes,,woods & mines scratch off,1,Tend — woods & mines scratch off,MISSING,
184,Tend: Stamp Markers,accessory,,,1,0,93,Tend,PRESENT,yes,,stamp,1,Tend — stamp,MISSING,
185,Tend: Double-sided Neoprene Mat,accessory,,,1,0,93,Tend,PRESENT,yes,,,0,Tend,PRESENT,93
186,Tend: Starter Tasks Holographic Card Pack,promo,,,1,0,93,Tend,PRESENT,yes,,tasks,1,Tend — tasks,MISSING,
187,Tend: Holographic Box,accessory,,,1,0,93,Tend,PRESENT,yes,,,0,Tend,PRESENT,93
188,Tend: Contrast Washed Zenith Scratch Coins,accessory,,,1,0,93,Tend,PRESENT,yes,,zenith,1,Tend — zenith,MISSING,
189,Tend: Community Card Pack,promo,,,1,0,93,Tend,PRESENT,yes,,community,1,Tend — community,MISSING,
190,Tend: Sleeves,accessory,,,1,0,93,Tend,PRESENT,yes,,,0,Tend,PRESENT,93
191,Tend: 12-Player Expansion Sleeves,accessory,,,1,0,93,Tend,PRESENT,yes,,12,1,Tend — 12,PRESENT,Tend: 12-Player Expansion
192,Twisted Cryptids: Cryptid Culture Expansion,expansion,,429843,1,0,94,Twisted Cryptids,PRESENT,yes,,,0,Twisted Cryptids,PRESENT,94
193,Twisted Cryptids: KS Exclusive Vinyl Figure Box Set,accessory,,,1,0,94,Twisted Cryptids,PRESENT,yes,,,0,Twisted Cryptids,PRESENT,94
194,Twisted Cryptids: KS Exclusive Play Mat Bundle Box,accessory,,,1,0,94,Twisted Cryptids,PRESENT,yes,,,0,Twisted Cryptids,PRESENT,94
195,Twisted Cryptids: KS Exclusive Double-Sided Cryptid Acrylic Standees,accessory,,,1,0,94,Twisted Cryptids,PRESENT,yes,,cryptid,2,Twisted Cryptids — cryptid,PRESENT,Twisted Cryptids: Cryptid Culture Expansion
196,Twisted Cryptids: KS Exclusive Cryptid Play Mats,accessory,,,1,0,94,Twisted Cryptids,PRESENT,yes,,cryptid,2,Twisted Cryptids — cryptid,PRESENT,Twisted Cryptids: Cryptid Culture Expansion
197,Twisted Cryptids: KS Exclusive Central Play Mat,accessory,,,1,0,94,Twisted Cryptids,PRESENT,yes,,,0,Twisted Cryptids,PRESENT,94
198,Twisted Cryptids: KS Exclusive Rest Area Play Mat,accessory,,,1,0,94,Twisted Cryptids,PRESENT,yes,,rest area,1,Twisted Cryptids — rest area,MISSING,
199,Twisted Cryptids: Card Sleeve Packs,accessory,,,1,0,94,Twisted Cryptids,PRESENT,yes,,,0,Twisted Cryptids,PRESENT,94
200,Iliad: Fabric Bags,accessory,,,1,0,45,Iliad,PRESENT,yes,,,0,Iliad,PRESENT,45
201,Iliad: Deluxe Wood Tiles,accessory,,465335,1,0,45,Iliad,PRESENT,yes,,,0,Iliad,PRESENT,45
202,Iliad: Deluxe Token Pedestal,accessory,,465336,1,0,45,Iliad,PRESENT,yes,,,0,Iliad,PRESENT,45
203,Ichor: Reinforcements & Gates Expansion,expansion,,436368,1,0,44,Ichor,PRESENT,yes,,,0,Ichor,PRESENT,44
204,Ichor: Deluxe Acrylic Standees,accessory,,465340,1,0,44,Ichor,PRESENT,yes,,,0,Ichor,PRESENT,44
205,Ichor: Deluxe Wood Gate Tiles,accessory,,,1,0,44,Ichor,PRESENT,yes,,gate,1,Ichor — gate,MISSING,
206,Ichor: Deluxe Resin Discs,accessory,,465342,1,0,44,Ichor,PRESENT,yes,,,0,Ichor,PRESENT,44
207,Brink: Community Card Pack,promo,,,1,0,55,Brink,PRESENT,yes,,community,1,Brink — community,MISSING,
208,Brink: Bonus Hex Pack,promo,,,1,0,55,Brink,PRESENT,yes,,hex,1,Brink — hex,MISSING,
209,Brink: Player Ships and Attachment Miniatures,accessory,,,1,0,55,Brink,PRESENT,yes,,ships and attachment,1,Brink — ships and attachment,MISSING,
210,Brink: Faction Objective Miniatures,accessory,,,1,0,55,Brink,PRESENT,yes,,faction objective,1,Brink — faction objective,MISSING,
211,Brink: Player and Organizational Trays,accessory,,,1,0,55,Brink,PRESENT,yes,,organizational,1,Brink — organizational,MISSING,
212,Brink: Custom Influence Cubes,accessory,,,1,0,55,Brink,PRESENT,yes,,influence,1,Brink — influence,MISSING,
213,Brink: Holofoil Box,accessory,,,1,0,55,Brink,PRESENT,yes,,,0,Brink,PRESENT,55
214,Brink: Holofoil Ambassador & Faction Objective Cards,promo,,,1,0,55,Brink,PRESENT,yes,,ambassador & faction objective,1,Brink — ambassador & faction objective,MISSING,
215,"Brink: Pre-painted Ship, Attachment, and Faction Objective Miniatures",accessory,,,1,0,55,Brink,PRESENT,yes,,ship attachment and faction objective,1,Brink — ship attachment and faction objective,MISSING,
216,Brink: Sleeves,accessory,,,1,0,55,Brink,PRESENT,yes,,,0,Brink,PRESENT,55
217,Brink: Mat,accessory,,,1,0,55,Brink,PRESENT,yes,,,0,Brink,PRESENT,55
218,Moonrakers: Frontier Micro-Expansion,expansion,,,1,0,100,Moonrakers: Titan Edition,PRESENT,yes,,,0,Moonrakers: Titan Edition,PRESENT,100
219,Super Boss Monster: Neoprene Town Mat,accessory,Boss Monster,,1,0,95,Super Boss Monster,PRESENT,yes,,town,1,Super Boss Monster — town,MISSING,
220,Super Boss Monster: Wooden Game Tokens,accessory,Boss Monster,,1,0,95,Super Boss Monster,PRESENT,yes,,,0,Super Boss Monster,PRESENT,95
221,Super Boss Monster: Collector's Big Box,accessory,Boss Monster,,1,0,95,Super Boss Monster,PRESENT,yes,,big,1,Super Boss Monster — big,MISSING,
222,Super Boss Monster: Neoprene Player Dungeon Mats,accessory,Boss Monster,,1,0,95,Super Boss Monster,PRESENT,yes,,dungeon,1,Super Boss Monster — dungeon,MISSING,
223,Super Boss Monster: Kickstarter Pack of Promo Cards,promo,Boss Monster,,1,0,95,Super Boss Monster,PRESENT,yes,,,0,Super Boss Monster,PRESENT,95
225,Dice Throne X-Men: Dice Tray,accessory,Dice Throne,,1,0,96,Dice Throne: X-Men,PRESENT,yes,,,0,Dice Throne: X-Men,PRESENT,96
228,Dice Throne X-Men: Promo Pack,promo,Dice Throne,,1,0,96,Dice Throne: X-Men,PRESENT,yes,,,0,Dice Throne: X-Men,PRESENT,96
229,Marvel Dice Throne: Token Upgrades,accessory,Dice Throne,,1,0,677,Marvel Dice Throne,PRESENT,yes,,,0,Marvel Dice Throne,PRESENT,677
230,Dice Throne X-Men: Token Upgrades,accessory,Dice Throne,,1,0,96,Dice Throne: X-Men,PRESENT,yes,,,0,Dice Throne: X-Men,PRESENT,96
231,Deep Rock Galactic: Bulk Detonator Miniature Expansion,expansion,,,1,0,105,Deep Rock Galactic: The Board Game,PRESENT,yes,,,0,Deep Rock Galactic: The Board Game,PRESENT,105
232,Deep Rock Galactic: Tyrant Weed Miniature Expansion,expansion,,,1,0,105,Deep Rock Galactic: The Board Game,PRESENT,yes,,,0,Deep Rock Galactic: The Board Game,PRESENT,105
233,Deep Rock Galactic: Memorial Hall Dwarf Miniature (KS Exclusive),promo,,,1,0,105,Deep Rock Galactic: The Board Game,PRESENT,yes,,memorial hall dwarf,1,Deep Rock Galactic: The Board Game — memorial hall dwarf,MISSING,
234,Deep Rock Galactic: Beer Coasters,accessory,,,1,0,105,Deep Rock Galactic: The Board Game,PRESENT,yes,,beer,1,Deep Rock Galactic: The Board Game — beer,MISSING,
235,Deep Rock Galactic: Mixed Missions Book,expansion,,,1,0,105,Deep Rock Galactic: The Board Game,PRESENT,yes,,,0,Deep Rock Galactic: The Board Game,PRESENT,105
236,Deep Rock Galactic: Expansions Dice Tray,accessory,,422829,1,0,105,Deep Rock Galactic: The Board Game,PRESENT,yes,,,0,Deep Rock Galactic: The Board Game,PRESENT,105
237,Deep Rock Galactic: Expansions Plastic Tokens,accessory,,,1,0,105,Deep Rock Galactic: The Board Game,PRESENT,yes,,,0,Deep Rock Galactic: The Board Game,PRESENT,105
238,Command of Nature: Sand & Wind Expansion,expansion,,392144,1,0,97,Command of Nature,PRESENT,yes,,,0,Command of Nature,PRESENT,97
239,Command of Nature: Commemorative Enamel Pin,accessory,,,1,0,97,Command of Nature,PRESENT,yes,,,0,Command of Nature,PRESENT,97
240,Command of Nature: KS Exclusive Vinyl Figure Box,accessory,,,1,0,97,Command of Nature,PRESENT,yes,,,0,Command of Nature,PRESENT,97
241,Command of Nature: Holographic Sage Cards,promo,,,1,0,97,Command of Nature,PRESENT,yes,,sage,1,Command of Nature — sage,MISSING,
242,Command of Nature: KS Exclusive Play Mat Bundle Box,accessory,,,1,0,97,Command of Nature,PRESENT,yes,,,0,Command of Nature,PRESENT,97
243,Command of Nature: KS Exclusive Elemental Play Mats,accessory,,,1,0,97,Command of Nature,PRESENT,yes,,elemental,1,Command of Nature — elemental,MISSING,
244,Command of Nature: KS Exclusive Market Play Mat,accessory,,,1,0,97,Command of Nature,PRESENT,yes,,market,1,Command of Nature — market,MISSING,
245,Command of Nature: Acrylic Standees,accessory,,,1,0,97,Command of Nature,PRESENT,yes,,,0,Command of Nature,PRESENT,97
246,Command of Nature: Card Sleeves,accessory,,,1,0,97,Command of Nature,PRESENT,yes,,,0,Command of Nature,PRESENT,97
247,"Fractured Sky: Pre-painted Airships, Fortresses, Markets, and Skimmers",accessory,,,1,0,53,Fractured Sky,PRESENT,yes,,airships fortresses markets and skimmers,1,Fractured Sky — airships fortresses markets and skimmers,MISSING,
248,Fractured Sky: Magnetic Airships & Troop Power Tokens,accessory,,,1,0,53,Fractured Sky,PRESENT,yes,,airships & troop power,1,Fractured Sky — airships & troop power,MISSING,
249,Fractured Sky: Holofoil Objective Cards,promo,,,1,0,53,Fractured Sky,PRESENT,yes,,objective,1,Fractured Sky — objective,MISSING,
250,Fractured Sky: Holofoil Box,accessory,,,1,0,53,Fractured Sky,PRESENT,yes,,,0,Fractured Sky,PRESENT,53
251,Fractured Sky: Black Magic Custom Organizer,accessory,,,1,0,53,Fractured Sky,PRESENT,yes,,magic,2,Fractured Sky — magic,MISSING,
252,Fractured Sky: Black Magic Custom Trays,accessory,,,1,0,53,Fractured Sky,PRESENT,yes,,magic,2,Fractured Sky — magic,MISSING,
253,Fractured Sky: Lenticular Starfall Cards (KS Exclusive),promo,,,1,0,53,Fractured Sky,PRESENT,yes,,lenticular starfall,1,Fractured Sky — lenticular starfall,MISSING,
254,Slay the Spire: Character Playmats,accessory,,440472,1,0,46,Slay the Spire: The Board Game,PRESENT,yes,,,0,Slay the Spire: The Board Game,PRESENT,46
255,Slay the Spire: Metal Coins & Merchant Bag,accessory,,440471,1,0,46,Slay the Spire: The Board Game,PRESENT,yes,,merchant,1,Slay the Spire: The Board Game — merchant,MISSING,
256,Slay the Spire: Claw Pack,promo,,,1,0,46,Slay the Spire: The Board Game,PRESENT,yes,,claw,1,Slay the Spire: The Board Game — claw,MISSING,
257,Slay the Spire: Beta Art,promo,,420682,1,0,46,Slay the Spire: The Board Game,PRESENT,yes,,beta,1,Slay the Spire: The Board Game — beta,MISSING,
258,Slay the Spire: Table Playmat & Carry Bag,accessory,,440473,1,0,46,Slay the Spire: The Board Game,PRESENT,yes,,,0,Slay the Spire: The Board Game,PRESENT,46
259,Savage: Table Mat with EVA Carry Bag,accessory,,,1,0,68,Savage,PRESENT,yes,,,0,Savage,PRESENT,68
260,Savage: Black Walnut Life Tokens,accessory,,,1,0,68,Savage,PRESENT,yes,,life,1,Savage — life,MISSING,
261,Savage: Black Walnut Leader Token,accessory,,,1,0,68,Savage,PRESENT,yes,,,0,Savage,PRESENT,68
262,Savage: Sky Blue Card Sleeves,accessory,,,1,0,68,Savage,PRESENT,yes,,,0,Savage,PRESENT,68
263,Taverns & Dragons: Sneaky Goblin Expansion,expansion,,,1,0,66,Taverns & Dragons,PRESENT,yes,,,0,Taverns & Dragons,PRESENT,66
264,Taverns & Dragons: Pyrodruid Solo Mode,expansion,,,1,0,66,Taverns & Dragons,PRESENT,yes,,,0,Taverns & Dragons,PRESENT,66
265,Taverns & Dragons: Quest Cards,promo,,,1,0,66,Taverns & Dragons,PRESENT,yes,,quest,1,Taverns & Dragons — quest,MISSING,
266,Moon: Custom Sleeves,accessory,,,1,0,98,Moon,PRESENT,yes,,,0,Moon,PRESENT,98
267,Moonrakers: Binding Ties Expansion,expansion,,,1,0,100,Moonrakers: Titan Edition,PRESENT,yes,,,0,Moonrakers: Titan Edition,PRESENT,100
268,Moonrakers: Overload Expansion,expansion,,,1,0,100,Moonrakers: Titan Edition,PRESENT,yes,,,0,Moonrakers: Titan Edition,PRESENT,100
269,Moonrakers: Nomad Expansion,expansion,,,1,0,100,Moonrakers: Titan Edition,PRESENT,yes,,,0,Moonrakers: Titan Edition,PRESENT,100
270,Moonrakers: Game Trayz Custom Insert,accessory,,,1,0,100,Moonrakers: Titan Edition,PRESENT,yes,,trayz,1,Moonrakers: Titan Edition — trayz,MISSING,
271,Moonrakers: Holo Upgrade Pack,promo,,,1,0,100,Moonrakers: Titan Edition,PRESENT,yes,,holo,1,Moonrakers: Titan Edition — holo,MISSING,
273,Dice Throne Adventures: Santa's Workshop 2022 Promo Pack,promo,Dice Throne,,1,0,104,Dice Throne: Santa vs Krampus,PRESENT,yes,,adventures santa's workshop 2022,1,Dice Throne: Santa vs Krampus — adventures santa's workshop 2022,MISSING,
275,Tidal Blades 2: Deluxe Miniature and Resource Set,accessory,Tidal Blades,,1,0,102,Tidal Blades 2: Rise of the Unfolders,PRESENT,yes,,resource,1,Tidal Blades 2: Rise of the Unfolders — resource,MISSING,
276,Tidal Blades 2: Exclusive Promo Scenarios,promo,Tidal Blades,,1,0,102,Tidal Blades 2: Rise of the Unfolders,PRESENT,yes,,scenarios,1,Tidal Blades 2: Rise of the Unfolders — scenarios,MISSING,
278,Casting Shadows: Card Sleeves,accessory,,404827,1,0,101,Casting Shadows,PRESENT,yes,,,0,Casting Shadows,PRESENT,101
279,Casting Shadows: KS Exclusive Play Mats,accessory,,,1,0,101,Casting Shadows,PRESENT,yes,,,0,Casting Shadows,PRESENT,101
280,Casting Shadows: KS Exclusive Central Board,accessory,,,1,0,101,Casting Shadows,PRESENT,yes,,,0,Casting Shadows,PRESENT,101
281,Casting Shadows: Acrylic Standee Sets,accessory,,,1,0,101,Casting Shadows,PRESENT,yes,,,0,Casting Shadows,PRESENT,101
282,Casting Shadows: Vinyl Figure Sets,accessory,,,1,0,101,Casting Shadows,PRESENT,yes,,,0,Casting Shadows,PRESENT,101
283,Deep Rock Galactic: Beer Mug Event Marker (KS Exclusive),promo,,,1,0,105,Deep Rock Galactic: The Board Game,PRESENT,yes,,beer mug event,1,Deep Rock Galactic: The Board Game — beer mug event,MISSING,
284,Deep Rock Galactic: Neoprene Game Mat,accessory,,,1,0,105,Deep Rock Galactic: The Board Game,PRESENT,yes,,,0,Deep Rock Galactic: The Board Game,PRESENT,105
285,Deep Rock Galactic: Large Mouse Mat,accessory,,,1,0,105,Deep Rock Galactic: The Board Game,PRESENT,yes,,,0,Deep Rock Galactic: The Board Game,PRESENT,105
286,Deep Rock Galactic: Dwarf Art Prints,accessory,,,1,0,105,Deep Rock Galactic: The Board Game,PRESENT,yes,,dwarf,1,Deep Rock Galactic: The Board Game — dwarf,MISSING,
287,Deep Rock Galactic: Plastic Card Sleeves,accessory,,,1,0,105,Deep Rock Galactic: The Board Game,PRESENT,yes,,,0,Deep Rock Galactic: The Board Game,PRESENT,105
288,The Binding of Isaac: Four Souls+ Expansion,expansion,,269477,1,0,108,The Binding of Isaac: Four Souls,PRESENT,yes,,,0,The Binding of Isaac: Four Souls,PRESENT,108
289,The Binding of Isaac: Four Souls - Ultimate Collector Edition Box,accessory,,,1,0,108,The Binding of Isaac: Four Souls,PRESENT,yes,,,0,The Binding of Isaac: Four Souls,PRESENT,108
290,The Binding of Isaac: Four Souls - Collector's Dice,accessory,,,1,0,108,The Binding of Isaac: Four Souls,PRESENT,yes,,,0,The Binding of Isaac: Four Souls,PRESENT,108
291,The Binding of Isaac: Four Souls - Coin Bag,accessory,,,1,0,108,The Binding of Isaac: Four Souls,PRESENT,yes,,,0,The Binding of Isaac: Four Souls,PRESENT,108
292,The Binding of Isaac: Four Souls - Winged Isaac Figure (KS Exclusive),accessory,,,1,0,108,The Binding of Isaac: Four Souls,PRESENT,yes,,winged isaac,1,The Binding of Isaac: Four Souls — winged isaac,MISSING,
293,The Binding of Isaac: Four Souls - Warp Zone & Alt Art Cards,promo,,,1,0,108,The Binding of Isaac: Four Souls,PRESENT,yes,,warp zone,1,The Binding of Isaac: Four Souls — warp zone,MISSING,
294,Here to Slay: KS Exclusive Monster Expansion Pack,expansion,Here to Slay,,1,0,107,Here to Slay,PRESENT,yes,,,0,Here to Slay,PRESENT,107
295,Here to Slay: KS Exclusive Dragon Sorcerers Expansion Pack,expansion,Here to Slay,,1,0,107,Here to Slay,PRESENT,yes,,,0,Here to Slay,PRESENT,107
296,Here to Slay: KS Exclusive Individual Player Play Mats,accessory,Here to Slay,,1,0,107,Here to Slay,PRESENT,yes,,,0,Here to Slay,PRESENT,107
297,Here to Slay: KS Exclusive Central Play Mat,accessory,Here to Slay,369040,1,0,107,Here to Slay,PRESENT,yes,,,0,Here to Slay,PRESENT,107
298,Here to Slay: KS Exclusive Dragon Individual Player Play Mat,accessory,Here to Slay,,1,0,107,Here to Slay,PRESENT,yes,,dragon,2,Here to Slay — dragon,PRESENT,Here to Slay: KS Exclusive Dragon Sorcerers Expansion Pack / Here to Slay: Dragon Sorcerer Expansion
299,Here to Slay: Base Game Card Sleeves,accessory,Here to Slay,,1,0,107,Here to Slay,PRESENT,yes,,,0,Here to Slay,PRESENT,107
300,Here to Slay: Hero Meeples,accessory,Here to Slay,,1,0,107,Here to Slay,PRESENT,yes,,,0,Here to Slay,PRESENT,107
301,Here to Slay: KS Exclusive Party Leader Acrylic Standees,accessory,Here to Slay,369501,1,0,107,Here to Slay,PRESENT,yes,,,0,Here to Slay,PRESENT,107
302,Here to Slay: KS Exclusive Dragon Party Leader Acrylic Standee,accessory,Here to Slay,,1,0,107,Here to Slay,PRESENT,yes,,dragon,2,Here to Slay — dragon,PRESENT,Here to Slay: KS Exclusive Dragon Sorcerers Expansion Pack / Here to Slay: Dragon Sorcerer Expansion
303,The Binding of Isaac: Four Souls - Gold Box Expansion,expansion,,,1,0,108,The Binding of Isaac: Four Souls,PRESENT,yes,,,0,The Binding of Isaac: Four Souls,PRESENT,108
304,Aeon's End: Return to Gravehold,expansion,,318951,1,0,60,Aeon's End: Outcasts,AMBIGUOUS,yes,"root is kind='expansion', not a base game",,0,Aeon's End: Outcasts,AMBIGUOUS,
305,Realm of Reckoning: New Foundations Expansion,expansion,,471458,1,0,110,Realm of Reckoning,PRESENT,yes,,,0,Realm of Reckoning,PRESENT,110
306,Realm of Reckoning: Playmat,accessory,,462754,1,0,110,Realm of Reckoning,PRESENT,yes,,,0,Realm of Reckoning,PRESENT,110
307,Realm of Reckoning: Metal Coins,accessory,,462756,1,0,110,Realm of Reckoning,PRESENT,yes,,,0,Realm of Reckoning,PRESENT,110
308,Realm of Reckoning: Metal Monuments,accessory,,462757,1,0,110,Realm of Reckoning,PRESENT,yes,,monuments,1,Realm of Reckoning — monuments,MISSING,
309,Realm of Reckoning: Screen-Printed Cloth Bags,accessory,,462759,1,0,110,Realm of Reckoning,PRESENT,yes,,printed,1,Realm of Reckoning — printed,MISSING,
310,Realm of Reckoning: Card Sleeves,accessory,,,1,0,110,Realm of Reckoning,PRESENT,yes,,,0,Realm of Reckoning,PRESENT,110
311,Pillars of Fate: Community Card Pack,promo,,,1,0,112,Pillars of Fate,PRESENT,yes,,community,1,Pillars of Fate — community,MISSING,
312,Pillars of Fate: Neoprene Mat,accessory,,,1,0,112,Pillars of Fate,PRESENT,yes,,,0,Pillars of Fate,PRESENT,112
313,Pillars of Fate: Card Sleeves,accessory,,,1,0,112,Pillars of Fate,PRESENT,yes,,,0,Pillars of Fate,PRESENT,112
314,Terraria: Neoprene Character Mats,accessory,,,1,0,109,Terraria: The Board Game,PRESENT,yes,,,0,Terraria: The Board Game,PRESENT,109
315,Terraria: Custom Wooden Character Pack,accessory,,,1,0,109,Terraria: The Board Game,PRESENT,yes,,,0,Terraria: The Board Game,PRESENT,109
316,Terraria: Dice Tray,accessory,,,1,0,109,Terraria: The Board Game,PRESENT,yes,,,0,Terraria: The Board Game,PRESENT,109
317,Terraria: Action Card Sleeve Pack,accessory,,,1,0,109,Terraria: The Board Game,PRESENT,yes,,action,1,Terraria: The Board Game — action,MISSING,
318,Terraria: World Playmat,accessory,,,1,0,109,Terraria: The Board Game,PRESENT,yes,,world,1,Terraria: The Board Game — world,MISSING,
319,Boss Monster: The Next Level,expansion,Boss Monster,,1,0,113,Boss Monster 10th Anniversary Edition,PRESENT,yes,,,0,Boss Monster 10th Anniversary Edition,PRESENT,113
320,Boss Monster: Rise of the Minibosses,expansion,Boss Monster,,1,0,113,Boss Monster 10th Anniversary Edition,PRESENT,yes,,,0,Boss Monster 10th Anniversary Edition,PRESENT,113
321,Boss Monster: Tools of Hero-kind,expansion,Boss Monster,133772,1,0,113,Boss Monster 10th Anniversary Edition,PRESENT,yes,,,0,Boss Monster 10th Anniversary Edition,PRESENT,113
322,Boss Monster: Crash Landing,expansion,Boss Monster,202831,1,0,113,Boss Monster 10th Anniversary Edition,PRESENT,yes,,,0,Boss Monster 10th Anniversary Edition,PRESENT,113
323,Boss Monster: Implements of Destruction,expansion,Boss Monster,225319,1,0,113,Boss Monster 10th Anniversary Edition,PRESENT,yes,,,0,Boss Monster 10th Anniversary Edition,PRESENT,113
324,Boss Monster: Vault of Villains,expansion,Boss Monster,310974,1,0,113,Boss Monster 10th Anniversary Edition,PRESENT,yes,,,0,Boss Monster 10th Anniversary Edition,PRESENT,113
325,Marvel Dice Throne Missions: Card Sleeves,accessory,Dice Throne,,1,0,115,Marvel Dice Throne: Missions,PRESENT,yes,,,0,Marvel Dice Throne: Missions,PRESENT,115
326,Marvel Dice Throne Missions: Promo Pack,promo,Dice Throne,,1,0,115,Marvel Dice Throne: Missions,PRESENT,yes,,,0,Marvel Dice Throne: Missions,PRESENT,115
327,Marvel Dice Throne Missions: Token Upgrades,accessory,Dice Throne,,1,0,115,Marvel Dice Throne: Missions,PRESENT,yes,,,0,Marvel Dice Throne: Missions,PRESENT,115
328,Tidal Blades: Cypher System Exclusive Promo XP Deck,promo,Tidal Blades,,1,0,116,Tidal Blades: Cypher System RPG Corebook,PRESENT,yes,,xp,1,Tidal Blades: Cypher System RPG Corebook — xp,MISSING,
332,The Lord of the Rings: Ascension - Premium Components,accessory,Ascension,,1,0,329,The Lord of the Rings: The Fellowship of the Ring - Ascension (Deluxe Edition),PRESENT,yes,,ascension,1,The Lord of the Rings: The Fellowship of the Ring - Ascension (Deluxe Edition) — ascension,AMBIGUOUS,The Lord of the Rings: The Fellowship of the Ring - Ascension (Deluxe Edition) / Ascension 15th Anniversary Collector's Edition / Ascension 4th Edition (Center Deck Set) / Ascension Return of the Fallen (Center Deck Set) / Ascension Storm of Souls (Center Deck Set) / Ascension Immortal Heroes (Center Deck Set) / Ascension Darkness Unleashed (Center Deck Set) / Ascension Rise of Vigil (Center Deck Set) / Ascension Dreamscape (Center Deck Set) / Ascension Realms Unraveled (Center Deck Set) / Ascension Dawn of Champions (Center Deck Set) / Ascension Valley of the Ancients (Center Deck Set) / Ascension War of Shadows (Center Deck Set) / Ascension Gift of the Elements (Center Deck Set) / Ascension Delirium (Center Deck Set) / Ascension Deliverance (Center Deck Set) / Ascension Skulls & Sails (Center Deck Set) / Ascension Curse of the Golden Isles (Center Deck Set) / Ascension Legends (Center Deck Set)
333,The Lord of the Rings: Ascension - Metal Runes & Power Trackers,accessory,Ascension,,1,0,329,The Lord of the Rings: The Fellowship of the Ring - Ascension (Deluxe Edition),PRESENT,yes,,ascension - metal runes & power trackers,1,The Lord of the Rings: The Fellowship of the Ring - Ascension (Deluxe Edition) — ascension - metal runes & power trackers,MISSING,
334,The Lord of the Rings: Ascension - Premium Acrylic Standees (x14),accessory,Ascension,,1,0,329,The Lord of the Rings: The Fellowship of the Ring - Ascension (Deluxe Edition),PRESENT,yes,,ascension - premium acrylic standees x14,1,The Lord of the Rings: The Fellowship of the Ring - Ascension (Deluxe Edition) — ascension - premium acrylic standees x14,MISSING,
335,The Lord of the Rings: Ascension - Honor Coins,accessory,Ascension,,1,0,329,The Lord of the Rings: The Fellowship of the Ring - Ascension (Deluxe Edition),PRESENT,yes,,ascension - honor,1,The Lord of the Rings: The Fellowship of the Ring - Ascension (Deluxe Edition) — ascension - honor,MISSING,
336,The Lord of the Rings: Ascension - Premium The Fellowship of the Ring Board,accessory,Ascension,,1,0,329,The Lord of the Rings: The Fellowship of the Ring - Ascension (Deluxe Edition),PRESENT,yes,,ascension - premium the fellowship of the ring,1,The Lord of the Rings: The Fellowship of the Ring - Ascension (Deluxe Edition) — ascension - premium the fellowship of the ring,MISSING,
337,The Lord of the Rings: Ascension - Premium The Two Towers Board,accessory,Ascension,,1,0,330,The Lord of the Rings: The Two Towers - Ascension (Deluxe Edition),PRESENT,yes,,ascension - premium the two,1,The Lord of the Rings: The Two Towers - Ascension (Deluxe Edition) — ascension - premium the two,MISSING,
338,The Lord of the Rings: Ascension - Premium The Return of the King Board,accessory,Ascension,,1,0,331,The Lord of the Rings: The Return of the King - Ascension (Deluxe Edition),PRESENT,yes,,ascension - premium the return of the king,1,The Lord of the Rings: The Return of the King - Ascension (Deluxe Edition) — ascension - premium the return of the king,MISSING,
339,"The Lord of the Rings: Ascension - Oversized Serialized ""The One Ring"" Card",promo,Ascension,,1,0,329,The Lord of the Rings: The Fellowship of the Ring - Ascension (Deluxe Edition),PRESENT,yes,,ascension - oversized serialized the one ring,1,The Lord of the Rings: The Fellowship of the Ring - Ascension (Deluxe Edition) — ascension - oversized serialized the one ring,MISSING,
340,The Lord of the Rings: Ascension - Epic Card Pack (Gamefound Exclusive),promo,Ascension,,1,0,329,The Lord of the Rings: The Fellowship of the Ring - Ascension (Deluxe Edition),PRESENT,yes,,ascension - epic card pack gamefound,1,The Lord of the Rings: The Fellowship of the Ring - Ascension (Deluxe Edition) — ascension - epic card pack gamefound,MISSING,
342,Altera: Wood Upgrades,accessory,,,1,0,341,Altera,PRESENT,yes,,,0,Altera,PRESENT,341
343,Altera: Shard Upgrades,accessory,,,1,0,341,Altera,PRESENT,yes,,shard,1,Altera — shard,MISSING,
344,Altera: Neoprene Playmat,accessory,,,1,0,341,Altera,PRESENT,yes,,,0,Altera,PRESENT,341
345,Altera: 5+6 Player Expansion,expansion,,473169,1,0,341,Altera,PRESENT,yes,,,0,Altera,PRESENT,341
346,Altera: Metal Coins,accessory,,,1,0,341,Altera,PRESENT,yes,,,0,Altera,PRESENT,341
347,Altera: Dice Trays - Base Game,accessory,,,1,0,341,Altera,PRESENT,yes,,,0,Altera,PRESENT,341
348,Altera: Dice Trays - 5-6 Player,accessory,,,1,0,341,Altera,PRESENT,yes,,5 - 6,1,Altera — 5 - 6,MISSING,
349,Altera: Wood Villa Boards,accessory,,,1,0,341,Altera,PRESENT,yes,,villa,1,Altera — villa,MISSING,
350,Altera: Sleeves,accessory,,,1,0,341,Altera,PRESENT,yes,,,0,Altera,PRESENT,341
351,Slay the Spire: Downfall - Campaign Exclusives,promo,,,1,0,46,Slay the Spire: The Board Game,PRESENT,yes,,downfall - campaign,1,Slay the Spire: The Board Game — downfall - campaign,MISSING,
353,Mystic Moon: Full Moon Box Set,expansion,,455743,1,0,352,Mystic Moon,PRESENT,yes,,,0,Mystic Moon,PRESENT,352
357,Here to Slay Dungeons: Party Leader Box Set,accessory,Here to Slay,,1,0,354,Here to Slay Dungeons: Molten | Overgrown (Deluxe Edition),PRESENT,yes,,,0,Here to Slay Dungeons: Molten | Overgrown (Deluxe Edition),PRESENT,354
358,Here to Slay Dungeons: Card Sleeves & Dividers,accessory,Here to Slay,,1,0,354,Here to Slay Dungeons: Molten | Overgrown (Deluxe Edition),PRESENT,yes,,,0,Here to Slay Dungeons: Molten | Overgrown (Deluxe Edition),PRESENT,354
359,Here to Slay Dungeons: Hero Vinyl Figure Set - Molten | Overgrown,accessory,Here to Slay,,1,0,354,Here to Slay Dungeons: Molten | Overgrown (Deluxe Edition),PRESENT,yes,,molten | overgrown,2,Here to Slay Dungeons: Molten | Overgrown (Deluxe Edition) — molten | overgrown,PRESENT,Here to Slay Dungeons: Molten | Overgrown (Deluxe Edition)
360,Here to Slay Dungeons: Hero Vinyl Figure Set - Dreamscape | Nightmare,accessory,Here to Slay,,1,0,355,Here to Slay Dungeons: Dreamscape | Nightmare (Deluxe Edition),PRESENT,yes,,dreamscape | nightmare,2,Here to Slay Dungeons: Dreamscape | Nightmare (Deluxe Edition) — dreamscape | nightmare,PRESENT,Here to Slay Dungeons: Dreamscape | Nightmare (Deluxe Edition)
361,Here to Slay Dungeons: Hero Vinyl Figure Set - Submerged | Deep Freeze,accessory,Here to Slay,,1,0,356,Here to Slay Dungeons: Submerged | Deep Freeze (Deluxe Edition),PRESENT,yes,,submerged | deep freeze,2,Here to Slay Dungeons: Submerged | Deep Freeze (Deluxe Edition) — submerged | deep freeze,PRESENT,Here to Slay Dungeons: Submerged | Deep Freeze (Deluxe Edition)
362,Here to Slay Dungeons: Boss Vinyl Figure Set - Molten | Overgrown Dungeon,accessory,Here to Slay,,1,0,354,Here to Slay Dungeons: Molten | Overgrown (Deluxe Edition),PRESENT,yes,,molten | overgrown dungeon,1,Here to Slay Dungeons: Molten | Overgrown (Deluxe Edition) — molten | overgrown dungeon,MISSING,
363,Here to Slay Dungeons: Boss Vinyl Figure Set - Dreamscape | Nightmare Dungeon,accessory,Here to Slay,,1,0,355,Here to Slay Dungeons: Dreamscape | Nightmare (Deluxe Edition),PRESENT,yes,,dreamscape | nightmare dungeon,1,Here to Slay Dungeons: Dreamscape | Nightmare (Deluxe Edition) — dreamscape | nightmare dungeon,MISSING,
364,Here to Slay Dungeons: Boss Vinyl Figure Set - Submerged | Deep Freeze Dungeon,accessory,Here to Slay,,1,0,356,Here to Slay Dungeons: Submerged | Deep Freeze (Deluxe Edition),PRESENT,yes,,submerged | deep freeze dungeon,1,Here to Slay Dungeons: Submerged | Deep Freeze (Deluxe Edition) — submerged | deep freeze dungeon,MISSING,
365,Here to Slay Dungeons: Play Mat Set - Molten | Overgrown,accessory,Here to Slay,,1,0,354,Here to Slay Dungeons: Molten | Overgrown (Deluxe Edition),PRESENT,yes,,molten | overgrown,2,Here to Slay Dungeons: Molten | Overgrown (Deluxe Edition) — molten | overgrown,PRESENT,Here to Slay Dungeons: Molten | Overgrown (Deluxe Edition)
366,Here to Slay Dungeons: Play Mat Set - Dreamscape | Nightmare,accessory,Here to Slay,,1,0,355,Here to Slay Dungeons: Dreamscape | Nightmare (Deluxe Edition),PRESENT,yes,,dreamscape | nightmare,2,Here to Slay Dungeons: Dreamscape | Nightmare (Deluxe Edition) — dreamscape | nightmare,PRESENT,Here to Slay Dungeons: Dreamscape | Nightmare (Deluxe Edition)
367,Here to Slay Dungeons: Play Mat Set - Submerged | Deep Freeze,accessory,Here to Slay,,1,0,356,Here to Slay Dungeons: Submerged | Deep Freeze (Deluxe Edition),PRESENT,yes,,submerged | deep freeze,2,Here to Slay Dungeons: Submerged | Deep Freeze (Deluxe Edition) — submerged | deep freeze,PRESENT,Here to Slay Dungeons: Submerged | Deep Freeze (Deluxe Edition)
368,Here to Slay Dungeons: Central Play Mat,accessory,Here to Slay,,1,0,354,Here to Slay Dungeons: Molten | Overgrown (Deluxe Edition),PRESENT,yes,,,0,Here to Slay Dungeons: Molten | Overgrown (Deluxe Edition),PRESENT,354
372,Pangea Gaming Table 4x6 (Dark Walnut),accessory,,,1,0,372,Pangea Gaming Table 4x6 (Dark Walnut),AMBIGUOUS,yes,"self-rooted: this accessory is its own root, so no base game is implied",,0,Pangea Gaming Table 4x6 (Dark Walnut),AMBIGUOUS,
373,Zola Tristar Grid Play Mat with Case (3x5),accessory,,,1,0,372,Pangea Gaming Table 4x6 (Dark Walnut),AMBIGUOUS,no,"root is kind='accessory', not a base game",,0,Pangea Gaming Table 4x6 (Dark Walnut),AMBIGUOUS,
374,Lucid Dice Tower,accessory,,,1,0,372,Pangea Gaming Table 4x6 (Dark Walnut),AMBIGUOUS,no,"root is kind='accessory', not a base game",,0,Pangea Gaming Table 4x6 (Dark Walnut),AMBIGUOUS,
378,ELDEN RING: Rot & Sorcery - Flying Dragon Agheel Expansion (Exclusive),expansion,Elden Ring: Rot & Sorcery,,1,0,375,ELDEN RING: Rot & Sorcery - Realm of the Grafted King Core Box,PRESENT,yes,,,0,ELDEN RING: Rot & Sorcery - Realm of the Grafted King Core Box,PRESENT,375
379,ELDEN RING: Rot & Sorcery - Erdtree Avatar Expansion (Exclusive),expansion,Elden Ring: Rot & Sorcery,,1,0,375,ELDEN RING: Rot & Sorcery - Realm of the Grafted King Core Box,PRESENT,yes,,,0,ELDEN RING: Rot & Sorcery - Realm of the Grafted King Core Box,PRESENT,375
380,ELDEN RING: Rot & Sorcery - Iron Fist Alexander (Exclusive),expansion,Elden Ring: Rot & Sorcery,,1,0,375,ELDEN RING: Rot & Sorcery - Realm of the Grafted King Core Box,PRESENT,yes,,,0,ELDEN RING: Rot & Sorcery - Realm of the Grafted King Core Box,PRESENT,375
381,ELDEN RING: Rot & Sorcery - Blaidd the Half-Wolf (Exclusive),expansion,Elden Ring: Rot & Sorcery,,1,0,375,ELDEN RING: Rot & Sorcery - Realm of the Grafted King Core Box,PRESENT,yes,,,0,ELDEN RING: Rot & Sorcery - Realm of the Grafted King Core Box,PRESENT,375
382,ELDEN RING: Rot & Sorcery - Limgrave Depths (Exclusive),expansion,Elden Ring: Rot & Sorcery,,1,0,375,ELDEN RING: Rot & Sorcery - Realm of the Grafted King Core Box,PRESENT,yes,,,0,ELDEN RING: Rot & Sorcery - Realm of the Grafted King Core Box,PRESENT,375
384,Ascension 15th Anniversary Promo Pack,promo,Ascension,452723,1,0,383,Ascension 15th Anniversary Collector's Edition,PRESENT,yes,,,0,Ascension 15th Anniversary Collector's Edition,PRESENT,383
385,Ascension Collector's Carry Case,accessory,Ascension,,1,0,383,Ascension 15th Anniversary Collector's Edition,PRESENT,yes,,,0,Ascension 15th Anniversary Collector's Edition,PRESENT,383
386,Ascension 4th Edition (Center Deck Set),expansion,Ascension,,1,0,383,Ascension 15th Anniversary Collector's Edition,PRESENT,yes,,,0,Ascension 15th Anniversary Collector's Edition,PRESENT,383
387,Ascension Return of the Fallen (Center Deck Set),expansion,Ascension,474928,1,0,383,Ascension 15th Anniversary Collector's Edition,PRESENT,yes,,,0,Ascension 15th Anniversary Collector's Edition,PRESENT,383
388,Ascension Storm of Souls (Center Deck Set),expansion,Ascension,474931,1,0,383,Ascension 15th Anniversary Collector's Edition,PRESENT,yes,,,0,Ascension 15th Anniversary Collector's Edition,PRESENT,383
389,Ascension Immortal Heroes (Center Deck Set),expansion,Ascension,474933,1,0,383,Ascension 15th Anniversary Collector's Edition,PRESENT,yes,,,0,Ascension 15th Anniversary Collector's Edition,PRESENT,383
390,Ascension Darkness Unleashed (Center Deck Set),expansion,Ascension,474934,1,0,383,Ascension 15th Anniversary Collector's Edition,PRESENT,yes,,,0,Ascension 15th Anniversary Collector's Edition,PRESENT,383
391,Ascension Rise of Vigil (Center Deck Set),expansion,Ascension,474935,1,0,383,Ascension 15th Anniversary Collector's Edition,PRESENT,yes,,,0,Ascension 15th Anniversary Collector's Edition,PRESENT,383
392,Ascension Dreamscape (Center Deck Set),expansion,Ascension,469545,1,0,383,Ascension 15th Anniversary Collector's Edition,PRESENT,yes,,,0,Ascension 15th Anniversary Collector's Edition,PRESENT,383
393,Ascension Realms Unraveled (Center Deck Set),expansion,Ascension,474929,1,0,383,Ascension 15th Anniversary Collector's Edition,PRESENT,yes,,,0,Ascension 15th Anniversary Collector's Edition,PRESENT,383
394,Ascension Dawn of Champions (Center Deck Set),expansion,Ascension,474936,1,0,383,Ascension 15th Anniversary Collector's Edition,PRESENT,yes,,,0,Ascension 15th Anniversary Collector's Edition,PRESENT,383
395,Ascension Valley of the Ancients (Center Deck Set),expansion,Ascension,474937,1,0,383,Ascension 15th Anniversary Collector's Edition,PRESENT,yes,,,0,Ascension 15th Anniversary Collector's Edition,PRESENT,383
396,Ascension War of Shadows (Center Deck Set),expansion,Ascension,474938,1,0,383,Ascension 15th Anniversary Collector's Edition,PRESENT,yes,,,0,Ascension 15th Anniversary Collector's Edition,PRESENT,383
397,Ascension Gift of the Elements (Center Deck Set),expansion,Ascension,474930,1,0,383,Ascension 15th Anniversary Collector's Edition,PRESENT,yes,,,0,Ascension 15th Anniversary Collector's Edition,PRESENT,383
398,Ascension Delirium (Center Deck Set),expansion,Ascension,469366,1,0,383,Ascension 15th Anniversary Collector's Edition,PRESENT,yes,,,0,Ascension 15th Anniversary Collector's Edition,PRESENT,383
399,Ascension Deliverance (Center Deck Set),expansion,Ascension,474940,1,0,383,Ascension 15th Anniversary Collector's Edition,PRESENT,yes,,,0,Ascension 15th Anniversary Collector's Edition,PRESENT,383
400,Ascension Skulls & Sails (Center Deck Set),expansion,Ascension,469547,1,0,383,Ascension 15th Anniversary Collector's Edition,PRESENT,yes,,,0,Ascension 15th Anniversary Collector's Edition,PRESENT,383
401,Ascension Curse of the Golden Isles (Center Deck Set),expansion,Ascension,474944,1,0,383,Ascension 15th Anniversary Collector's Edition,PRESENT,yes,,,0,Ascension 15th Anniversary Collector's Edition,PRESENT,383
402,Ascension Legends (Center Deck Set),expansion,Ascension,474945,1,0,383,Ascension 15th Anniversary Collector's Edition,PRESENT,yes,,,0,Ascension 15th Anniversary Collector's Edition,PRESENT,383
403,Ascension Sleeves,accessory,Ascension,,1,0,383,Ascension 15th Anniversary Collector's Edition,PRESENT,yes,,,0,Ascension 15th Anniversary Collector's Edition,PRESENT,383
404,Ascension 15th Anniversary Playmat,accessory,Ascension,,1,0,383,Ascension 15th Anniversary Collector's Edition,PRESENT,yes,,,0,Ascension 15th Anniversary Collector's Edition,PRESENT,383
405,Ark Nova 3Dition: Box 1 (Special Building + Big Box),accessory,,,1,0,428,Ark Nova,PRESENT,yes,,3dition box 1 special building big,1,Ark Nova — 3dition box 1 special building big,MISSING,
406,"Ark Nova 3Dition: Box 2 (Basic Enclosures, Fences, Kiosks, Pavillions)",accessory,,,1,0,428,Ark Nova,PRESENT,yes,,3dition box 2 basic enclosures fences kiosks pavillions,1,Ark Nova — 3dition box 2 basic enclosures fences kiosks pavillions,MISSING,
407,Ark Nova 3Dition: Premium Acryl Tiles Set,accessory,,,1,0,428,Ark Nova,PRESENT,yes,,3dition premium acryl,1,Ark Nova — 3dition premium acryl,MISSING,
408,Ark Nova 3Dition: Deluxe Player Boards (4x) with Action Tiles,accessory,,,1,0,428,Ark Nova,PRESENT,yes,,3dition deluxe player boards 4x with action,1,Ark Nova — 3dition deluxe player boards 4x with action,MISSING,
409,Ark Nova 3Dition: Premium Metal Coins,accessory,,,1,0,428,Ark Nova,PRESENT,yes,,3dition,2,Ark Nova — 3dition,MISSING,
410,Ark Nova 3Dition: Premium Neoprene Playmats (2x),accessory,,,1,0,428,Ark Nova,PRESENT,yes,,3dition premium neoprene playmats 2x,1,Ark Nova — 3dition premium neoprene playmats 2x,MISSING,
411,Ark Nova 3Dition: Board Game Arena Maps (4x),accessory,,,1,0,428,Ark Nova,PRESENT,yes,,3dition board game arena maps 4x,1,Ark Nova — 3dition board game arena maps 4x,MISSING,
412,Ark Nova 3Dition: Premium Custom Sleeves,accessory,,,1,0,428,Ark Nova,PRESENT,yes,,3dition,2,Ark Nova — 3dition,MISSING,
414,HELLDIVERS 2: Mystery Expansions,expansion,,,1,0,413,HELLDIVERS 2: The Board Game,PRESENT,yes,,,0,HELLDIVERS 2: The Board Game,PRESENT,413
415,HELLDIVERS 2: Patriot Exosuit Expansion (Exclusive),expansion,,,1,0,413,HELLDIVERS 2: The Board Game,PRESENT,yes,,,0,HELLDIVERS 2: The Board Game,PRESENT,413
416,HELLDIVERS 2: Automatons Expansion,expansion,,,1,0,413,HELLDIVERS 2: The Board Game,PRESENT,yes,,,0,HELLDIVERS 2: The Board Game,PRESENT,413
417,HELLDIVERS 2: Impaler Expansion (Exclusive),expansion,,,1,0,413,HELLDIVERS 2: The Board Game,PRESENT,yes,,,0,HELLDIVERS 2: The Board Game,PRESENT,413
418,HELLDIVERS 2: Bile Titan Expansion (Exclusive),expansion,,,1,0,413,HELLDIVERS 2: The Board Game,PRESENT,yes,,,0,HELLDIVERS 2: The Board Game,PRESENT,413
419,HELLDIVERS 2: Factory Strider Expansion (Exclusive),expansion,,,1,0,413,HELLDIVERS 2: The Board Game,PRESENT,yes,,,0,HELLDIVERS 2: The Board Game,PRESENT,413
420,HELLDIVERS 2: Deluxe Turn Tracker Coin,accessory,,,1,0,413,HELLDIVERS 2: The Board Game,PRESENT,yes,,turn tracker,1,HELLDIVERS 2: The Board Game — turn tracker,MISSING,
422,Cyberpunk 2077: Stretch Goal Box Deluxe,expansion,,,1,0,421,Cyberpunk 2077 - The Board Game,PRESENT,yes,,,0,Cyberpunk 2077 - The Board Game,PRESENT,421
423,Cyberpunk 2077: Female V with Mantis Blades,promo,,443289,1,0,421,Cyberpunk 2077 - The Board Game,PRESENT,yes,,female v with mantis blades,1,Cyberpunk 2077 - The Board Game — female v with mantis blades,MISSING,
424,Cyberpunk 2077: V with Mantis Blades,promo,,443290,1,0,421,Cyberpunk 2077 - The Board Game,PRESENT,yes,,v with mantis blades,1,Cyberpunk 2077 - The Board Game — v with mantis blades,MISSING,
425,Cyberpunk 2077: Johnny Silverhand & NCPD Expansion,expansion,,429978,1,0,421,Cyberpunk 2077 - The Board Game,PRESENT,yes,,,0,Cyberpunk 2077 - The Board Game,PRESENT,421
426,Cyberpunk 2077: Edgerunners Expansion,expansion,,,1,0,421,Cyberpunk 2077 - The Board Game,PRESENT,yes,,,0,Cyberpunk 2077 - The Board Game,PRESENT,421
427,Cyberpunk 2077: Trauma Team Expansion,expansion,,,1,0,421,Cyberpunk 2077 - The Board Game,PRESENT,yes,,,0,Cyberpunk 2077 - The Board Game,PRESENT,421
429,Ark Nova: Marine Worlds,expansion,,368966,0,1,428,Ark Nova,PRESENT,yes,,,0,Ark Nova,PRESENT,428
430,Cult of the Lamb: First Player Coin,accessory,,,1,0,83,Cult of the Lamb: The Board Game,PRESENT,yes,,,0,Cult of the Lamb: The Board Game,PRESENT,83
431,Cult of the Lamb: Bishop Follower Head Pack,accessory,,,1,0,83,Cult of the Lamb: The Board Game,PRESENT,yes,,bishop follower head,1,Cult of the Lamb: The Board Game — bishop follower head,MISSING,
432,Cult of the Lamb: Deluxe Organiser,accessory,,,1,0,83,Cult of the Lamb: The Board Game,PRESENT,yes,,,0,Cult of the Lamb: The Board Game,PRESENT,83
433,Cult of the Lamb: Single-Colour Follower Miniatures & Wooden Heads,accessory,,,1,0,83,Cult of the Lamb: The Board Game,PRESENT,yes,,colour follower miniatures & wooden heads,1,Cult of the Lamb: The Board Game — colour follower miniatures & wooden heads,MISSING,
434,Pangea Gaming Table Frame (4x6) (Dark Walnut),accessory,,,1,0,372,Pangea Gaming Table 4x6 (Dark Walnut),AMBIGUOUS,yes,"root is kind='accessory', not a base game",,0,Pangea Gaming Table 4x6 (Dark Walnut),AMBIGUOUS,
435,Pangea Gaming Table Base Panels (4x6) (Dark Walnut),accessory,,,1,0,372,Pangea Gaming Table 4x6 (Dark Walnut),AMBIGUOUS,yes,"root is kind='accessory', not a base game",,0,Pangea Gaming Table 4x6 (Dark Walnut),AMBIGUOUS,
436,Pangea Gaming Table Toppers (4x6) (Dark Walnut),accessory,,,1,0,372,Pangea Gaming Table 4x6 (Dark Walnut),AMBIGUOUS,yes,"root is kind='accessory', not a base game",,0,Pangea Gaming Table 4x6 (Dark Walnut),AMBIGUOUS,
437,Pangea Gaming Table Legs (Standard 26 in),accessory,,,1,0,372,Pangea Gaming Table 4x6 (Dark Walnut),AMBIGUOUS,yes,"root is kind='accessory', not a base game",,0,Pangea Gaming Table 4x6 (Dark Walnut),AMBIGUOUS,
438,Pangea Cup Holder,accessory,,,1,1,372,Pangea Gaming Table 4x6 (Dark Walnut),AMBIGUOUS,yes,"root is kind='accessory', not a base game",,0,Pangea Gaming Table 4x6 (Dark Walnut),AMBIGUOUS,
439,Pangea Player Shelf,accessory,,,1,0,372,Pangea Gaming Table 4x6 (Dark Walnut),AMBIGUOUS,yes,"root is kind='accessory', not a base game",,0,Pangea Gaming Table 4x6 (Dark Walnut),AMBIGUOUS,
440,Pangea Game Piece Organizer,accessory,,,1,0,372,Pangea Gaming Table 4x6 (Dark Walnut),AMBIGUOUS,yes,"root is kind='accessory', not a base game",,0,Pangea Gaming Table 4x6 (Dark Walnut),AMBIGUOUS,
441,Pangea Player Desk,accessory,,,1,0,372,Pangea Gaming Table 4x6 (Dark Walnut),AMBIGUOUS,yes,"root is kind='accessory', not a base game",,0,Pangea Gaming Table 4x6 (Dark Walnut),AMBIGUOUS,
442,Pangea Player Desk 4-Up Stand,accessory,,,1,0,372,Pangea Gaming Table 4x6 (Dark Walnut),AMBIGUOUS,yes,"root is kind='accessory', not a base game",,0,Pangea Gaming Table 4x6 (Dark Walnut),AMBIGUOUS,
443,Pangea Armrest,accessory,,,1,0,372,Pangea Gaming Table 4x6 (Dark Walnut),AMBIGUOUS,yes,"root is kind='accessory', not a base game",,0,Pangea Gaming Table 4x6 (Dark Walnut),AMBIGUOUS,
444,Pangea Card Organizer,accessory,,,1,0,372,Pangea Gaming Table 4x6 (Dark Walnut),AMBIGUOUS,yes,"root is kind='accessory', not a base game",,0,Pangea Gaming Table 4x6 (Dark Walnut),AMBIGUOUS,
445,Pangea Tablet Holder,accessory,,,1,0,372,Pangea Gaming Table 4x6 (Dark Walnut),AMBIGUOUS,yes,"root is kind='accessory', not a base game",,0,Pangea Gaming Table 4x6 (Dark Walnut),AMBIGUOUS,
446,Pangea Dining Chair (Dark Walnut),accessory,,,1,0,372,Pangea Gaming Table 4x6 (Dark Walnut),AMBIGUOUS,yes,"root is kind='accessory', not a base game",,0,Pangea Gaming Table 4x6 (Dark Walnut),AMBIGUOUS,
447,Pangea Table Top Storage Cube XL,accessory,,,1,0,372,Pangea Gaming Table 4x6 (Dark Walnut),AMBIGUOUS,yes,"root is kind='accessory', not a base game",,0,Pangea Gaming Table 4x6 (Dark Walnut),AMBIGUOUS,
448,Pangea Cup Holder Wine Glass Adapter,accessory,,,1,0,372,Pangea Gaming Table 4x6 (Dark Walnut),AMBIGUOUS,yes,"root is kind='accessory', not a base game",,0,Pangea Gaming Table 4x6 (Dark Walnut),AMBIGUOUS,
449,Pangea Cup Holder Mug Adapter,accessory,,,1,0,372,Pangea Gaming Table 4x6 (Dark Walnut),AMBIGUOUS,yes,"root is kind='accessory', not a base game",,0,Pangea Gaming Table 4x6 (Dark Walnut),AMBIGUOUS,
450,Pangea 4FT Table Divider (Dark Walnut),accessory,,,1,0,372,Pangea Gaming Table 4x6 (Dark Walnut),AMBIGUOUS,yes,"root is kind='accessory', not a base game",,0,Pangea Gaming Table 4x6 (Dark Walnut),AMBIGUOUS,
451,Moonrakers: Gold Holo Moro Mada,promo,,388050,1,0,100,Moonrakers: Titan Edition,PRESENT,yes,,holo moro mada,1,Moonrakers: Titan Edition — holo moro mada,MISSING,
452,"Dice Throne: Season Two Leaflet Patch Kit (Huntress, Tactician, Vampire Lord)",promo,Dice Throne,,1,0,35,Dice Throne: Season Two – Battle Chest,PRESENT,yes,,leaflet patch kit huntress tactician vampire lord,1,Dice Throne: Season Two – Battle Chest — leaflet patch kit huntress tactician vampire lord,MISSING,
453,Casting Shadows: Previous Backer Gift - Lucky Skipper & Lucky the Unstable Collector's Bundle,promo,,,1,0,101,Casting Shadows,PRESENT,yes,,previous backer gift - lucky skipper & lucky the unstable,1,Casting Shadows — previous backer gift - lucky skipper & lucky the unstable,MISSING,
454,Deep Rock Galactic: 24H Coin,accessory,,,1,0,105,Deep Rock Galactic: The Board Game,PRESENT,yes,,24h,1,Deep Rock Galactic: The Board Game — 24h,MISSING,
455,The Binding of Isaac: Four Souls - 2.5 inch Tainted Isaac Figure,accessory,,,1,0,108,The Binding of Isaac: Four Souls,PRESENT,yes,,2 5 inch tainted isaac,1,The Binding of Isaac: Four Souls — 2 5 inch tainted isaac,MISSING,
456,The Binding of Isaac: Four Souls - 6 inch Angel Isaac Figure,accessory,,,1,0,108,The Binding of Isaac: Four Souls,PRESENT,yes,,6 inch angel isaac,1,The Binding of Isaac: Four Souls — 6 inch angel isaac,MISSING,
457,The Binding of Isaac: Four Souls - Corrupted Data Promo Card,promo,,,1,0,108,The Binding of Isaac: Four Souls,PRESENT,yes,,corrupted data,1,The Binding of Isaac: Four Souls — corrupted data,MISSING,
458,The Binding of Isaac: Four Souls - Ultra Pride Promo Card,promo,,,1,0,108,The Binding of Isaac: Four Souls,PRESENT,yes,,ultra pride,1,The Binding of Isaac: Four Souls — ultra pride,MISSING,
459,Here to Slay: 6-Class Dice Set,accessory,Here to Slay,,1,0,107,Here to Slay,PRESENT,yes,,6 - class,1,Here to Slay — 6 - class,MISSING,
460,Here to Slay: Dragon Class Dice,accessory,Here to Slay,,1,0,107,Here to Slay,PRESENT,yes,,dragon class,2,Here to Slay — dragon class,MISSING,
461,Here to Slay: Oversized Card Sleeves Set,accessory,Here to Slay,,1,0,107,Here to Slay,PRESENT,yes,,,0,Here to Slay,PRESENT,107
462,Here to Slay: Dragon Class Meeple Set,accessory,Here to Slay,369124,1,0,107,Here to Slay,PRESENT,yes,,dragon class,2,Here to Slay — dragon class,MISSING,
464,Auroboros: Ability and Item Card Deck,accessory,D&D,,1,0,463,Auroboros: Coils of the Serpent,PRESENT,yes,,ability and item,1,Auroboros: Coils of the Serpent — ability and item,MISSING,
465,Auroboros: Dice Set,accessory,D&D,,1,0,463,Auroboros: Coils of the Serpent,PRESENT,yes,,,0,Auroboros: Coils of the Serpent,PRESENT,463
466,Auroboros: City Map Poster Pack,accessory,D&D,,1,0,463,Auroboros: Coils of the Serpent,PRESENT,yes,,city map,1,Auroboros: Coils of the Serpent — city map,MISSING,
467,Auroboros: GM Screen and Map Bundle,accessory,D&D,,1,0,463,Auroboros: Coils of the Serpent,PRESENT,yes,,gm screen and map,1,Auroboros: Coils of the Serpent — gm screen and map,MISSING,
468,Auroboros: Premium Character Sheet Pack,accessory,D&D,,1,0,463,Auroboros: Coils of the Serpent,PRESENT,yes,,,0,Auroboros: Coils of the Serpent,PRESENT,463
469,Auroboros: Serpent-Marked Collector's Coin,accessory,D&D,,1,0,463,Auroboros: Coils of the Serpent,PRESENT,yes,,serpent - marked,1,Auroboros: Coils of the Serpent — serpent - marked,MISSING,
471,Lewd Dungeon Adventures: The Mage's Stolen Goods,expansion,,,1,0,470,Lewd Dungeon Adventures: Core Rulebook and Starter Adventure,PRESENT,yes,,,0,Lewd Dungeon Adventures: Core Rulebook and Starter Adventure,PRESENT,470
472,Lewd Dungeon Adventures: Dice Tray,accessory,,,1,0,470,Lewd Dungeon Adventures: Core Rulebook and Starter Adventure,PRESENT,yes,,,0,Lewd Dungeon Adventures: Core Rulebook and Starter Adventure,PRESENT,470
473,Lewd Dungeon Adventures: Mystery Dice Set,accessory,,,1,0,470,Lewd Dungeon Adventures: Core Rulebook and Starter Adventure,PRESENT,yes,,mystery,1,Lewd Dungeon Adventures: Core Rulebook and Starter Adventure — mystery,MISSING,
474,Lewd Dungeon Adventures: Unscented Votive Candles,accessory,,,1,0,470,Lewd Dungeon Adventures: Core Rulebook and Starter Adventure,PRESENT,yes,,unscented votive candles,1,Lewd Dungeon Adventures: Core Rulebook and Starter Adventure — unscented votive candles,MISSING,
475,Lewd Dungeon Adventures: Shot Glass,accessory,,,1,0,470,Lewd Dungeon Adventures: Core Rulebook and Starter Adventure,PRESENT,yes,,shot,1,Lewd Dungeon Adventures: Core Rulebook and Starter Adventure — shot,MISSING,
477,Bergin's Beast Dice,accessory,D&D,,1,0,476,Bergin's Book of Beasts,PRESENT,yes,,beast,1,Bergin's Book of Beasts — beast,MISSING,
478,Bergin's Book of Beasts: Fabric Map of Midestra,accessory,D&D,,1,0,476,Bergin's Book of Beasts,PRESENT,yes,,map of midestra,1,Bergin's Book of Beasts — map of midestra,MISSING,
480,Firestar Falling: 6 Endings Pack,expansion,D&D,,1,0,479,Firestar Falling,PRESENT,yes,,,0,Firestar Falling,PRESENT,479
481,Firestar Falling: Corruption Deck,expansion,D&D,,1,0,479,Firestar Falling,PRESENT,yes,,,0,Firestar Falling,PRESENT,479
482,Firestar Falling: Monster Deck,expansion,D&D,,1,0,479,Firestar Falling,PRESENT,yes,,,0,Firestar Falling,PRESENT,479
483,Firestar Falling: Random Encounter Deck,expansion,D&D,,1,0,479,Firestar Falling,PRESENT,yes,,,0,Firestar Falling,PRESENT,479
484,Firestar Falling: Boss Miniature Set,accessory,D&D,,1,0,479,Firestar Falling,PRESENT,yes,,,0,Firestar Falling,PRESENT,479
485,Firestar Falling: GM Screen,accessory,D&D,,1,0,479,Firestar Falling,PRESENT,yes,,gm,1,Firestar Falling — gm,MISSING,
486,Firestar Falling: Premium Corruption Dice,accessory,D&D,,1,0,479,Firestar Falling,PRESENT,yes,,corruption,1,Firestar Falling — corruption,PRESENT,Firestar Falling: Corruption Deck
490,Ark Nova: Zoo Map Pack 1,expansion,,368158,0,1,428,Ark Nova,PRESENT,yes,,,0,Ark Nova,PRESENT,428
491,Ark Nova: Zoo Map Pack 2,expansion,,426978,0,1,428,Ark Nova,PRESENT,yes,,,0,Ark Nova,PRESENT,428
493,Lewd Dungeon Adventures: Character Sheet,accessory,,,1,0,470,Lewd Dungeon Adventures: Core Rulebook and Starter Adventure,PRESENT,yes,,,0,Lewd Dungeon Adventures: Core Rulebook and Starter Adventure,PRESENT,470
494,Deep Rock Galactic: Rivals Exclusive Gift Box,accessory,,,1,0,105,Deep Rock Galactic: The Board Game,PRESENT,yes,,rivals,3,Deep Rock Galactic: The Board Game — rivals,MISSING,
495,Deep Rock Galactic: Hidden Cave Segment Randomizers,promo,,474551,1,0,105,Deep Rock Galactic: The Board Game,PRESENT,yes,,hidden cave segment randomizers,1,Deep Rock Galactic: The Board Game — hidden cave segment randomizers,MISSING,
496,Yeti or Not: Exclusive Edition Expansion,expansion,,449715,1,0,94,Twisted Cryptids,PRESENT,no,,,0,Twisted Cryptids,PRESENT,94
497,Twisted Cryptids: Nostalgic Wilderness Board,accessory,,430245,1,0,94,Twisted Cryptids,PRESENT,yes,,nostalgic wilderness,1,Twisted Cryptids — nostalgic wilderness,MISSING,
498,Here to Slay: Banner Quest Expansion,expansion,Here to Slay,430678,1,0,107,Here to Slay,PRESENT,yes,,,0,Here to Slay,PRESENT,107
499,Here to Slay: Banner Quest Play Mat,accessory,Here to Slay,461580,1,0,107,Here to Slay,PRESENT,yes,,banner quest,1,Here to Slay — banner quest,PRESENT,Here to Slay: Banner Quest Expansion
502,Unstable Unicorns: Christmas Expansion Pack,expansion,Unstable Unicorns,,1,0,832,Unstable Unicorns,PRESENT,yes,,,0,Unstable Unicorns,PRESENT,832
503,Casting Shadows: The Molten Rock Expansion,expansion,,392200,1,0,101,Casting Shadows,PRESENT,yes,,,0,Casting Shadows,PRESENT,101
504,Casting Shadows: The Molten Rock KSE Meeple & Wooden Token Set,accessory,,,1,0,101,Casting Shadows,PRESENT,yes,,molten rock kse,1,Casting Shadows — molten rock kse,MISSING,
505,Here to Slay: Warriors & Druids Play Mat Set,accessory,Here to Slay,,1,0,107,Here to Slay,PRESENT,yes,,warriors & druids,3,Here to Slay — warriors & druids,PRESENT,Here to Slay: Warriors & Druids Expansion
506,Here to Slay: Warriors & Druids Standee Set,accessory,Here to Slay,,1,0,107,Here to Slay,PRESENT,yes,,warriors & druids,3,Here to Slay — warriors & druids,PRESENT,Here to Slay: Warriors & Druids Expansion
507,Here to Slay: Warriors & Druids Meeples Set,accessory,Here to Slay,369125,1,0,107,Here to Slay,PRESENT,yes,,warriors & druids,3,Here to Slay — warriors & druids,PRESENT,Here to Slay: Warriors & Druids Expansion
508,Here to Slay: Berserkers & Necromancers Play Mat Set,accessory,Here to Slay,,1,0,107,Here to Slay,PRESENT,yes,,berserkers & necromancers,3,Here to Slay — berserkers & necromancers,PRESENT,Here to Slay: Berserkers & Necromancers Expansion
509,Here to Slay: Berserkers & Necromancers Standee Set,accessory,Here to Slay,,1,0,107,Here to Slay,PRESENT,yes,,berserkers & necromancers,3,Here to Slay — berserkers & necromancers,PRESENT,Here to Slay: Berserkers & Necromancers Expansion
510,Here to Slay: Berserkers & Necromancers Meeples Set,accessory,Here to Slay,369244,1,0,107,Here to Slay,PRESENT,yes,,berserkers & necromancers,3,Here to Slay — berserkers & necromancers,PRESENT,Here to Slay: Berserkers & Necromancers Expansion
512,Ryoko's Guide: Bombuku's Notebook of Knowhow,expansion,D&D,,1,0,511,Ryoko's Guide to the Yokai Realms,PRESENT,yes,,,0,Ryoko's Guide to the Yokai Realms,PRESENT,511
513,Ryoko's Guide: Wrath of the Kaiju,expansion,D&D,,1,0,511,Ryoko's Guide to the Yokai Realms,PRESENT,yes,,,0,Ryoko's Guide to the Yokai Realms,PRESENT,511
514,Ryoko's Guide: Deluxe Book Bundle Slipcase,accessory,D&D,,1,0,511,Ryoko's Guide to the Yokai Realms,PRESENT,yes,,slipcase,1,Ryoko's Guide to the Yokai Realms — slipcase,MISSING,
515,Ryoko's Guide: Deluxe Accessory Box,accessory,D&D,,1,0,511,Ryoko's Guide to the Yokai Realms,PRESENT,yes,,,0,Ryoko's Guide to the Yokai Realms,PRESENT,511
516,Ryoko's Guide: Yokai Dawn Dice Mini Set,accessory,D&D,,1,0,511,Ryoko's Guide to the Yokai Realms,PRESENT,yes,,yokai dawn,2,Ryoko's Guide to the Yokai Realms — yokai dawn,MISSING,
517,Ryoko's Guide: Yokai Dawn Resin Dice Set,accessory,D&D,,1,0,511,Ryoko's Guide to the Yokai Realms,PRESENT,yes,,yokai dawn,2,Ryoko's Guide to the Yokai Realms — yokai dawn,MISSING,
519,Cosmere RPG: Stormlight World Guide,expansion,,,1,0,518,Cosmere RPG: Stormlight Handbook,PRESENT,yes,,,0,Cosmere RPG: Stormlight Handbook,PRESENT,518
520,Cosmere RPG: Stonewalkers Adventure,expansion,,,1,0,518,Cosmere RPG: Stormlight Handbook,PRESENT,yes,,,0,Cosmere RPG: Stormlight Handbook,PRESENT,518
521,Cosmere RPG: Level Zero Adventure,expansion,,,1,0,518,Cosmere RPG: Stormlight Handbook,PRESENT,yes,,,0,Cosmere RPG: Stormlight Handbook,PRESENT,518
522,Cosmere RPG: Welcome to Roshar Guide,expansion,,,1,0,518,Cosmere RPG: Stormlight Handbook,PRESENT,yes,,,0,Cosmere RPG: Stormlight Handbook,PRESENT,518
523,Cosmere RPG: Bridge Nine Adventure,expansion,,,1,0,518,Cosmere RPG: Stormlight Handbook,PRESENT,yes,,,0,Cosmere RPG: Stormlight Handbook,PRESENT,518
524,Cosmere RPG: Stormlight Basic Dice Set,accessory,,,1,0,518,Cosmere RPG: Stormlight Handbook,PRESENT,yes,,basic,1,Cosmere RPG: Stormlight Handbook — basic,MISSING,
525,Cosmere RPG: Stormlight Liquid Core Dice,accessory,,,1,0,518,Cosmere RPG: Stormlight Handbook,PRESENT,yes,,liquid,1,Cosmere RPG: Stormlight Handbook — liquid,MISSING,
526,Cosmere RPG: Stormlight GM Screen,accessory,,,1,0,518,Cosmere RPG: Stormlight Handbook,PRESENT,yes,,gm,1,Cosmere RPG: Stormlight Handbook — gm,MISSING,
527,Cosmere RPG: Stormlight Plot Deck,accessory,,,1,0,518,Cosmere RPG: Stormlight Handbook,PRESENT,yes,,plot,1,Cosmere RPG: Stormlight Handbook — plot,MISSING,
528,Cosmere RPG: Stormlight Item Cards Deck,accessory,,,1,0,518,Cosmere RPG: Stormlight Handbook,PRESENT,yes,,item,1,Cosmere RPG: Stormlight Handbook — item,MISSING,
529,Cosmere RPG: Stormlight Punchboard Tokens Pack,accessory,,,1,0,518,Cosmere RPG: Stormlight Handbook,PRESENT,yes,,punchboard,1,Cosmere RPG: Stormlight Handbook — punchboard,MISSING,
530,Cosmere RPG: Stormlight Adventure Maps Pack,accessory,,,1,0,518,Cosmere RPG: Stormlight Handbook,PRESENT,yes,,adventure maps,1,Cosmere RPG: Stormlight Handbook — adventure maps,MISSING,
531,Cosmere RPG: Stormlight RPG Miniatures Set,accessory,,,1,0,518,Cosmere RPG: Stormlight Handbook,PRESENT,yes,,rpg,1,Cosmere RPG: Stormlight Handbook — rpg,AMBIGUOUS,Cosmere RPG: Stormlight Handbook / Cosmere RPG: Stormlight World Guide / Cosmere RPG: Stonewalkers Adventure / Cosmere RPG: Level Zero Adventure / Cosmere RPG: Welcome to Roshar Guide / Cosmere RPG: Bridge Nine Adventure / Cosmere RPG: Mistborn Handbook / Cosmere RPG: Mistborn World Guide / Cosmere RPG: Mistborn Legacy Adventure / Cosmere RPG: Welcome to Scadrial Guide
532,Cosmere RPG: Stormlight Slipcase,accessory,,,1,0,518,Cosmere RPG: Stormlight Handbook,PRESENT,yes,,slipcase,1,Cosmere RPG: Stormlight Handbook — slipcase,MISSING,
534,Cosmere RPG: Mistborn World Guide,expansion,,,1,0,533,Cosmere RPG: Mistborn Handbook,PRESENT,yes,,,0,Cosmere RPG: Mistborn Handbook,PRESENT,533
535,Cosmere RPG: Mistborn Legacy Adventure,expansion,,,1,0,533,Cosmere RPG: Mistborn Handbook,PRESENT,yes,,,0,Cosmere RPG: Mistborn Handbook,PRESENT,533
536,Cosmere RPG: Welcome to Scadrial Guide,expansion,,,1,0,533,Cosmere RPG: Mistborn Handbook,PRESENT,yes,,,0,Cosmere RPG: Mistborn Handbook,PRESENT,533
537,Cosmere RPG: Mistborn GM Screen,accessory,,,1,0,533,Cosmere RPG: Mistborn Handbook,PRESENT,yes,,gm,1,Cosmere RPG: Mistborn Handbook — gm,MISSING,
538,Cosmere RPG: Mistborn Deluxe Dice & Case,accessory,,,1,0,533,Cosmere RPG: Mistborn Handbook,PRESENT,yes,,,0,Cosmere RPG: Mistborn Handbook,PRESENT,533
540,Starlight Arcana: Quickstart Box,expansion,D&D,,1,0,539,Starlight Arcana,PRESENT,yes,,,0,Starlight Arcana,PRESENT,539
541,Starlight Arcana: GM Screen,accessory,D&D,,1,0,539,Starlight Arcana,PRESENT,yes,,gm,1,Starlight Arcana — gm,MISSING,
542,Starlight Arcana: Printed Maps,accessory,D&D,,1,0,539,Starlight Arcana,PRESENT,yes,,printed maps,1,Starlight Arcana — printed maps,MISSING,
543,Starlight Arcana: Astral Tarot Deck,accessory,D&D,,1,0,539,Starlight Arcana,PRESENT,yes,,astral tarot,1,Starlight Arcana — astral tarot,MISSING,
544,Starlight Arcana: Art Prints,accessory,D&D,,1,0,539,Starlight Arcana,PRESENT,yes,,,0,Starlight Arcana,PRESENT,539
545,Tend: 48 Hour Pin,promo,,,1,0,93,Tend,PRESENT,yes,,48 hour,1,Tend — 48 hour,MISSING,
547,Moonrollers: Sleeves,accessory,,,1,0,546,Moonrollers,PRESENT,yes,,,0,Moonrollers,PRESENT,546
548,Moonrollers: Metal Hazard Tokens,accessory,,433131,1,0,546,Moonrollers,PRESENT,yes,,hazard,1,Moonrollers — hazard,MISSING,
549,Veiled Fate: Fate Dice,accessory,,,1,0,36,Veiled Fate,PRESENT,yes,,fate,1,Veiled Fate — fate,AMBIGUOUS,Veiled Fate / Scales of Fate
550,Veiled Fate: Sleeve Pack,accessory,,,1,0,36,Veiled Fate,PRESENT,yes,,,0,Veiled Fate,PRESENT,36
553,Mythic Mischief: Appendix A,expansion,Mythic Mischief,402247,1,0,551,Mythic Mischief: Volume I,PRESENT,yes,,,0,Mythic Mischief: Volume I,PRESENT,551
554,Mythic Mischief: Layout Cards,accessory,Mythic Mischief,431603,1,0,551,Mythic Mischief: Volume I,PRESENT,yes,,layout,1,Mythic Mischief: Volume I — layout,MISSING,
555,Mythic Mischief: Double-Sided Mat,accessory,Mythic Mischief,,1,0,551,Mythic Mischief: Volume I,PRESENT,yes,,,0,Mythic Mischief: Volume I,PRESENT,551
556,Super Boss Monster 2: First Player Token,accessory,Boss Monster,,1,0,86,Super Boss Monster 2,PRESENT,yes,,,0,Super Boss Monster 2,PRESENT,86
557,Super Boss Monster 2: Dice Age Promo Pack,promo,Boss Monster,,1,0,86,Super Boss Monster 2,PRESENT,yes,,age,1,Super Boss Monster 2 — age,MISSING,
558,Super Boss Monster: Cross Promo Pack,promo,Boss Monster,,1,0,95,Super Boss Monster,PRESENT,yes,,cross,1,Super Boss Monster — cross,MISSING,
559,Super Boss Monster: Level Up Coins,accessory,Boss Monster,,1,0,95,Super Boss Monster,PRESENT,yes,,level up,1,Super Boss Monster — level up,MISSING,
560,Super Boss Monster: Ultimate Starter Set Card Sleeve Bundle,accessory,Boss Monster,,1,0,95,Super Boss Monster,PRESENT,yes,,,0,Super Boss Monster,PRESENT,95
561,Dice Throne: Card Sleeves - Minimalist (Flaming Die),accessory,Dice Throne,,1,0,92,Dice Throne: Outcasts,PRESENT,yes,,minimalist flaming,2,Dice Throne: Outcasts — minimalist flaming,MISSING,
562,Dice Throne Adventures: Card Sleeves - Boss Decks,accessory,Dice Throne,,1,0,92,Dice Throne: Outcasts,PRESENT,yes,,adventures,1,Dice Throne: Outcasts — adventures,AMBIGUOUS,Dice Throne: Adventures – Unchained / Dice Throne: Adventures
563,Dice Throne Outcasts: Playmat - Headless Horseman,accessory,Dice Throne,,1,0,92,Dice Throne: Outcasts,PRESENT,yes,,headless horseman,3,Dice Throne: Outcasts — headless horseman,PRESENT,Dice Throne Hero: Headless Horseman
564,Dice Throne Adventures Unchained: Playmat - Vault Witch,accessory,Dice Throne,,1,0,92,Dice Throne: Outcasts,PRESENT,yes,,adventures unchained playmat - vault witch,1,Dice Throne: Outcasts — adventures unchained playmat - vault witch,MISSING,
565,Dice Throne Outcasts: Playmat - Raveness,accessory,Dice Throne,,1,0,92,Dice Throne: Outcasts,PRESENT,yes,,raveness,3,Dice Throne: Outcasts — raveness,PRESENT,Dice Throne Hero: Raveness
566,Dice Throne Outcasts: Playmat - Pale Lady,accessory,Dice Throne,,1,0,92,Dice Throne: Outcasts,PRESENT,yes,,pale lady,3,Dice Throne: Outcasts — pale lady,PRESENT,Dice Throne Hero: Pale Lady
567,Dice Throne Outcasts: Playmat - Necromancer,accessory,Dice Throne,,1,0,92,Dice Throne: Outcasts,PRESENT,yes,,necromancer,3,Dice Throne: Outcasts — necromancer,PRESENT,Dice Throne Hero: Necromancer
568,Dice Throne: Playmat - Minimalist (Flaming Die),accessory,Dice Throne,,1,0,92,Dice Throne: Outcasts,PRESENT,yes,,minimalist flaming,2,Dice Throne: Outcasts — minimalist flaming,MISSING,
569,Savage: Kickstarter Promo Cards,promo,,,1,0,68,Savage,PRESENT,yes,,,0,Savage,PRESENT,68
572,Dungeon Crawler Carl RPG: GM Screen and Tokens,accessory,Dungeon Crawler Carl,,1,0,570,Dungeon Crawler Carl Roleplaying Game Core Book,PRESENT,yes,,rpg gm,1,Dungeon Crawler Carl Roleplaying Game Core Book — rpg gm,MISSING,
573,Dungeon Crawler Carl RPG: Carl's Enchanted Big Boi Boxers Dice Set,accessory,Dungeon Crawler Carl,,1,0,570,Dungeon Crawler Carl Roleplaying Game Core Book,PRESENT,yes,,rpg carl's enchanted big boi boxers,1,Dungeon Crawler Carl Roleplaying Game Core Book — rpg carl's enchanted big boi boxers,MISSING,
574,Dungeon Crawler Carl RPG: Princess Donut's Enchanted Crown of the Sepsis Whore Dice Set,accessory,Dungeon Crawler Carl,,1,0,570,Dungeon Crawler Carl Roleplaying Game Core Book,PRESENT,yes,,rpg princess donut's enchanted crown of the sepsis whore,1,Dungeon Crawler Carl Roleplaying Game Core Book — rpg princess donut's enchanted crown of the sepsis whore,MISSING,
575,Dungeon Crawler Carl RPG: Smush Dice Set,accessory,Dungeon Crawler Carl,,1,0,570,Dungeon Crawler Carl Roleplaying Game Core Book,PRESENT,yes,,rpg smush,1,Dungeon Crawler Carl Roleplaying Game Core Book — rpg smush,MISSING,
576,Dungeon Crawler Carl RPG: Club Vanquisher D2,accessory,Dungeon Crawler Carl,,1,0,570,Dungeon Crawler Carl Roleplaying Game Core Book,PRESENT,yes,,rpg club vanquisher d2,1,Dungeon Crawler Carl Roleplaying Game Core Book — rpg club vanquisher d2,MISSING,
577,Dungeon Crawler Carl RPG: Princess Donut Dice Bag,accessory,Dungeon Crawler Carl,,1,0,570,Dungeon Crawler Carl Roleplaying Game Core Book,PRESENT,yes,,rpg princess donut,1,Dungeon Crawler Carl Roleplaying Game Core Book — rpg princess donut,MISSING,
578,Dungeon Crawler Carl RPG: Boxers > Briefs Dice Bag,accessory,Dungeon Crawler Carl,,1,0,570,Dungeon Crawler Carl Roleplaying Game Core Book,PRESENT,yes,,rpg boxers briefs,1,Dungeon Crawler Carl Roleplaying Game Core Book — rpg boxers briefs,MISSING,
579,Dungeon Crawler Carl RPG: AAAAHHHH Dice Bag,accessory,Dungeon Crawler Carl,,1,0,570,Dungeon Crawler Carl Roleplaying Game Core Book,PRESENT,yes,,rpg aaaahhhh,1,Dungeon Crawler Carl Roleplaying Game Core Book — rpg aaaahhhh,MISSING,
580,Dungeon Crawler Carl RPG: Crawler Sheet Journal,accessory,Dungeon Crawler Carl,,1,0,570,Dungeon Crawler Carl Roleplaying Game Core Book,PRESENT,yes,,rpg crawler sheet journal,1,Dungeon Crawler Carl Roleplaying Game Core Book — rpg crawler sheet journal,MISSING,
581,Dungeon Crawler Carl RPG: I Will Kill Your Mother Dice Tray,accessory,Dungeon Crawler Carl,,1,0,570,Dungeon Crawler Carl Roleplaying Game Core Book,PRESENT,yes,,rpg i will kill your mother,1,Dungeon Crawler Carl Roleplaying Game Core Book — rpg i will kill your mother,MISSING,
582,Dungeon Crawler Carl RPG: The Royal Court Miniatures Box,accessory,Dungeon Crawler Carl,,1,0,570,Dungeon Crawler Carl Roleplaying Game Core Book,PRESENT,yes,,rpg the royal court,1,Dungeon Crawler Carl Roleplaying Game Core Book — rpg the royal court,MISSING,
583,Dungeon Crawler Carl RPG: Allies and Enemies Miniatures Box,accessory,Dungeon Crawler Carl,,1,0,570,Dungeon Crawler Carl Roleplaying Game Core Book,PRESENT,yes,,rpg allies and enemies,1,Dungeon Crawler Carl Roleplaying Game Core Book — rpg allies and enemies,MISSING,
584,Dungeon Crawler Carl RPG: Mobs of Mordecai Miniatures Box,accessory,Dungeon Crawler Carl,,1,0,570,Dungeon Crawler Carl Roleplaying Game Core Book,PRESENT,yes,,rpg mobs of mordecai,1,Dungeon Crawler Carl Roleplaying Game Core Book — rpg mobs of mordecai,MISSING,
585,Dungeon Crawler Carl RPG: Fillable Loot Cards,accessory,Dungeon Crawler Carl,,1,0,570,Dungeon Crawler Carl Roleplaying Game Core Book,PRESENT,yes,,rpg fillable loot,1,Dungeon Crawler Carl Roleplaying Game Core Book — rpg fillable loot,MISSING,
586,Dungeon Crawler Carl RPG: Fillable Achievement Cards,accessory,Dungeon Crawler Carl,,1,0,570,Dungeon Crawler Carl Roleplaying Game Core Book,PRESENT,yes,,rpg fillable achievement,1,Dungeon Crawler Carl Roleplaying Game Core Book — rpg fillable achievement,MISSING,
587,Dungeon Crawler Carl RPG: Slime Mordecai Mini,accessory,Dungeon Crawler Carl,,1,0,570,Dungeon Crawler Carl Roleplaying Game Core Book,PRESENT,yes,,rpg slime mordecai,1,Dungeon Crawler Carl Roleplaying Game Core Book — rpg slime mordecai,MISSING,
588,Dungeon Crawler Carl RPG: Floor 10 Mystery Mordecai Mini,accessory,Dungeon Crawler Carl,,1,0,570,Dungeon Crawler Carl Roleplaying Game Core Book,PRESENT,yes,,rpg floor 10 mystery mordecai,1,Dungeon Crawler Carl Roleplaying Game Core Book — rpg floor 10 mystery mordecai,MISSING,
589,Dungeon Crawler Carl: Art Print #1,accessory,Dungeon Crawler Carl,,1,0,570,Dungeon Crawler Carl Roleplaying Game Core Book,PRESENT,yes,,1,1,Dungeon Crawler Carl Roleplaying Game Core Book — 1,MISSING,
590,Dungeon Crawler Carl: Art Print #2,accessory,Dungeon Crawler Carl,,1,0,570,Dungeon Crawler Carl Roleplaying Game Core Book,PRESENT,yes,,2,1,Dungeon Crawler Carl Roleplaying Game Core Book — 2,MISSING,
591,Dungeon Crawler Carl: Art Print #3,accessory,Dungeon Crawler Carl,,1,0,570,Dungeon Crawler Carl Roleplaying Game Core Book,PRESENT,yes,,3,1,Dungeon Crawler Carl Roleplaying Game Core Book — 3,MISSING,
592,Dungeon Crawler Carl: Art Print #4,accessory,Dungeon Crawler Carl,,1,0,570,Dungeon Crawler Carl Roleplaying Game Core Book,PRESENT,yes,,4,1,Dungeon Crawler Carl Roleplaying Game Core Book — 4,MISSING,
593,Dungeon Crawler Carl: Art Print #5,accessory,Dungeon Crawler Carl,,1,0,570,Dungeon Crawler Carl Roleplaying Game Core Book,PRESENT,yes,,5,1,Dungeon Crawler Carl Roleplaying Game Core Book — 5,MISSING,
595,Dungeon Crawler Carl: Unstoppable - Playmat,accessory,Dungeon Crawler Carl,,1,0,594,Dungeon Crawler Carl: Unstoppable,PRESENT,yes,,,0,Dungeon Crawler Carl: Unstoppable,PRESENT,594
596,Dungeon Crawler Carl: Unstoppable - Co-Op Playmat,accessory,Dungeon Crawler Carl,469027,1,0,594,Dungeon Crawler Carl: Unstoppable,PRESENT,yes,,co - op,1,Dungeon Crawler Carl: Unstoppable — co - op,MISSING,
597,Dungeon Crawler Carl: Unstoppable - Crawler Chaos Expansion,expansion,Dungeon Crawler Carl,469120,1,0,594,Dungeon Crawler Carl: Unstoppable,PRESENT,yes,,,0,Dungeon Crawler Carl: Unstoppable,PRESENT,594
598,Dungeon Crawler Carl: Unstoppable - Iron Tangle Expansion,expansion,Dungeon Crawler Carl,469121,1,0,594,Dungeon Crawler Carl: Unstoppable,PRESENT,yes,,,0,Dungeon Crawler Carl: Unstoppable,PRESENT,594
602,Ravenloft: The Horrors Within,expansion,D&D,,1,0,600,Dungeon Master’s Guide (2024),PRESENT,no,,,0,Dungeon Master’s Guide (2024),PRESENT,600
603,Eberron: Forge of the Artificer,expansion,D&D,,1,0,600,Dungeon Master’s Guide (2024),PRESENT,no,,,0,Dungeon Master’s Guide (2024),PRESENT,600
604,Forgotten Realms: Heroes of Faerûn,expansion,D&D,,1,0,600,Dungeon Master’s Guide (2024),PRESENT,no,,,0,Dungeon Master’s Guide (2024),PRESENT,600
605,Lorwyn: First Light,expansion,D&D,,1,0,600,Dungeon Master’s Guide (2024),PRESENT,no,,,0,Dungeon Master’s Guide (2024),PRESENT,600
606,Astarion's Book of Hungers,expansion,D&D,,1,0,600,Dungeon Master’s Guide (2024),PRESENT,no,,,0,Dungeon Master’s Guide (2024),PRESENT,600
607,D&D Beyond Drops,accessory,D&D,,1,0,600,Dungeon Master’s Guide (2024),PRESENT,no,,d & d beyond drops,1,Dungeon Master’s Guide (2024) — d & d beyond drops,MISSING,
608,Sage Advice & Errata,expansion,D&D,,1,0,600,Dungeon Master’s Guide (2024),PRESENT,no,,,0,Dungeon Master’s Guide (2024),PRESENT,600
609,D&D Beyond Basic Rules,expansion,D&D,,1,0,600,Dungeon Master’s Guide (2024),PRESENT,no,,,0,Dungeon Master’s Guide (2024),PRESENT,600
610,Exploring Eberron (2024),expansion,D&D,,1,0,600,Dungeon Master’s Guide (2024),PRESENT,no,,,0,Dungeon Master’s Guide (2024),PRESENT,600
611,The Crooked Moon Part One: Player Options & Campaign Setting,expansion,D&D,,1,0,600,Dungeon Master’s Guide (2024),PRESENT,no,,,0,Dungeon Master’s Guide (2024),PRESENT,600
612,Valda’s Spire of Secrets: Player Pack,expansion,D&D,,1,0,600,Dungeon Master’s Guide (2024),PRESENT,no,,,0,Dungeon Master’s Guide (2024),PRESENT,600
613,Grim Hollow: Player’s Guide,expansion,D&D,,1,0,600,Dungeon Master’s Guide (2024),PRESENT,no,,,0,Dungeon Master’s Guide (2024),PRESENT,600
614,The Pugilist Class (2024),expansion,D&D,,1,0,600,Dungeon Master’s Guide (2024),PRESENT,no,,,0,Dungeon Master’s Guide (2024),PRESENT,600
615,Dr Dhrolin’s Dictionary of Dinosaurs,expansion,D&D,,1,0,600,Dungeon Master’s Guide (2024),PRESENT,no,,,0,Dungeon Master’s Guide (2024),PRESENT,600
616,Northlands Worldbook,expansion,D&D,,1,0,600,Dungeon Master’s Guide (2024),PRESENT,no,,,0,Dungeon Master’s Guide (2024),PRESENT,600
617,Steinhardt's Guide to the Eldritch Hunt Player Pack,expansion,D&D,,1,0,600,Dungeon Master’s Guide (2024),PRESENT,no,,,0,Dungeon Master’s Guide (2024),PRESENT,600
618,The Griffon’s Saddlebag: Book One,expansion,D&D,,1,0,600,Dungeon Master’s Guide (2024),PRESENT,no,,,0,Dungeon Master’s Guide (2024),PRESENT,600
619,Vampire: The Masquerade – Bound by Blood,expansion,D&D,,1,0,600,Dungeon Master’s Guide (2024),PRESENT,no,,,0,Dungeon Master’s Guide (2024),PRESENT,600
623,Basic Rules (2014),expansion,D&D,,1,0,621,Dungeon Master’s Guide (2014),PRESENT,no,,,0,Dungeon Master’s Guide (2014),PRESENT,621
624,Sage Advice Compendium (2014),expansion,D&D,,1,0,621,Dungeon Master’s Guide (2014),PRESENT,no,,,0,Dungeon Master’s Guide (2014),PRESENT,621
625,Acquisitions Incorporated,expansion,D&D,,1,0,621,Dungeon Master’s Guide (2014),PRESENT,no,,,0,Dungeon Master’s Guide (2014),PRESENT,621
626,Baldur’s Gate Gazetteer,expansion,D&D,,1,0,621,Dungeon Master’s Guide (2014),PRESENT,no,,,0,Dungeon Master’s Guide (2014),PRESENT,621
627,Bigby Presents: Glory of the Giants,expansion,D&D,,1,0,621,Dungeon Master’s Guide (2014),PRESENT,no,,,0,Dungeon Master’s Guide (2014),PRESENT,621
628,Candlekeep Mysteries,expansion,D&D,,1,0,621,Dungeon Master’s Guide (2014),PRESENT,no,,,0,Dungeon Master’s Guide (2014),PRESENT,621
629,Domains of Delight: A Feywild Accessory,expansion,D&D,,1,0,621,Dungeon Master’s Guide (2014),PRESENT,no,,,0,Dungeon Master’s Guide (2014),PRESENT,621
630,Dragonlance: Shadow of the Dragon Queen,expansion,D&D,,1,0,621,Dungeon Master’s Guide (2014),PRESENT,no,,,0,Dungeon Master’s Guide (2014),PRESENT,621
631,Eberron: Rising from the Last War,expansion,D&D,,1,0,621,Dungeon Master’s Guide (2014),PRESENT,no,,,0,Dungeon Master’s Guide (2014),PRESENT,621
632,Explorer's Guide to Wildemount,expansion,D&D,,1,0,621,Dungeon Master’s Guide (2014),PRESENT,no,,,0,Dungeon Master’s Guide (2014),PRESENT,621
633,Fizban's Treasury of Dragons,expansion,D&D,,1,0,621,Dungeon Master’s Guide (2014),PRESENT,no,,,0,Dungeon Master’s Guide (2014),PRESENT,621
634,Frozen Sick,expansion,D&D,,1,0,621,Dungeon Master’s Guide (2014),PRESENT,no,,,0,Dungeon Master’s Guide (2014),PRESENT,621
635,Guildmasters’ Guide to Ravnica,expansion,D&D,,1,0,621,Dungeon Master’s Guide (2014),PRESENT,no,,,0,Dungeon Master’s Guide (2014),PRESENT,621
636,Journeys through the Radiant Citadel,expansion,D&D,,1,0,621,Dungeon Master’s Guide (2014),PRESENT,no,,,0,Dungeon Master’s Guide (2014),PRESENT,621
637,Locathah Rising,expansion,D&D,,1,0,621,Dungeon Master’s Guide (2014),PRESENT,no,,,0,Dungeon Master’s Guide (2014),PRESENT,621
638,Lost Mine of Phandelver,expansion,D&D,,1,0,621,Dungeon Master’s Guide (2014),PRESENT,no,,,0,Dungeon Master’s Guide (2014),PRESENT,621
639,Misplaced Monsters: Volume One,expansion,D&D,,1,0,621,Dungeon Master’s Guide (2014),PRESENT,no,,,0,Dungeon Master’s Guide (2014),PRESENT,621
640,Monstrous Compendium Vol. 1: Spelljammer Creatures,expansion,D&D,,1,0,621,Dungeon Master’s Guide (2014),PRESENT,no,,,0,Dungeon Master’s Guide (2014),PRESENT,621
641,Mordenkainen Presents: Monsters of the Multiverse,expansion,D&D,,1,0,621,Dungeon Master’s Guide (2014),PRESENT,no,,,0,Dungeon Master’s Guide (2014),PRESENT,621
642,Mordenkainen's Fiendish Folio Volume 1,expansion,D&D,,1,0,621,Dungeon Master’s Guide (2014),PRESENT,no,,,0,Dungeon Master’s Guide (2014),PRESENT,621
643,Mordenkainen’s Tome of Foes,expansion,D&D,,1,0,621,Dungeon Master’s Guide (2014),PRESENT,no,,,0,Dungeon Master’s Guide (2014),PRESENT,621
644,Mythic Odysseys of Theros,expansion,D&D,,1,0,621,Dungeon Master’s Guide (2014),PRESENT,no,,,0,Dungeon Master’s Guide (2014),PRESENT,621
645,One Grung Above,expansion,D&D,,1,0,621,Dungeon Master’s Guide (2014),PRESENT,no,,,0,Dungeon Master’s Guide (2014),PRESENT,621
646,Planescape: Adventures in the Multiverse,expansion,D&D,,1,0,621,Dungeon Master’s Guide (2014),PRESENT,no,,,0,Dungeon Master’s Guide (2014),PRESENT,621
647,Prisoner 13,expansion,D&D,,1,0,621,Dungeon Master’s Guide (2014),PRESENT,no,,,0,Dungeon Master’s Guide (2014),PRESENT,621
648,Rrakkma,expansion,D&D,,1,0,621,Dungeon Master’s Guide (2014),PRESENT,no,,,0,Dungeon Master’s Guide (2014),PRESENT,621
649,Spelljammer Academy,expansion,D&D,,1,0,621,Dungeon Master’s Guide (2014),PRESENT,no,,,0,Dungeon Master’s Guide (2014),PRESENT,621
650,Spelljammer: Adventures in Space,expansion,D&D,,1,0,621,Dungeon Master’s Guide (2014),PRESENT,no,,,0,Dungeon Master’s Guide (2014),PRESENT,621
651,Storm King's Thunder,expansion,D&D,,1,0,621,Dungeon Master’s Guide (2014),PRESENT,no,,,0,Dungeon Master’s Guide (2014),PRESENT,621
652,Strixhaven: A Curriculum of Chaos,expansion,D&D,,1,0,621,Dungeon Master’s Guide (2014),PRESENT,no,,,0,Dungeon Master’s Guide (2014),PRESENT,621
653,Sword Coast Adventurer's Guide,expansion,D&D,,1,0,621,Dungeon Master’s Guide (2014),PRESENT,no,,,0,Dungeon Master’s Guide (2014),PRESENT,621
654,Tasha’s Cauldron of Everything,expansion,D&D,,1,0,621,Dungeon Master’s Guide (2014),PRESENT,no,,,0,Dungeon Master’s Guide (2014),PRESENT,621
655,The Book of Many Things,expansion,D&D,,1,0,621,Dungeon Master’s Guide (2014),PRESENT,no,,,0,Dungeon Master’s Guide (2014),PRESENT,621
656,The Tortle Package,expansion,D&D,,1,0,621,Dungeon Master’s Guide (2014),PRESENT,no,,,0,Dungeon Master’s Guide (2014),PRESENT,621
657,The Vecna Dossier,expansion,D&D,,1,0,621,Dungeon Master’s Guide (2014),PRESENT,no,,,0,Dungeon Master’s Guide (2014),PRESENT,621
658,The Wild Beyond the Witchlight,expansion,D&D,,1,0,621,Dungeon Master’s Guide (2014),PRESENT,no,,,0,Dungeon Master’s Guide (2014),PRESENT,621
659,Van Richten’s Guide to Ravenloft,expansion,D&D,,1,0,621,Dungeon Master’s Guide (2014),PRESENT,no,,,0,Dungeon Master’s Guide (2014),PRESENT,621
660,Volo's Guide to Monsters,expansion,D&D,,1,0,621,Dungeon Master’s Guide (2014),PRESENT,no,,,0,Dungeon Master’s Guide (2014),PRESENT,621
661,Waterdeep: Dragon Heist,expansion,D&D,,1,0,621,Dungeon Master’s Guide (2014),PRESENT,no,,,0,Dungeon Master’s Guide (2014),PRESENT,621
662,Waterdeep: Dungeon of the Mad Mage,expansion,D&D,,1,0,621,Dungeon Master’s Guide (2014),PRESENT,no,,,0,Dungeon Master’s Guide (2014),PRESENT,621
663,Wayfinder's Guide to Eberron,expansion,D&D,,1,0,621,Dungeon Master’s Guide (2014),PRESENT,no,,,0,Dungeon Master’s Guide (2014),PRESENT,621
664,Xanathar's Guide to Everything,expansion,D&D,,1,0,621,Dungeon Master’s Guide (2014),PRESENT,no,,,0,Dungeon Master’s Guide (2014),PRESENT,621
666,The Griffon’s Saddlebag: Book Two,expansion,D&D,,1,0,621,Dungeon Master’s Guide (2014),PRESENT,no,,,0,Dungeon Master’s Guide (2014),PRESENT,621
667,Obojima: Tales from the Tall Grass,expansion,D&D,,1,0,621,Dungeon Master’s Guide (2014),PRESENT,no,,,0,Dungeon Master’s Guide (2014),PRESENT,621
668,Humblewood Campaign Setting,expansion,D&D,,1,0,621,Dungeon Master’s Guide (2014),PRESENT,no,,,0,Dungeon Master’s Guide (2014),PRESENT,621
669,Heliana’s Guide to Monster Hunting: Part 1,expansion,D&D,,1,0,621,Dungeon Master’s Guide (2014),PRESENT,no,,,0,Dungeon Master’s Guide (2014),PRESENT,621
670,Grim Hollow: Player Pack,expansion,D&D,,1,0,621,Dungeon Master’s Guide (2014),PRESENT,no,,,0,Dungeon Master’s Guide (2014),PRESENT,621
671,Book of Ebon Tides,expansion,D&D,,1,0,621,Dungeon Master’s Guide (2014),PRESENT,no,,,0,Dungeon Master’s Guide (2014),PRESENT,621
672,The Illrigger Revised,expansion,D&D,,1,0,621,Dungeon Master’s Guide (2014),PRESENT,no,,,0,Dungeon Master’s Guide (2014),PRESENT,621
673,Unearthed Arcana,expansion,D&D,,1,0,600,Dungeon Master’s Guide (2024),PRESENT,no,,,0,Dungeon Master’s Guide (2024),PRESENT,600
680,Dice Throne Hero: Barbarian,expansion,Dice Throne,,1,0,676,Dice Throne: Season One ReRolled,PRESENT,yes,,,0,Dice Throne: Season One ReRolled,PRESENT,676
681,Dice Throne Hero: Moon Elf,expansion,Dice Throne,,1,0,676,Dice Throne: Season One ReRolled,PRESENT,yes,,,0,Dice Throne: Season One ReRolled,PRESENT,676
682,Dice Throne Hero: Monk,expansion,Dice Throne,,1,0,676,Dice Throne: Season One ReRolled,PRESENT,yes,,,0,Dice Throne: Season One ReRolled,PRESENT,676
683,Dice Throne Hero: Paladin,expansion,Dice Throne,,1,0,676,Dice Throne: Season One ReRolled,PRESENT,yes,,,0,Dice Throne: Season One ReRolled,PRESENT,676
684,Dice Throne Hero: Pyromancer,expansion,Dice Throne,,1,0,676,Dice Throne: Season One ReRolled,PRESENT,yes,,,0,Dice Throne: Season One ReRolled,PRESENT,676
685,Dice Throne Hero: Shadow Thief,expansion,Dice Throne,,1,0,676,Dice Throne: Season One ReRolled,PRESENT,yes,,,0,Dice Throne: Season One ReRolled,PRESENT,676
686,Dice Throne Hero: Treant,expansion,Dice Throne,,1,0,676,Dice Throne: Season One ReRolled,PRESENT,yes,,,0,Dice Throne: Season One ReRolled,PRESENT,676
687,Dice Throne Hero: Ninja,expansion,Dice Throne,,1,0,676,Dice Throne: Season One ReRolled,PRESENT,yes,,,0,Dice Throne: Season One ReRolled,PRESENT,676
688,Dice Throne Hero: Gunslinger,expansion,Dice Throne,,1,0,35,Dice Throne: Season Two – Battle Chest,PRESENT,yes,,,0,Dice Throne: Season Two – Battle Chest,PRESENT,35
689,Dice Throne Hero: Samurai,expansion,Dice Throne,,1,0,35,Dice Throne: Season Two – Battle Chest,PRESENT,yes,,,0,Dice Throne: Season Two – Battle Chest,PRESENT,35
690,Dice Throne Hero: Tactician,expansion,Dice Throne,,1,0,35,Dice Throne: Season Two – Battle Chest,PRESENT,yes,,,0,Dice Throne: Season Two – Battle Chest,PRESENT,35
691,Dice Throne Hero: Huntress,expansion,Dice Throne,,1,0,35,Dice Throne: Season Two – Battle Chest,PRESENT,yes,,,0,Dice Throne: Season Two – Battle Chest,PRESENT,35
692,Dice Throne Hero: Cursed Pirate,expansion,Dice Throne,,1,0,35,Dice Throne: Season Two – Battle Chest,PRESENT,yes,,,0,Dice Throne: Season Two – Battle Chest,PRESENT,35
693,Dice Throne Hero: Artificer,expansion,Dice Throne,,1,0,35,Dice Throne: Season Two – Battle Chest,PRESENT,yes,,,0,Dice Throne: Season Two – Battle Chest,PRESENT,35
694,Dice Throne Hero: Seraph,expansion,Dice Throne,,1,0,35,Dice Throne: Season Two – Battle Chest,PRESENT,yes,,,0,Dice Throne: Season Two – Battle Chest,PRESENT,35
695,Dice Throne Hero: Vampire Lord,expansion,Dice Throne,,1,0,35,Dice Throne: Season Two – Battle Chest,PRESENT,yes,,,0,Dice Throne: Season Two – Battle Chest,PRESENT,35
696,Dice Throne Hero: Scarlet Witch,expansion,Dice Throne,,1,0,677,Marvel Dice Throne,PRESENT,no,,,0,Marvel Dice Throne,PRESENT,677
697,Dice Throne Hero: Thor,expansion,Dice Throne,,1,0,677,Marvel Dice Throne,PRESENT,no,,,0,Marvel Dice Throne,PRESENT,677
698,Dice Throne Hero: Loki,expansion,Dice Throne,,1,0,677,Marvel Dice Throne,PRESENT,no,,,0,Marvel Dice Throne,PRESENT,677
699,Dice Throne Hero: Spider-Man (Miles Morales),expansion,Dice Throne,,1,0,677,Marvel Dice Throne,PRESENT,no,,,0,Marvel Dice Throne,PRESENT,677
700,Dice Throne Hero: Black Panther,expansion,Dice Throne,,1,0,677,Marvel Dice Throne,PRESENT,no,,,0,Marvel Dice Throne,PRESENT,677
701,Dice Throne Hero: Captain Marvel,expansion,Dice Throne,,1,0,677,Marvel Dice Throne,PRESENT,no,,,0,Marvel Dice Throne,PRESENT,677
702,Dice Throne Hero: Doctor Strange,expansion,Dice Throne,,1,0,677,Marvel Dice Throne,PRESENT,no,,,0,Marvel Dice Throne,PRESENT,677
703,Dice Throne Hero: Black Widow,expansion,Dice Throne,,1,0,677,Marvel Dice Throne,PRESENT,no,,,0,Marvel Dice Throne,PRESENT,677
704,Dice Throne Hero: Wolverine,expansion,Dice Throne,,1,0,96,Dice Throne: X-Men,PRESENT,yes,,,0,Dice Throne: X-Men,PRESENT,96
705,Dice Throne Hero: Storm,expansion,Dice Throne,,1,0,96,Dice Throne: X-Men,PRESENT,yes,,,0,Dice Throne: X-Men,PRESENT,96
706,Dice Throne Hero: Cyclops,expansion,Dice Throne,,1,0,96,Dice Throne: X-Men,PRESENT,yes,,,0,Dice Throne: X-Men,PRESENT,96
707,Dice Throne Hero: Rogue,expansion,Dice Throne,,1,0,96,Dice Throne: X-Men,PRESENT,yes,,,0,Dice Throne: X-Men,PRESENT,96
708,Dice Throne Hero: Gambit,expansion,Dice Throne,,1,0,96,Dice Throne: X-Men,PRESENT,yes,,,0,Dice Throne: X-Men,PRESENT,96
709,Dice Throne Hero: Psylocke,expansion,Dice Throne,,1,0,96,Dice Throne: X-Men,PRESENT,yes,,,0,Dice Throne: X-Men,PRESENT,96
710,Dice Throne Hero: Iceman,expansion,Dice Throne,,1,0,96,Dice Throne: X-Men,PRESENT,yes,,,0,Dice Throne: X-Men,PRESENT,96
711,Dice Throne Hero: Jean Grey,expansion,Dice Throne,,1,0,96,Dice Throne: X-Men,PRESENT,yes,,,0,Dice Throne: X-Men,PRESENT,96
712,Dice Throne Hero: Pale Lady,expansion,Dice Throne,,1,0,92,Dice Throne: Outcasts,PRESENT,yes,,,0,Dice Throne: Outcasts,PRESENT,92
713,Dice Throne Hero: Headless Horseman,expansion,Dice Throne,,1,0,92,Dice Throne: Outcasts,PRESENT,yes,,,0,Dice Throne: Outcasts,PRESENT,92
714,Dice Throne Hero: Raveness,expansion,Dice Throne,,1,0,92,Dice Throne: Outcasts,PRESENT,yes,,,0,Dice Throne: Outcasts,PRESENT,92
715,Dice Throne Hero: Necromancer,expansion,Dice Throne,,1,0,92,Dice Throne: Outcasts,PRESENT,yes,,,0,Dice Throne: Outcasts,PRESENT,92
716,Dice Throne Hero: Duelist,expansion,Dice Throne,,1,0,88,Dice Throne Vanguard,PRESENT,yes,,,0,Dice Throne Vanguard,PRESENT,88
717,Dice Throne Hero: Druid,expansion,Dice Throne,,1,0,88,Dice Throne Vanguard,PRESENT,yes,,,0,Dice Throne Vanguard,PRESENT,88
718,Dice Throne Hero: Forgemaster,expansion,Dice Throne,,1,0,88,Dice Throne Vanguard,PRESENT,yes,,,0,Dice Throne Vanguard,PRESENT,88
719,Dice Throne Hero: Sun Elf,expansion,Dice Throne,,1,0,88,Dice Throne Vanguard,PRESENT,yes,,,0,Dice Throne Vanguard,PRESENT,88
720,Dice Throne Hero: Santa,expansion,Dice Throne,,1,0,104,Dice Throne: Santa vs Krampus,PRESENT,yes,,,0,Dice Throne: Santa vs Krampus,PRESENT,104
721,Dice Throne Hero: Krampus,expansion,Dice Throne,,1,0,104,Dice Throne: Santa vs Krampus,PRESENT,yes,,,0,Dice Throne: Santa vs Krampus,PRESENT,104
722,Dice Throne Hero: Deadpool,expansion,Dice Throne,,1,0,114,Dice Throne: Deadpool Box Deluxe Edition,PRESENT,yes,,,0,Dice Throne: Deadpool Box Deluxe Edition,PRESENT,114
723,Dice Throne Hero: Mystic Brawler,expansion,Dice Throne,,1,0,678,Dice Throne: Mystic Brawler,PRESENT,yes,,,0,Dice Throne: Mystic Brawler,PRESENT,678
724,Dice Throne Hero: Alchemist,expansion,Dice Throne,,1,0,679,Dice Throne: Alchemist,PRESENT,yes,,,0,Dice Throne: Alchemist,PRESENT,679
725,Dice Throne X-Men: Card Sleeves - Wolverine,accessory,Dice Throne,,1,0,96,Dice Throne: X-Men,PRESENT,yes,,wolverine,3,Dice Throne: X-Men — wolverine,PRESENT,Dice Throne Hero: Wolverine
726,Dice Throne X-Men: Card Sleeves - Storm,accessory,Dice Throne,,1,0,96,Dice Throne: X-Men,PRESENT,yes,,storm,3,Dice Throne: X-Men — storm,PRESENT,Dice Throne Hero: Storm
727,Dice Throne X-Men: Card Sleeves - Cyclops,accessory,Dice Throne,,1,0,96,Dice Throne: X-Men,PRESENT,yes,,cyclops,3,Dice Throne: X-Men — cyclops,PRESENT,Dice Throne Hero: Cyclops
728,Dice Throne X-Men: Card Sleeves - Rogue,accessory,Dice Throne,,1,0,96,Dice Throne: X-Men,PRESENT,yes,,rogue,3,Dice Throne: X-Men — rogue,PRESENT,Dice Throne Hero: Rogue
729,Dice Throne X-Men: Card Sleeves - Gambit,accessory,Dice Throne,,1,0,96,Dice Throne: X-Men,PRESENT,yes,,gambit,3,Dice Throne: X-Men — gambit,PRESENT,Dice Throne Hero: Gambit
730,Dice Throne X-Men: Card Sleeves - Psylocke,accessory,Dice Throne,,1,0,96,Dice Throne: X-Men,PRESENT,yes,,psylocke,3,Dice Throne: X-Men — psylocke,PRESENT,Dice Throne Hero: Psylocke
731,Dice Throne X-Men: Card Sleeves - Iceman,accessory,Dice Throne,,1,0,96,Dice Throne: X-Men,PRESENT,yes,,iceman,3,Dice Throne: X-Men — iceman,PRESENT,Dice Throne Hero: Iceman
732,Dice Throne X-Men: Card Sleeves - Jean Grey,accessory,Dice Throne,,1,0,96,Dice Throne: X-Men,PRESENT,yes,,jean,3,Dice Throne: X-Men — jean,PRESENT,Dice Throne Hero: Jean Grey
733,Dice Throne X-Men: Hero Sculpt - Wolverine,accessory,Dice Throne,,1,0,96,Dice Throne: X-Men,PRESENT,yes,,wolverine,3,Dice Throne: X-Men — wolverine,PRESENT,Dice Throne Hero: Wolverine
734,Dice Throne X-Men: Hero Sculpt - Storm,accessory,Dice Throne,,1,0,96,Dice Throne: X-Men,PRESENT,yes,,storm,3,Dice Throne: X-Men — storm,PRESENT,Dice Throne Hero: Storm
735,Dice Throne X-Men: Hero Sculpt - Cyclops,accessory,Dice Throne,,1,0,96,Dice Throne: X-Men,PRESENT,yes,,cyclops,3,Dice Throne: X-Men — cyclops,PRESENT,Dice Throne Hero: Cyclops
736,Dice Throne X-Men: Hero Sculpt - Rogue,accessory,Dice Throne,,1,0,96,Dice Throne: X-Men,PRESENT,yes,,rogue,3,Dice Throne: X-Men — rogue,PRESENT,Dice Throne Hero: Rogue
737,Dice Throne X-Men: Hero Sculpt - Gambit,accessory,Dice Throne,,1,0,96,Dice Throne: X-Men,PRESENT,yes,,gambit,3,Dice Throne: X-Men — gambit,PRESENT,Dice Throne Hero: Gambit
738,Dice Throne X-Men: Hero Sculpt - Psylocke,accessory,Dice Throne,,1,0,96,Dice Throne: X-Men,PRESENT,yes,,psylocke,3,Dice Throne: X-Men — psylocke,PRESENT,Dice Throne Hero: Psylocke
739,Dice Throne X-Men: Hero Sculpt - Iceman,accessory,Dice Throne,,1,0,96,Dice Throne: X-Men,PRESENT,yes,,iceman,3,Dice Throne: X-Men — iceman,PRESENT,Dice Throne Hero: Iceman
740,Dice Throne X-Men: Hero Sculpt - Jean Grey,accessory,Dice Throne,,1,0,96,Dice Throne: X-Men,PRESENT,yes,,jean,3,Dice Throne: X-Men — jean,PRESENT,Dice Throne Hero: Jean Grey
741,Marvel Dice Throne: Hero Sculpt - Scarlet Witch,accessory,Dice Throne,,1,0,677,Marvel Dice Throne,PRESENT,yes,,scarlet witch,2,Marvel Dice Throne — scarlet witch,PRESENT,Dice Throne Hero: Scarlet Witch
742,Marvel Dice Throne: Hero Sculpt - Thor,accessory,Dice Throne,,1,0,677,Marvel Dice Throne,PRESENT,yes,,thor,2,Marvel Dice Throne — thor,PRESENT,Dice Throne Hero: Thor
743,Marvel Dice Throne: Hero Sculpt - Loki,accessory,Dice Throne,,1,0,677,Marvel Dice Throne,PRESENT,yes,,loki,2,Marvel Dice Throne — loki,PRESENT,Dice Throne Hero: Loki
744,Marvel Dice Throne: Hero Sculpt - Spider-Man (Miles Morales),accessory,Dice Throne,,1,0,677,Marvel Dice Throne,PRESENT,yes,,spider - man miles morales,2,Marvel Dice Throne — spider - man miles morales,PRESENT,Dice Throne Hero: Spider-Man (Miles Morales)
745,Marvel Dice Throne: Hero Sculpt - Black Panther,accessory,Dice Throne,,1,0,677,Marvel Dice Throne,PRESENT,yes,,panther,2,Marvel Dice Throne — panther,PRESENT,Dice Throne Hero: Black Panther
746,Marvel Dice Throne: Hero Sculpt - Captain Marvel,accessory,Dice Throne,,1,0,677,Marvel Dice Throne,PRESENT,yes,,captain marvel,2,Marvel Dice Throne — captain marvel,PRESENT,Dice Throne Hero: Captain Marvel
747,Marvel Dice Throne: Hero Sculpt - Doctor Strange,accessory,Dice Throne,,1,0,677,Marvel Dice Throne,PRESENT,yes,,doctor strange,2,Marvel Dice Throne — doctor strange,PRESENT,Dice Throne Hero: Doctor Strange
748,Marvel Dice Throne: Hero Sculpt - Black Widow,accessory,Dice Throne,,1,0,677,Marvel Dice Throne,PRESENT,yes,,widow,2,Marvel Dice Throne — widow,PRESENT,Dice Throne Hero: Black Widow
749,Dice Throne Outcasts: Card Sleeves - Pale Lady,accessory,Dice Throne,,1,0,92,Dice Throne: Outcasts,PRESENT,yes,,pale lady,3,Dice Throne: Outcasts — pale lady,PRESENT,Dice Throne Hero: Pale Lady
750,Dice Throne Outcasts: Card Sleeves - Headless Horseman,accessory,Dice Throne,,1,0,92,Dice Throne: Outcasts,PRESENT,yes,,headless horseman,3,Dice Throne: Outcasts — headless horseman,PRESENT,Dice Throne Hero: Headless Horseman
751,Dice Throne Outcasts: Card Sleeves - Raveness,accessory,Dice Throne,,1,0,92,Dice Throne: Outcasts,PRESENT,yes,,raveness,3,Dice Throne: Outcasts — raveness,PRESENT,Dice Throne Hero: Raveness
752,Dice Throne Outcasts: Card Sleeves - Necromancer,accessory,Dice Throne,,1,0,92,Dice Throne: Outcasts,PRESENT,yes,,necromancer,3,Dice Throne: Outcasts — necromancer,PRESENT,Dice Throne Hero: Necromancer
753,Dice Throne Outcasts: Hero Sculpt (Painted) - Pale Lady,accessory,Dice Throne,,1,0,92,Dice Throne: Outcasts,PRESENT,yes,,pale lady,3,Dice Throne: Outcasts — pale lady,PRESENT,Dice Throne Hero: Pale Lady
754,Dice Throne Outcasts: Hero Sculpt (Painted) - Headless Horseman,accessory,Dice Throne,,1,0,92,Dice Throne: Outcasts,PRESENT,yes,,headless horseman,3,Dice Throne: Outcasts — headless horseman,PRESENT,Dice Throne Hero: Headless Horseman
755,Dice Throne Outcasts: Hero Sculpt (Painted) - Raveness,accessory,Dice Throne,,1,0,92,Dice Throne: Outcasts,PRESENT,yes,,raveness,3,Dice Throne: Outcasts — raveness,PRESENT,Dice Throne Hero: Raveness
756,Dice Throne Outcasts: Hero Sculpt (Painted) - Necromancer,accessory,Dice Throne,,1,0,92,Dice Throne: Outcasts,PRESENT,yes,,necromancer,3,Dice Throne: Outcasts — necromancer,PRESENT,Dice Throne Hero: Necromancer
757,Dice Throne Santa vs Krampus: Painted Miniature - Santa,accessory,Dice Throne,,1,0,104,Dice Throne: Santa vs Krampus,PRESENT,yes,,santa,2,Dice Throne: Santa vs Krampus — santa,PRESENT,Dice Throne: Santa vs Krampus / Dice Throne Hero: Santa
758,Dice Throne Santa vs Krampus: Painted Miniature - Krampus,accessory,Dice Throne,,1,0,104,Dice Throne: Santa vs Krampus,PRESENT,yes,,krampus,2,Dice Throne: Santa vs Krampus — krampus,PRESENT,Dice Throne: Santa vs Krampus / Dice Throne Hero: Krampus
759,Dice Throne Santa vs Krampus: Card Sleeves - Santa,accessory,Dice Throne,,1,0,104,Dice Throne: Santa vs Krampus,PRESENT,yes,,santa,2,Dice Throne: Santa vs Krampus — santa,PRESENT,Dice Throne: Santa vs Krampus / Dice Throne Hero: Santa
760,Dice Throne Santa vs Krampus: Card Sleeves - Krampus,accessory,Dice Throne,,1,0,104,Dice Throne: Santa vs Krampus,PRESENT,yes,,krampus,2,Dice Throne: Santa vs Krampus — krampus,PRESENT,Dice Throne: Santa vs Krampus / Dice Throne Hero: Krampus
761,Dice Throne Deadpool: Hero Sculpt - Deadpool,accessory,Dice Throne,,1,0,114,Dice Throne: Deadpool Box Deluxe Edition,PRESENT,yes,,deadpool,3,Dice Throne: Deadpool Box Deluxe Edition — deadpool,PRESENT,Dice Throne: Deadpool Box Deluxe Edition / Dice Throne Hero: Deadpool
762,Dice Throne Deadpool: Card Sleeves - Deadpool,accessory,Dice Throne,,1,0,114,Dice Throne: Deadpool Box Deluxe Edition,PRESENT,yes,,deadpool,3,Dice Throne: Deadpool Box Deluxe Edition — deadpool,PRESENT,Dice Throne: Deadpool Box Deluxe Edition / Dice Throne Hero: Deadpool
763,Dice Throne X-Men: Playmat - Wolverine,accessory,Dice Throne,,0,1,96,Dice Throne: X-Men,PRESENT,yes,,wolverine,3,Dice Throne: X-Men — wolverine,PRESENT,Dice Throne Hero: Wolverine
764,Dice Throne X-Men: Playmat - Storm,accessory,Dice Throne,,0,1,96,Dice Throne: X-Men,PRESENT,yes,,storm,3,Dice Throne: X-Men — storm,PRESENT,Dice Throne Hero: Storm
765,Dice Throne X-Men: Playmat - Cyclops,accessory,Dice Throne,,0,1,96,Dice Throne: X-Men,PRESENT,yes,,cyclops,3,Dice Throne: X-Men — cyclops,PRESENT,Dice Throne Hero: Cyclops
766,Dice Throne X-Men: Playmat - Rogue,accessory,Dice Throne,,0,1,96,Dice Throne: X-Men,PRESENT,yes,,rogue,3,Dice Throne: X-Men — rogue,PRESENT,Dice Throne Hero: Rogue
767,Dice Throne X-Men: Playmat - Gambit,accessory,Dice Throne,,0,1,96,Dice Throne: X-Men,PRESENT,yes,,gambit,3,Dice Throne: X-Men — gambit,PRESENT,Dice Throne Hero: Gambit
768,Dice Throne X-Men: Playmat - Psylocke,accessory,Dice Throne,,0,1,96,Dice Throne: X-Men,PRESENT,yes,,psylocke,3,Dice Throne: X-Men — psylocke,PRESENT,Dice Throne Hero: Psylocke
769,Dice Throne X-Men: Playmat - Iceman,accessory,Dice Throne,,0,1,96,Dice Throne: X-Men,PRESENT,yes,,iceman,3,Dice Throne: X-Men — iceman,PRESENT,Dice Throne Hero: Iceman
770,Dice Throne X-Men: Playmat - Jean Grey,accessory,Dice Throne,,0,1,96,Dice Throne: X-Men,PRESENT,yes,,jean,3,Dice Throne: X-Men — jean,PRESENT,Dice Throne Hero: Jean Grey
771,Marvel Dice Throne: Playmat - Scarlet Witch,accessory,Dice Throne,,0,1,677,Marvel Dice Throne,PRESENT,yes,,scarlet witch,2,Marvel Dice Throne — scarlet witch,PRESENT,Dice Throne Hero: Scarlet Witch
772,Marvel Dice Throne: Playmat - Thor,accessory,Dice Throne,,0,1,677,Marvel Dice Throne,PRESENT,yes,,thor,2,Marvel Dice Throne — thor,PRESENT,Dice Throne Hero: Thor
773,Marvel Dice Throne: Playmat - Loki,accessory,Dice Throne,,0,1,677,Marvel Dice Throne,PRESENT,yes,,loki,2,Marvel Dice Throne — loki,PRESENT,Dice Throne Hero: Loki
774,Marvel Dice Throne: Playmat - Spider-Man (Miles Morales),accessory,Dice Throne,,0,1,677,Marvel Dice Throne,PRESENT,yes,,spider - man miles morales,2,Marvel Dice Throne — spider - man miles morales,PRESENT,Dice Throne Hero: Spider-Man (Miles Morales)
775,Marvel Dice Throne: Playmat - Black Panther,accessory,Dice Throne,,0,1,677,Marvel Dice Throne,PRESENT,yes,,panther,2,Marvel Dice Throne — panther,PRESENT,Dice Throne Hero: Black Panther
776,Marvel Dice Throne: Playmat - Captain Marvel,accessory,Dice Throne,,0,1,677,Marvel Dice Throne,PRESENT,yes,,captain marvel,2,Marvel Dice Throne — captain marvel,PRESENT,Dice Throne Hero: Captain Marvel
777,Marvel Dice Throne: Playmat - Doctor Strange,accessory,Dice Throne,,0,1,677,Marvel Dice Throne,PRESENT,yes,,doctor strange,2,Marvel Dice Throne — doctor strange,PRESENT,Dice Throne Hero: Doctor Strange
778,Marvel Dice Throne: Playmat - Black Widow,accessory,Dice Throne,,0,1,677,Marvel Dice Throne,PRESENT,yes,,widow,2,Marvel Dice Throne — widow,PRESENT,Dice Throne Hero: Black Widow
779,Dice Throne Santa vs Krampus: Playmat,accessory,Dice Throne,,0,1,104,Dice Throne: Santa vs Krampus,PRESENT,yes,,,0,Dice Throne: Santa vs Krampus,PRESENT,104
781,Dice Throne Mystic Brawler: Hero Sculpt,accessory,Dice Throne,,1,0,678,Dice Throne: Mystic Brawler,PRESENT,yes,,,0,Dice Throne: Mystic Brawler,PRESENT,678
782,Dice Throne Mystic Brawler: Card Sleeves,accessory,Dice Throne,,1,0,678,Dice Throne: Mystic Brawler,PRESENT,yes,,,0,Dice Throne: Mystic Brawler,PRESENT,678
783,Dice Throne Deadpool: Playmat - Deadpool,accessory,Dice Throne,,0,1,114,Dice Throne: Deadpool Box Deluxe Edition,PRESENT,yes,,deadpool,3,Dice Throne: Deadpool Box Deluxe Edition — deadpool,PRESENT,Dice Throne: Deadpool Box Deluxe Edition / Dice Throne Hero: Deadpool
808,Veiled Fate: Metal Edition,upgrade,,,1,0,36,Veiled Fate,PRESENT,yes,,,0,Veiled Fate,PRESENT,36
809,Deep Rock Galactic: Horrors of Hoxxes,expansion,,450406,1,0,105,Deep Rock Galactic: The Board Game,PRESENT,yes,,,0,Deep Rock Galactic: The Board Game,PRESENT,105
823,Dark Moon: Shadow Corporation,expansion,,230534,1,0,790,Dark Moon,PRESENT,yes,,,0,Dark Moon,PRESENT,790
824,The Golden Ages: Cults & Culture,expansion,,182176,1,0,38,The Golden Ages,PRESENT,yes,,,0,The Golden Ages,PRESENT,38
825,Mystic Moon: Deluxe Edition,expansion,,473533,1,0,352,Mystic Moon,PRESENT,yes,,,0,Mystic Moon,PRESENT,352
829,Deep Rock Galactic: The Board Game – Korlok Tyrant-Weed Miniature Expansion,expansion,,422825,1,0,105,Deep Rock Galactic: The Board Game,PRESENT,yes,,,0,Deep Rock Galactic: The Board Game,PRESENT,105
830,SCALES OF FATE METAL UPGRADE KIT,accessory,,,1,0,91,Scales of Fate,PRESENT,yes,,,0,Scales of Fate,PRESENT,91
833,Casting Shadows: The Ice Storm Expansion,expansion,,360484,1,0,101,Casting Shadows,PRESENT,yes,,,0,Casting Shadows,PRESENT,101
842,Tiny Epic Dungeons Adventures: The Phantom Voyage,expansion,Tiny Epic,440549,1,0,840,Tiny Epic Dungeons Adventures,PRESENT,yes,,,0,Tiny Epic Dungeons Adventures,PRESENT,840
848,King of Tokyo Playmat,accessory,King of Tokyo,,0,0,845,King of Tokyo: Duel,PRESENT,yes,,,0,King of Tokyo: Duel,PRESENT,845
850,Deep Rock Galactic: The Board Game – Shockwyrm Mini Expansion,expansion,,450552,1,0,105,Deep Rock Galactic: The Board Game,PRESENT,yes,,,0,Deep Rock Galactic: The Board Game,PRESENT,105
851,Space Freaks: The Violet Morass,expansion,,255501,1,0,804,Space Freaks,PRESENT,yes,,,0,Space Freaks,PRESENT,804
852,Here to Sleigh: A Here to Slay Expansion Pack,expansion,Here to Slay,375223,1,0,107,Here to Slay,PRESENT,yes,,,0,Here to Slay,PRESENT,107
853,Unstable Unicorns: Unicorns of Legend Expansion Pack,expansion,Unstable Unicorns,263578,1,0,832,Unstable Unicorns,PRESENT,yes,,,0,Unstable Unicorns,PRESENT,832
854,Fractured Sky: Awakening,expansion,,464142,0,1,53,Fractured Sky,PRESENT,yes,,,0,Fractured Sky,PRESENT,53
855,Fractured Sky: Rift,expansion,,421463,0,1,53,Fractured Sky,PRESENT,yes,,,0,Fractured Sky,PRESENT,53
856,Fractured Sky: Metal Starfall Tokens,accessory,,414179,0,1,53,Fractured Sky,PRESENT,yes,,starfall,1,Fractured Sky — starfall,MISSING,
857,Fractured Sky: Neoprene Game Mat,accessory,,413787,0,1,53,Fractured Sky,PRESENT,yes,,,0,Fractured Sky,PRESENT,53
858,Here to Slay: Warriors & Druids Expansion,expansion,Here to Slay,321259,1,0,107,Here to Slay,PRESENT,yes,,,0,Here to Slay,PRESENT,107
859,Here to Slay: Berserkers & Necromancers Expansion,expansion,Here to Slay,349286,1,0,107,Here to Slay,PRESENT,yes,,,0,Here to Slay,PRESENT,107
860,Happy Little Dinosaurs: 5–6 Player Expansion Pack,expansion,,325451,1,0,793,Happy Little Dinosaurs,PRESENT,yes,,,0,Happy Little Dinosaurs,PRESENT,793
861,Here to Slay: Sorcerers & Squires,expansion,,468270,0,1,107,Here to Slay,PRESENT,yes,,,0,Here to Slay,PRESENT,107
862,Here to Slay: Monsters Expansion,expansion,,308526,1,0,107,Here to Slay,PRESENT,yes,,,0,Here to Slay,PRESENT,107
863,Here to Slay: Dragon Sorcerer Expansion,expansion,,308525,1,0,107,Here to Slay,PRESENT,yes,,,0,Here to Slay,PRESENT,107
864,Happy Little Dinosaurs: Perils of Puberty Expansion Pack,expansion,,340638,1,0,793,Happy Little Dinosaurs,PRESENT,yes,,,0,Happy Little Dinosaurs,PRESENT,793
865,Happy Little Dinosaurs: Dating Disasters Expansion Pack,expansion,,357888,1,0,793,Happy Little Dinosaurs,PRESENT,yes,,,0,Happy Little Dinosaurs,PRESENT,793
866,Terraria: The Board Game – Developer Promo Pack,expansion,,468163,1,0,109,Terraria: The Board Game,PRESENT,yes,,,0,Terraria: The Board Game,PRESENT,109
867,Terraria: The Board Game – Seasonal Promo Pack,expansion,,468161,1,0,109,Terraria: The Board Game,PRESENT,yes,,,0,Terraria: The Board Game,PRESENT,109
868,Unstable Unicorns: NSFW Pack,expansion,,240976,1,0,832,Unstable Unicorns,PRESENT,yes,,,0,Unstable Unicorns,PRESENT,832
869,Unstable Unicorns: Christmas Special Expansion Pack,expansion,,325789,1,0,832,Unstable Unicorns,PRESENT,yes,,,0,Unstable Unicorns,PRESENT,832
870,Unstable Unicorns: Rainbow Apocalypse Expansion Pack,expansion,,243566,1,0,832,Unstable Unicorns,PRESENT,yes,,,0,Unstable Unicorns,PRESENT,832
871,Unstable Unicorns: Dragons Expansion Pack,expansion,,243567,1,0,832,Unstable Unicorns,PRESENT,yes,,,0,Unstable Unicorns,PRESENT,832
872,Unstable Unicorns:  Nightmares Expansion Pack,expansion,,349072,1,0,832,Unstable Unicorns,PRESENT,yes,,,0,Unstable Unicorns,PRESENT,832
873,Unstable Unicorns: Adventures,expansion,,311080,1,0,832,Unstable Unicorns,PRESENT,yes,,,0,Unstable Unicorns,PRESENT,832
875,Doomlings: Imaginary Ends,expansion,,424143,1,0,874,Doomlings,PRESENT,yes,,,0,Doomlings,PRESENT,874
876,Doomlings: Overlush,expansion,,381590,1,0,874,Doomlings,PRESENT,yes,,,0,Doomlings,PRESENT,874
877,Doomlings: Deluxe Community Playmat,accessory,,376377,1,0,874,Doomlings,PRESENT,yes,,community,1,Doomlings — community,MISSING,
878,Doomlings: Dinolings,expansion,,361645,1,0,874,Doomlings,PRESENT,yes,,,0,Doomlings,PRESENT,874
879,Doomlings: Mythlings,expansion,,361646,1,0,874,Doomlings,PRESENT,yes,,,0,Doomlings,PRESENT,874
880,Doomlings: Techlings,expansion,,376383,1,0,874,Doomlings,PRESENT,yes,,,0,Doomlings,PRESENT,874
881,Doomlings: Multicolor,expansion,,376384,1,0,874,Doomlings,PRESENT,yes,,,0,Doomlings,PRESENT,874
882,Doomlings: The Meaning of Life,expansion,,376382,1,0,874,Doomlings,PRESENT,yes,,,0,Doomlings,PRESENT,874
883,Dice Throne: Adventures,expansion,,281332,1,0,676,Dice Throne: Season One ReRolled,PRESENT,yes,,,0,Dice Throne: Season One ReRolled,PRESENT,676
884,Lords of Waterdeep: Scoundrels of Skullport,expansion,,134342,1,0,796,Lords of Waterdeep,PRESENT,yes,,,0,Lords of Waterdeep,PRESENT,796
889,Delve: Peril Awaits,expansion,,223512,1,0,811,Delve,PRESENT,yes,,,0,Delve,PRESENT,811
