our_id	our_name	kind	owned	current_bgg_id	verdict	proposed_bgg_id	bgg_name	bgg_year	bgg_publisher	bgg_type	our_year	our_publisher	score	score_components	evidence_url	note	near_miss_rejected	sibling_risk
35	Dice Throne: Season Two – Battle Chest	base	yes	244271	CONFIRMED		Dice Throne: Season Two – Battle Chest	2018	Lucky Duck Games	boardgame	2018	Roxley	0.96	name exact (normalised); year exact (2018); publisher exact (Roxley); kind base ~ BGG boardgame; sole candidate id in the search	https://boardgamegeek.com/boardgame/244271			
36	Veiled Fate	base	yes	315695	CONFIRMED		Veiled Fate	2022	IV Studio	boardgame	2022	IV Studio	0.96	name exact (normalised); year exact (2022); publisher exact (IV Studio); kind base ~ BGG boardgame; sole candidate id in the search	https://boardgamegeek.com/boardgame/315695			
37	Indian Summer	base	yes	233678	CONFIRMED		Indian Summer	2017	Edition Spielwiese	boardgame	2017	Stronghold Games	0.96	name exact (normalised); year exact (2017); publisher exact (Stronghold Games); kind base ~ BGG boardgame; sole candidate id in the search	https://boardgamegeek.com/boardgame/233678			
38	The Golden Ages	base	yes	164338	CONFIRMED		The Golden Ages	2014	Quined Games	boardgame	2014	Quined Games	0.96	name exact (normalised); year exact (2014); publisher exact (Quined Games); kind base ~ BGG boardgame; sole candidate id in the search	https://boardgamegeek.com/boardgame/164338			
39	Space Sheep!	base	yes	141035	CONFIRMED		Space Sheep!	2013	Stronghold Games	boardgame	2013	Stronghold Games	0.96	name exact (normalised); year exact (2013); publisher exact (Stronghold Games); kind base ~ BGG boardgame; sole candidate id in the search	https://boardgamegeek.com/boardgame/141035			
40	Super Camelot	base	yes	257445	CONFIRMED		Super Camelot	2019	Catalyst Game Labs	boardgame	2019	Catalyst Game Labs	0.96	name exact (normalised); year exact (2019); publisher exact (Catalyst Game Labs); kind base ~ BGG boardgame; sole candidate id in the search	https://boardgamegeek.com/boardgame/257445			
41	Scythe	base	yes	169786	CONFIRMED		Scythe	2016	Stonemaier Games	boardgame	2016	Stonemaier Games	0.96	name exact (normalised); year exact (2016); publisher exact (Stonemaier Games); kind base ~ BGG boardgame; sole candidate id in the search	https://boardgamegeek.com/boardgame/169786			
42	Ticket to Ride	base	yes	9209	CONFIRMED		Ticket to Ride	2004	Days of Wonder	boardgame	2004	Days of Wonder	0.96	name exact (normalised); year exact (2004); publisher exact (Days of Wonder); kind base ~ BGG boardgame; sole candidate id in the search	https://boardgamegeek.com/boardgame/9209			
43	Dead of Winter	base	yes	150376	CONFIRMED		Dead of Winter: A Crossroads Game	2014	Plaid Hat Games	boardgame	2014	Plaid Hat Games	0.71	name similarity 0.75; year exact (2014); publisher exact (Plaid Hat Games); kind base ~ BGG boardgame; sole candidate id in the search	https://boardgamegeek.com/boardgame/150376	title differs by a subtitle: BGG says "Dead of Winter: A Crossroads Game" (similarity 0.75)		
44	Ichor	base	yes	420915	CONFIRMED		Ichor	2025	Bitewing Games	boardgame	2025	Bitewing Games	0.96	name exact (normalised); year exact (2025); publisher exact (Bitewing Games); kind base ~ BGG boardgame; sole candidate id in the search	https://boardgamegeek.com/boardgame/420915			
45	Iliad	base	yes	420914	CONFIRMED		Iliad	2025	Bitewing Games	boardgame	2025	Bitewing Games	0.96	name exact (normalised); year exact (2025); publisher exact (Bitewing Games); kind base ~ BGG boardgame; sole candidate id in the search	https://boardgamegeek.com/boardgame/420914			
46	Slay the Spire: The Board Game	base	yes	338960	CONFIRMED		Slay the Spire: The Board Game	2024	Contention Games	boardgame	2024	Contention Games	0.96	name exact (normalised); year exact (2024); publisher exact (Contention Games); kind base ~ BGG boardgame; sole candidate id in the search	https://boardgamegeek.com/boardgame/338960			
47	The Resistance	base	yes	41114	CONFIRMED		The Resistance	2009	Indie Boards & Cards	boardgame	2009	Indie Boards & Cards	0.96	name exact (normalised); year exact (2009); publisher exact (Indie Boards & Cards); kind base ~ BGG boardgame; sole candidate id in the search	https://boardgamegeek.com/boardgame/41114			
48	Vikings	base	yes	27173	CONFIRMED		Vikings	2007	Hans im Glück	boardgame	2007	Rio Grande Games	0.96	name exact (normalised); year exact (2007); publisher exact (Rio Grande Games); kind base ~ BGG boardgame; sole candidate id in the search	https://boardgamegeek.com/boardgame/27173			
49	Terraforming Mars	base	yes	167791	CONFIRMED		Terraforming Mars	2016	FryxGames	boardgame	2016	FryxGames	0.96	name exact (normalised); year exact (2016); publisher exact (FryxGames); kind base ~ BGG boardgame; sole candidate id in the search	https://boardgamegeek.com/boardgame/167791			
50	CATAN: Starfarers Duel	base	yes	383481	CONFIRMED		Catan: Starfarers Duel	2023	Catan Studio	boardgame	2023	Catan Studio	0.96	name exact (normalised); year exact (2023); publisher exact (Catan Studio); kind base ~ BGG boardgame; sole candidate id in the search	https://boardgamegeek.com/boardgame/383481			
51	Rivals for Catan: Deluxe	base	yes	203219	CONFIRMED		Rivals for Catan: Deluxe	2016	Catan Studio	boardgame	2016	Catan Studio	0.96	name exact (normalised); year exact (2016); publisher exact (Catan Studio); kind base ~ BGG boardgame; sole candidate id in the search	https://boardgamegeek.com/boardgame/203219			
52	Catan: New Energies	base	yes	408727	CONFIRMED		Catan: New Energies	2024	Catan Studio	boardgame	2024	Catan Studio	0.96	name exact (normalised); year exact (2024); publisher exact (Catan Studio); kind base ~ BGG boardgame; sole candidate id in the search	https://boardgamegeek.com/boardgame/408727			
53	Fractured Sky	base	yes	370581	CONFIRMED		Fractured Sky	2024	IV Studio	boardgame	2024	IV Studio	0.96	name exact (normalised); year exact (2024); publisher exact (IV Studio); kind base ~ BGG boardgame; sole candidate id in the search	https://boardgamegeek.com/boardgame/370581			
54	Catan	base	yes	13	CONFIRMED		Catan	1995	KOSMOS	boardgame	1995	Catan Studio	0.96	name exact (normalised); year exact (1995); publisher exact (Catan Studio); kind base ~ BGG boardgame; sole candidate id in the search	https://boardgamegeek.com/boardgame/13			
55	Brink	base	yes	415078	CONFIRMED		Brink	2025	IV Studio	boardgame	2025	IV Studio	0.96	name exact (normalised); year exact (2025); publisher exact (IV Studio); kind base ~ BGG boardgame; sole candidate id in the search	https://boardgamegeek.com/boardgame/415078			
56	Magic Number	base	yes	432512	SUSPECT		Magic Number: The Party Game of Wild Guesstimation	2025	(Self-Published)	boardgame	2025	Magic Number Games		name similarity 0.4 (below 0.7); year exact (2025); publisher absent from BGG list (ours "Magic Number Games", BGG "(Self-Published)"); kind base ~ BGG boardgame; sole candidate id in the search	https://boardgamegeek.com/boardgame/432512	PUBLISHER: ours "Magic Number Games" appears nowhere in BGG's 1 publisher links (BGG lists "(Self-Published)") | title differs by a subtitle: BGG says "Magic Number: The Party Game of Wild Guesstimation" (similarity 0.4)		
57	Qwirkle	base	yes	25669	CONFIRMED		Qwirkle	2006	MindWare	boardgame	2006	MindWare	0.96	name exact (normalised); year exact (2006); publisher exact (MindWare); kind base ~ BGG boardgame; sole candidate id in the search	https://boardgamegeek.com/boardgame/25669			
58	The Castles of Burgundy	base	yes	271320	CONFIRMED		The Castles of Burgundy	2019	alea	boardgame	2019	Ravensburger	0.92	name exact (normalised); year exact (2019); publisher partial (Ravensburger ~ BGG list); kind base ~ BGG boardgame; sole candidate id in the search	https://boardgamegeek.com/boardgame/271320			
59	Mysterium	base	yes	181304	CONFIRMED		Mysterium	2015	Libellud	boardgame	2015	Libellud	0.96	name exact (normalised); year exact (2015); publisher exact (Libellud); kind base ~ BGG boardgame; sole candidate id in the search	https://boardgamegeek.com/boardgame/181304			
60	Aeon's End: Outcasts	expansion	yes	299317	CONFIRMED		Aeon's End: Outcasts	2020	Indie Boards & Cards	boardgame	2020	Indie Boards & Cards	0.89	name exact (normalised); year exact (2020); publisher exact (Indie Boards & Cards); kind expansion vs BGG base game that HAS expansions/accessories (family trap shape); sole candidate id in the search	https://boardgamegeek.com/boardgame/299317	kind: we say expansion, BGG types it boardgame		
61	Renegade	base	yes	170604	CONFIRMED		Renegade	2018	Victory Point Games	boardgame	2018	Victory Point Games	0.96	name exact (normalised); year exact (2018); publisher exact (Victory Point Games); kind base ~ BGG boardgame; sole candidate id in the search	https://boardgamegeek.com/boardgame/170604			
62	Sheriff of Nottingham	base	yes	157969	CONFIRMED		Sheriff of Nottingham	2014	Arcane Wonders	boardgame	2014	Arcane Wonders	0.96	name exact (normalised); year exact (2014); publisher exact (Arcane Wonders); kind base ~ BGG boardgame; sole candidate id in the search	https://boardgamegeek.com/boardgame/157969			
63	Betrayal at House on the Hill	base	yes	10547	CONFIRMED		Betrayal at House on the Hill	2004	Avalon Hill	boardgame	2004	Avalon Hill	0.96	name exact (normalised); year exact (2004); publisher exact (Avalon Hill); kind base ~ BGG boardgame; sole candidate id in the search	https://boardgamegeek.com/boardgame/10547			
64	Azul	base	yes	230802	CONFIRMED		Azul	2017	Next Move Games	boardgame	2017	Plan B Games	0.96	name exact (normalised); year exact (2017); publisher exact (Plan B Games); kind base ~ BGG boardgame; sole candidate id in the search	https://boardgamegeek.com/boardgame/230802			
65	Mistborn: The Deckbuilding Game	base	yes	422780	CONFIRMED		Mistborn: The Deckbuilding Game	2024	Brotherwise Games	boardgame	2024	Brotherwise Games	0.96	name exact (normalised); year exact (2024); publisher exact (Brotherwise Games); kind base ~ BGG boardgame; sole candidate id in the search	https://boardgamegeek.com/boardgame/422780			
66	Taverns & Dragons	base	yes	339473	CONFIRMED		Taverns & Dragons	2023	Board Zeppelin	boardgame	2023	Lord Raccoon Games	0.96	name exact (normalised); year exact (2023); publisher exact (Lord Raccoon Games); kind base ~ BGG boardgame; sole candidate id in the search	https://boardgamegeek.com/boardgame/339473			
67	Splendor Duel	base	yes	364073	CONFIRMED		Splendor Duel	2022	Space Cowboys	boardgame	2022	Space Cowboys	0.96	name exact (normalised); year exact (2022); publisher exact (Space Cowboys); kind base ~ BGG boardgame; sole candidate id in the search	https://boardgamegeek.com/boardgame/364073			
68	Savage	base	yes	360259	SUSPECT		Savage: A Game of Survival	2023	Grinly Games	boardgame	2023	Grinley Games		name similarity 0.4 (below 0.7); year exact (2023); publisher absent from BGG list (ours "Grinley Games", BGG "Grinly Games"); kind base ~ BGG boardgame; sole candidate id in the search	https://boardgamegeek.com/boardgame/360259	PUBLISHER: ours "Grinley Games" appears nowhere in BGG's 1 publisher links (BGG lists "Grinly Games") | title differs by a subtitle: BGG says "Savage: A Game of Survival" (similarity 0.4)		
69	Tiny Epic Galaxies: Beyond the Black	base	yes	200544	CONFIRMED		Tiny Epic Galaxies: Beyond the Black	2017	Gamelyn Games	boardgameexpansion	2017	Gamelyn Games	0.89	name exact (normalised); year exact (2017); publisher exact (Gamelyn Games); kind base vs BGG boardgameexpansion; sole candidate id in the search	https://boardgamegeek.com/boardgame/200544	kind: we say base, BGG types it boardgameexpansion		
70	Deep Rock Galactic: Space Rig Expansion	expansion	yes	401797	CONFIRMED		Deep Rock Galactic: Space Rig Expansion	2024	MOOD Publishing	boardgameexpansion	2024	MOOD Publishing	0.96	name exact (normalised); year exact (2024); publisher exact (MOOD Publishing); kind expansion ~ BGG boardgameexpansion; sole candidate id in the search	https://boardgamegeek.com/boardgame/401797			
71	Deep Rock Galactic: Biome Expansion	expansion	yes	401798	CONFIRMED		Deep Rock Galactic: Biome Expansion	2024	MOOD Publishing	boardgameexpansion	2024	MOOD Publishing	0.96	name exact (normalised); year exact (2024); publisher exact (MOOD Publishing); kind expansion ~ BGG boardgameexpansion; sole candidate id in the search	https://boardgamegeek.com/boardgame/401798			
72	Deep Rock Galactic: The Board Game – Goo From Above Miniature Expansion	expansion	yes	369083	CONFIRMED		Deep Rock Galactic: The Board Game –  Goo From Above Miniature Expansion	2022	MOOD Publishing	boardgameexpansion	2022	MOOD Publishing	0.96	name exact (normalised); year exact (2022); publisher exact (MOOD Publishing); kind expansion ~ BGG boardgameexpansion; sole candidate id in the search	https://boardgamegeek.com/boardgame/369083			
74	Scythe: Invaders from Afar	expansion	yes	199727	CONFIRMED		Scythe: Invaders from Afar	2016	Stonemaier Games	boardgameexpansion	2016	Stonemaier Games	0.96	name exact (normalised); year exact (2016); publisher exact (Stonemaier Games); kind expansion ~ BGG boardgameexpansion; sole candidate id in the search	https://boardgamegeek.com/boardgame/199727			
75	Scythe: The Wind Gambit	expansion	yes	223555	CONFIRMED		Scythe: The Wind Gambit	2017	Stonemaier Games	boardgameexpansion	2017	Stonemaier Games	0.96	name exact (normalised); year exact (2017); publisher exact (Stonemaier Games); kind expansion ~ BGG boardgameexpansion; sole candidate id in the search	https://boardgamegeek.com/boardgame/223555			
76	Scythe: The Rise of Fenris	expansion	yes	242277	CONFIRMED		Scythe: The Rise of Fenris	2018	Stonemaier Games	boardgameexpansion	2018	Stonemaier Games	0.96	name exact (normalised); year exact (2018); publisher exact (Stonemaier Games); kind expansion ~ BGG boardgameexpansion; sole candidate id in the search	https://boardgamegeek.com/boardgame/242277			
77	Catan: 5-6 Player Extension	expansion	yes	2807	CONFIRMED		Catan: 5-6 Player Expansion	1996	KOSMOS	boardgameexpansion	1996	Catan Studio	0.91	alternate-name exact ("Catan: 5-6 Player Extension"); year exact (1996); publisher exact (Catan Studio); kind expansion ~ BGG boardgameexpansion; sole candidate id in the search	https://boardgamegeek.com/boardgame/2807			
78	CATAN: Starfarers	base	yes	282853	CONFIRMED		Catan: Starfarers	2019	Catan Studio	boardgame	2019	Catan Studio	0.96	name exact (normalised); year exact (2019); publisher exact (Catan Studio); kind base ~ BGG boardgame; sole candidate id in the search	https://boardgamegeek.com/boardgame/282853			
79	Moon: Valkyrie Expansion	expansion	yes	382957	CONFIRMED		Moon: Valkyrie Expansion	2023	Sinister Fish Games	boardgameexpansion	2023	Sinister Fish Games	0.96	name exact (normalised); year exact (2023); publisher exact (Sinister Fish Games); kind expansion ~ BGG boardgameexpansion; sole candidate id in the search	https://boardgamegeek.com/boardgame/382957			
80	Catan: Starfarers – 5-6 Player Extension	expansion	yes	316229	CONFIRMED		Catan: Starfarers – 5-6 Player Extension	2020	Catan Studio	boardgameexpansion	2020	Catan Studio	0.96	name exact (normalised); year exact (2020); publisher exact (Catan Studio); kind expansion ~ BGG boardgameexpansion; sole candidate id in the search	https://boardgamegeek.com/boardgame/316229			
81	Catan: Cities & Knights	expansion	yes	926	CONFIRMED		Catan: Cities & Knights	1998	KOSMOS	boardgameexpansion	1998	Catan Studio	0.96	name exact (normalised); year exact (1998); publisher exact (Catan Studio); kind expansion ~ BGG boardgameexpansion; sole candidate id in the search	https://boardgamegeek.com/boardgame/926			
82	Betrayal at House on the Hill: Widow's Walk	expansion	yes	198452	CONFIRMED		Betrayal at House on the Hill: Widow's Walk	2016	Avalon Hill	boardgameexpansion	2016	Avalon Hill	0.96	name exact (normalised); year exact (2016); publisher exact (Avalon Hill); kind expansion ~ BGG boardgameexpansion; sole candidate id in the search	https://boardgamegeek.com/boardgame/198452			
83	Cult of the Lamb: The Board Game	base	no	474766	CONFIRMED		Cult of the Lamb: The Board Game	2027	Devolver Digital	boardgame	2027	Devolver Digital	0.96	name exact (normalised); year exact (2027); publisher exact (Devolver Digital); kind base ~ BGG boardgame; sole candidate id in the search	https://boardgamegeek.com/boardgame/474766			
84	Slay the Spire: The Board Game – Downfall	expansion	no	454971	CONFIRMED		Slay the Spire: The Board Game – Downfall	2026	Contention Games	boardgameexpansion	2026	Contention Games	0.96	name exact (normalised); year exact (2026); publisher exact (Contention Games); kind expansion ~ BGG boardgameexpansion; sole candidate id in the search	https://boardgamegeek.com/boardgame/454971			
85	Don't Starve: The Board Game	base	no	418146	CONFIRMED		Don't Starve: The Board Game	2027	Glass Cannon Unplugged	boardgame	2027	Glass Cannon Unplugged	0.96	name exact (normalised); year exact (2027); publisher exact (Glass Cannon Unplugged); kind base ~ BGG boardgame; sole candidate id in the search	https://boardgamegeek.com/boardgame/418146			
86	Super Boss Monster 2	base	no	448284	CONFIRMED		Super Boss Monster II: The Die is Cast	2026	Brotherwise Games	boardgame	2026	Brotherwise Games	0.05	name similarity 0.55 (below 0.7); year exact (2026); publisher exact (Brotherwise Games); kind base ~ BGG boardgame; sole candidate id in the search	https://boardgamegeek.com/boardgame/448284	title differs by a subtitle: BGG says "Super Boss Monster II: The Die is Cast" (similarity 0.55)		
87	Honor's End	base	no	452858	CONFIRMED		Honor's End	2027	IV Studio	boardgame	2027	IV Studio	0.96	name exact (normalised); year exact (2027); publisher exact (IV Studio); kind base ~ BGG boardgame; sole candidate id in the search	https://boardgamegeek.com/boardgame/452858			
88	Dice Throne Vanguard	base	yes	453942	CONFIRMED		Dice Throne: Vanguard	2026	Dice Throne, Inc.	boardgame	2026	Dice Throne, Inc.	0.96	name exact (normalised); year exact (2026); publisher exact (Dice Throne, Inc.); kind base ~ BGG boardgame; sole candidate id in the search	https://boardgamegeek.com/boardgame/453942			
89	Risk of Rain: The Board Game	base	no	450574	CONFIRMED		Risk of Rain: The Board Game	2026	Nerdvana Games	boardgame	2026	Nerdvana Games	0.96	name exact (normalised); year exact (2026); publisher exact (Nerdvana Games); kind base ~ BGG boardgame; sole candidate id in the search	https://boardgamegeek.com/boardgame/450574			
90	Deep Rock Galactic: Rival Incursion	expansion	yes		PROPOSED	450336	Deep Rock Galactic: Rival Incursion	2026	MOOD Publishing	boardgameexpansion		MOOD Publishing	1	name exact (normalised); year unknown one side; publisher exact (MOOD Publishing); kind expansion ~ BGG boardgameexpansion; listed as an expansion/accessory of the parent id we already hold	https://boardgamegeek.com/boardgame/450336		rejected 474537 "Deep Rock Galactic: Rival Incursion – Acrylic Tokens" (?) — same family, different product (isFragmentOf)	
91	Scales of Fate	base	yes	437356	CONFIRMED		Scales of Fate	2025	IV Studio	boardgame	2025	IV Studio	0.96	name exact (normalised); year exact (2025); publisher exact (IV Studio); kind base ~ BGG boardgame; sole candidate id in the search	https://boardgamegeek.com/boardgame/437356			
92	Dice Throne: Outcasts	base	yes	431582	CONFIRMED		Dice Throne: Outcasts	2025	Dice Throne, Inc.	boardgame	2025	Dice Throne, Inc.	0.96	name exact (normalised); year exact (2025); publisher exact (Dice Throne, Inc.); kind base ~ BGG boardgame; sole candidate id in the search	https://boardgamegeek.com/boardgame/431582			
93	Tend	base	yes	427388	CONFIRMED		Tend	2025	IV Studio	boardgame	2025	IV Studio	0.96	name exact (normalised); year exact (2025); publisher exact (IV Studio); kind base ~ BGG boardgame; sole candidate id in the search	https://boardgamegeek.com/boardgame/427388			
94	Twisted Cryptids	base	yes	429840	CONFIRMED		Twisted Cryptids	2025	Unstable Games	boardgame	2025	Unstable Games	0.96	name exact (normalised); year exact (2025); publisher exact (Unstable Games); kind base ~ BGG boardgame; sole candidate id in the search	https://boardgamegeek.com/boardgame/429840			
95	Super Boss Monster	base	yes	415524	CONFIRMED		Super Boss Monster	2025	Brotherwise Games	boardgame	2025	Brotherwise Games	0.96	name exact (normalised); year exact (2025); publisher exact (Brotherwise Games); kind base ~ BGG boardgame; sole candidate id in the search	https://boardgamegeek.com/boardgame/415524			
96	Dice Throne: X-Men	base	yes	403494	CONFIRMED		Marvel Dice Throne: X-Men	2025	Dice Throne, Inc.	boardgame	2025	Dice Throne, Inc.	0.78	name similarity 0.86; year exact (2025); publisher exact (Dice Throne, Inc.); kind base ~ BGG boardgame; sole candidate id in the search	https://boardgamegeek.com/boardgame/403494	title differs by a subtitle: BGG says "Marvel Dice Throne: X-Men" (similarity 0.86)		
97	Command of Nature	base	yes	390422	CONFIRMED		Command of Nature	2024	ADC Blackfire Entertainment	boardgame	2024	ADC Blackfire Entertainment	0.96	name exact (normalised); year exact (2024); publisher exact (ADC Blackfire Entertainment); kind base ~ BGG boardgame; sole candidate id in the search	https://boardgamegeek.com/boardgame/390422			
98	Moon	base	yes	358386	CONFIRMED		Moon	2023	Sinister Fish Games	boardgame	2023	Sinister Fish Games	0.96	name exact (normalised); year exact (2023); publisher exact (Sinister Fish Games); kind base ~ BGG boardgame; sole candidate id in the search	https://boardgamegeek.com/boardgame/358386			
100	Moonrakers: Titan Edition	base	yes	438924	CONFIRMED		Moonrakers: Titan Edition	2023	IV Studio	boardgame	2023	IV Studio	0.96	name exact (normalised); year exact (2023); publisher exact (IV Studio); kind base ~ BGG boardgame; sole candidate id in the search	https://boardgamegeek.com/boardgame/438924			
101	Casting Shadows	base	yes	359502	CONFIRMED		Casting Shadows	2023	Unstable Games	boardgame	2023	Unstable Games	0.96	name exact (normalised); year exact (2023); publisher exact (Unstable Games); kind base ~ BGG boardgame; sole candidate id in the search	https://boardgamegeek.com/boardgame/359502			
102	Tidal Blades 2: Rise of the Unfolders	base	yes	233261	CONFIRMED		Tidal Blades 2: Rise of the Unfolders	2024	Druid City Games	boardgame	2024	Druid City Games	0.96	name exact (normalised); year exact (2024); publisher exact (Druid City Games); kind base ~ BGG boardgame; sole candidate id in the search	https://boardgamegeek.com/boardgame/233261			
103	Divine Dungeon the Game	base	yes		UNMATCHED						2022	Mountaindale Press		1 candidate(s) found, none the same product		1 candidate(s) found, none the same product	rejected 233099 "Super Dungeon Explore: Takoashi University – House Unicorn Diviner" (2017) — similarity 0.17 < 0.7	
104	Dice Throne: Santa vs Krampus	base	yes	366310	CONFIRMED		Dice Throne: Santa v. Krampus	2022	Roxley	boardgame	2022	Roxley	0.78	name similarity 0.89; year exact (2022); publisher exact (Roxley); kind base ~ BGG boardgame; sole candidate id in the search	https://boardgamegeek.com/boardgame/366310	title differs by a subtitle: BGG says "Dice Throne: Santa v. Krampus" (similarity 0.89)		
105	Deep Rock Galactic: The Board Game	base	yes	348220	CONFIRMED		Deep Rock Galactic: The Board Game	2022	MOOD Publishing	boardgame	2022	MOOD Publishing	0.96	name exact (normalised); year exact (2022); publisher exact (MOOD Publishing); kind base ~ BGG boardgame; sole candidate id in the search	https://boardgamegeek.com/boardgame/348220			
106	The Binding of Isaac: Four Souls Requiem	expansion	yes	336844	CONFIRMED		The Binding of Isaac: Four Souls Requiem	2023	Maestro Media	boardgameexpansion	2023	Maestro Media	0.96	name exact (normalised); year exact (2023); publisher exact (Maestro Media); kind expansion ~ BGG boardgameexpansion; sole candidate id in the search	https://boardgamegeek.com/boardgame/336844			
107	Here to Slay	base	yes	299252	CONFIRMED		Here to Slay	2020	TeeTurtle	boardgame	2020	TeeTurtle	0.96	name exact (normalised); year exact (2020); publisher exact (TeeTurtle); kind base ~ BGG boardgame; sole candidate id in the search	https://boardgamegeek.com/boardgame/299252			
108	The Binding of Isaac: Four Souls	base	yes	255664	CONFIRMED		The Binding of Isaac: Four Souls	2018	Maestro Media	boardgame	2018	Maestro Media	0.96	name exact (normalised); year exact (2018); publisher exact (Maestro Media); kind base ~ BGG boardgame; sole candidate id in the search	https://boardgamegeek.com/boardgame/255664			
109	Terraria: The Board Game	base	yes	391286	CONFIRMED		Terraria: The Board Game	2026	Paper Fort Games	boardgame	2026	Paper Fort Games	0.96	name exact (normalised); year exact (2026); publisher exact (Paper Fort Games); kind base ~ BGG boardgame; sole candidate id in the search	https://boardgamegeek.com/boardgame/391286			
110	Realm of Reckoning	base	yes	446893	CONFIRMED		Realm of Reckoning	2026	IV Studio	boardgame	2026	IV Studio	0.96	name exact (normalised); year exact (2026); publisher exact (IV Studio); kind base ~ BGG boardgame; sole candidate id in the search	https://boardgamegeek.com/boardgame/446893			
111	Boss Monster Junior	base	no	448286	CONFIRMED		Boss Monster Junior	2026	Brotherwise Games	boardgame	2026	Brotherwise Games	0.96	name exact (normalised); year exact (2026); publisher exact (Brotherwise Games); kind base ~ BGG boardgame; sole candidate id in the search	https://boardgamegeek.com/boardgame/448286			
112	Pillars of Fate	base	yes	440941	CONFIRMED		Pillars of Fate	2025	IV Studio	boardgame	2025	IV Studio	0.96	name exact (normalised); year exact (2025); publisher exact (IV Studio); kind base ~ BGG boardgame; sole candidate id in the search	https://boardgamegeek.com/boardgame/440941			
113	Boss Monster 10th Anniversary Edition	base	yes	386660	CONFIRMED		Boss Monster: 10th Anniversary Edition	2023	Brotherwise Games	boardgame	2023	Brotherwise Games	0.96	name exact (normalised); year exact (2023); publisher exact (Brotherwise Games); kind base ~ BGG boardgame; sole candidate id in the search	https://boardgamegeek.com/boardgame/386660			
114	Dice Throne: Deadpool Box Deluxe Edition	base	yes	403511	SUSPECT		Marvel Dice Throne: Deadpool	2025	Roxley	boardgameexpansion	2025	Roxley		name similarity 0.6 (below 0.7); year exact (2025); publisher exact (Roxley); kind base vs BGG boardgameexpansion; sole candidate id in the search	https://boardgamegeek.com/boardgame/403511	NAME: similarity 0.6 — we say "Dice Throne: Deadpool Box Deluxe Edition", BGG says "Marvel Dice Throne: Deadpool" | kind: we say base, BGG types it boardgameexpansion		
115	Marvel Dice Throne: Missions	base	yes	403495	CONFIRMED		Marvel Dice Throne: Missions	2025	Roxley	boardgameexpansion	2025	Roxley	0.89	name exact (normalised); year exact (2025); publisher exact (Roxley); kind base vs BGG boardgameexpansion; sole candidate id in the search	https://boardgamegeek.com/boardgame/403495	kind: we say base, BGG types it boardgameexpansion		
116	Tidal Blades: Cypher System RPG Corebook	base	yes		UNMATCHED						2024	Allplay		11 candidate(s) found, none the same product		11 candidate(s) found, none the same product	rejected 475403 "Tidal Blades 2: Wardian Sky" (2027) — similarity 0.4 < 0.7	
117	Excursion Tiles 1	accessory	no		UNMATCHED						2024	Xykit		no search results at any rung of the ladder		no search results at any rung of the ladder		
118	Excursion Tiles 2	accessory	no		UNMATCHED						2026	Xykit		no search results at any rung of the ladder		no search results at any rung of the ladder		
119	Cult of the Lamb: Multicolour Prophet and Bishop Miniatures	accessory	no		UNMATCHED									2 candidate(s) found, none the same product		2 candidate(s) found, none the same product	rejected 474766 "Cult of the Lamb: The Board Game" (2027) — same family, different product (isFragmentOf)	
120	Cult of the Lamb: Lamb Shrine Dice Tower	accessory	no		PROPOSED	418010	Knucklebones: Cult of the Lamb Dice Game	2023	Massive Monster	boardgame			0.43	name similarity 0.71; year unknown one side; publisher unknown one side; kind accessory vs BGG boardgame; 2 candidate ids	https://boardgamegeek.com/boardgame/418010		rejected 474766 "Cult of the Lamb: The Board Game" (2027) — same family, different product (isFragmentOf)	
121	Cult of the Lamb: Main Board Playmat	accessory	no		UNMATCHED									2 candidate(s) found, none the same product		2 candidate(s) found, none the same product	rejected 435025 "Revenant: Main Board Playmat" (2025) — similarity 0.55 < 0.7	
122	Cult of the Lamb: Neoprene Enemy Boards	accessory	no		UNMATCHED									2 candidate(s) found, none the same product		2 candidate(s) found, none the same product	rejected 474766 "Cult of the Lamb: The Board Game" (2027) — same family, different product (isFragmentOf)	
123	Cult of the Lamb: Prophet Dice Trays	accessory	no		PROPOSED	418010	Knucklebones: Cult of the Lamb Dice Game	2023	Massive Monster	boardgame			0.43	name similarity 0.71; year unknown one side; publisher unknown one side; kind accessory vs BGG boardgame; 2 candidate ids	https://boardgamegeek.com/boardgame/418010		rejected 474766 "Cult of the Lamb: The Board Game" (2027) — same family, different product (isFragmentOf)	
124	Cult of the Lamb: Acrylic Decoration Token Pack	accessory	no		UNMATCHED									2 candidate(s) found, none the same product		2 candidate(s) found, none the same product	rejected 474766 "Cult of the Lamb: The Board Game" (2027) — same family, different product (isFragmentOf)	
125	Cult of the Lamb: Blessed Droppings Pack	accessory	no		UNMATCHED									2 candidate(s) found, none the same product		2 candidate(s) found, none the same product	rejected 474766 "Cult of the Lamb: The Board Game" (2027) — same family, different product (isFragmentOf)	
126	Cult of the Lamb: Tote Bag	accessory	no		UNMATCHED									2 candidate(s) found, none the same product		2 candidate(s) found, none the same product	rejected 474766 "Cult of the Lamb: The Board Game" (2027) — same family, different product (isFragmentOf)	
127	Slay the Spire: Downfall - Character Playmats	accessory	no		PROPOSED	440472	Slay the Spire: Character & Deck Playmats	2024	Contention Games	boardgameaccessory			0.73	name similarity 0.83; year unknown one side; publisher unknown one side; kind accessory ~ BGG boardgameaccessory; listed as an expansion/accessory of the parent id we already hold	https://boardgamegeek.com/boardgame/440472		rejected 454971 "Slay the Spire: The Board Game – Downfall" (?) — same family, different product (isFragmentOf)	differs by one meaningful word: ours "downfall" vs BGG "deck" — check this is not a sibling product
128	Slay the Spire: Downfall - Acrylic Tokens	accessory	no		UNMATCHED									11 candidate(s) found, none the same product		11 candidate(s) found, none the same product	rejected 454971 "Slay the Spire: The Board Game – Downfall" (2026) — same family, different product (isFragmentOf)	
129	Slay the Spire: Downfall - Table Playmat & Carry Case	accessory	no		UNMATCHED									11 candidate(s) found, none the same product		11 candidate(s) found, none the same product	rejected 440473 "Slay the Spire: Table Playmat" (2024) — same family, different product (isFragmentOf)	
130	Slay the Spire: Downfall - Bag of Preparation	accessory	no		UNMATCHED									11 candidate(s) found, none the same product		11 candidate(s) found, none the same product	rejected 454971 "Slay the Spire: The Board Game – Downfall" (2026) — same family, different product (isFragmentOf)	
131	Slay the Spire: Downfall - Sleeves for Everything Else	accessory	no		UNMATCHED									11 candidate(s) found, none the same product		11 candidate(s) found, none the same product	rejected 454971 "Slay the Spire: The Board Game – Downfall" (2026) — same family, different product (isFragmentOf)	
132	Don't Starve: The Board Game - Stretch Goal Box	promo	no		PROPOSED	443286	Cyberpunk 2077: The Board Game – Stretch Goal Box	2027	CD Projekt RED	boardgameexpansion			0.45	name similarity 0.75; year unknown one side; publisher unknown one side; kind promo ~ BGG boardgameexpansion; 11 candidate ids	https://boardgamegeek.com/boardgame/443286	2 candidates cleared the gate; runner-up 435994 "S.T.A.L.K.E.R. The Board Game: Stretch Goals Box" at 0.45	rejected 457289 "Don't Starve: The Board Game – Cave Calamities" (?) — similarity 0.67 < 0.7	
133	Dice Throne Vanguard: Accessory Pack - Duelist	accessory	yes		PROPOSED	473164	Dice Throne: Vanguard – Duelist Accessory Pack	2026	Dice Throne, Inc.	boardgameexpansion			0.8	name similarity 1; year unknown one side; publisher unknown one side; kind accessory vs BGG expansion; listed as an expansion/accessory of the parent id we already hold	https://boardgamegeek.com/boardgame/473164	4 candidates cleared the gate; runner-up 473163 "Dice Throne: Vanguard – Druid Accessory Pack" at 0.67	rejected 472483 "Dice Throne: Vanguard Playmat" (?) — similarity 0.6 < 0.7	
134	Dice Throne Vanguard: Accessory Pack - Druid	accessory	yes		PROPOSED	473163	Dice Throne: Vanguard – Druid Accessory Pack	2026	Dice Throne, Inc.	boardgameexpansion			0.8	name similarity 1; year unknown one side; publisher unknown one side; kind accessory vs BGG expansion; listed as an expansion/accessory of the parent id we already hold	https://boardgamegeek.com/boardgame/473163	4 candidates cleared the gate; runner-up 473164 "Dice Throne: Vanguard – Duelist Accessory Pack" at 0.67	rejected 472483 "Dice Throne: Vanguard Playmat" (?) — similarity 0.6 < 0.7	
135	Dice Throne Vanguard: Accessory Pack - Forgemaster	accessory	yes		PROPOSED	473165	Dice Throne: Vanguard – Forgemaster Accessory Pack	2026	Dice Throne, Inc.	boardgameexpansion			0.8	name similarity 1; year unknown one side; publisher unknown one side; kind accessory vs BGG expansion; listed as an expansion/accessory of the parent id we already hold	https://boardgamegeek.com/boardgame/473165	4 candidates cleared the gate; runner-up 473163 "Dice Throne: Vanguard – Druid Accessory Pack" at 0.67	rejected 472483 "Dice Throne: Vanguard Playmat" (?) — similarity 0.6 < 0.7	
136	Dice Throne Vanguard: Accessory Pack - Sun Elf	accessory	yes		PROPOSED	473166	Dice Throne: Vanguard – Sun Elf Accessory Pack	2026	Dice Throne, Inc.	boardgameexpansion			0.8	name similarity 1; year unknown one side; publisher unknown one side; kind accessory vs BGG expansion; listed as an expansion/accessory of the parent id we already hold	https://boardgamegeek.com/boardgame/473166	4 candidates cleared the gate; runner-up 473163 "Dice Throne: Vanguard – Druid Accessory Pack" at 0.57	rejected 472483 "Dice Throne: Vanguard Playmat" (?) — similarity 0.55 < 0.7	
137	Dice Throne Vanguard: Playmat - Naraxus	accessory	yes		UNMATCHED									11 candidate(s) found, none the same product		11 candidate(s) found, none the same product	rejected 472483 "Dice Throne: Vanguard Playmat" (2026) — same family, different product (isFragmentOf)	
138	Dice Throne Vanguard: Playmat - Druid	accessory	yes		PROPOSED	473163	Dice Throne: Vanguard – Druid Accessory Pack	2026	Dice Throne, Inc.	boardgameexpansion			0.57	name similarity 0.73; year unknown one side; publisher unknown one side; kind accessory vs BGG expansion; listed as an expansion/accessory of the parent id we already hold	https://boardgamegeek.com/boardgame/473163		rejected 472483 "Dice Throne: Vanguard Playmat" (?) — same family, different product (isFragmentOf)	differs by one meaningful word: ours "playmat" vs BGG "accessory" — check this is not a sibling product
139	Dice Throne Vanguard: Playmat - Duelist	accessory	yes		PROPOSED	473164	Dice Throne: Vanguard – Duelist Accessory Pack	2026	Dice Throne, Inc.	boardgameexpansion			0.57	name similarity 0.73; year unknown one side; publisher unknown one side; kind accessory vs BGG expansion; listed as an expansion/accessory of the parent id we already hold	https://boardgamegeek.com/boardgame/473164		rejected 472483 "Dice Throne: Vanguard Playmat" (?) — same family, different product (isFragmentOf)	differs by one meaningful word: ours "playmat" vs BGG "accessory" — check this is not a sibling product
140	Dice Throne Vanguard: Playmat - Forgemaster	accessory	yes		PROPOSED	473165	Dice Throne: Vanguard – Forgemaster Accessory Pack	2026	Dice Throne, Inc.	boardgameexpansion			0.57	name similarity 0.73; year unknown one side; publisher unknown one side; kind accessory vs BGG expansion; listed as an expansion/accessory of the parent id we already hold	https://boardgamegeek.com/boardgame/473165		rejected 472483 "Dice Throne: Vanguard Playmat" (?) — same family, different product (isFragmentOf)	differs by one meaningful word: ours "playmat" vs BGG "accessory" — check this is not a sibling product
141	Dice Throne Vanguard: Playmat - Sun Elf	accessory	yes		PROPOSED	473166	Dice Throne: Vanguard – Sun Elf Accessory Pack	2026	Dice Throne, Inc.	boardgameexpansion			0.57	name similarity 0.77; year unknown one side; publisher unknown one side; kind accessory vs BGG expansion; listed as an expansion/accessory of the parent id we already hold	https://boardgamegeek.com/boardgame/473166		rejected 472483 "Dice Throne: Vanguard Playmat" (?) — same family, different product (isFragmentOf)	differs by one meaningful word: ours "playmat" vs BGG "accessory" — check this is not a sibling product
142	Dice Throne Vanguard: Dice Tray	accessory	yes		PROPOSED	472483	Dice Throne: Vanguard Playmat	2026	Dice Throne, Inc.	boardgameaccessory			0.63	name similarity 0.75; year unknown one side; publisher unknown one side; kind accessory ~ BGG boardgameaccessory; listed as an expansion/accessory of the parent id we already hold	https://boardgamegeek.com/boardgame/472483		rejected 473163 "Dice Throne: Vanguard – Druid Accessory Pack" (?) — similarity 0.6 < 0.7	differs by one meaningful word: ours "tray" vs BGG "playmat" — check this is not a sibling product
143	Dice Throne Vanguard: Barbarian Alt Art Set	promo	yes		UNMATCHED									11 candidate(s) found, none the same product		11 candidate(s) found, none the same product	rejected 453942 "Dice Throne: Vanguard" (2026) — same family, different product (isFragmentOf)	
144	Dice Throne Vanguard: Pyromancer Alt Art Set	promo	yes		UNMATCHED									11 candidate(s) found, none the same product		11 candidate(s) found, none the same product	rejected 453942 "Dice Throne: Vanguard" (2026) — same family, different product (isFragmentOf)	
145	Honor's End: Playmats	accessory	no		UNMATCHED									56 candidate(s) found, none the same product		56 candidate(s) found, none the same product	rejected 458296 "Grimcoven: Playmats" (2025) — similarity 0.4 < 0.7	
146	Honor's End: Dice Towers	accessory	no		UNMATCHED									4 candidate(s) found, none the same product		4 candidate(s) found, none the same product	rejected 353856 "Dice & Towers" (2021) — same family, different product (isFragmentOf)	
147	Honor's End: Embroidered Cloth Bags	accessory	no		UNMATCHED									1 candidate(s) found, none the same product		1 candidate(s) found, none the same product	rejected 369807 "Dungeon Fighter: Embroidered Cloth Bags Pack" (2022) — similarity 0.55 < 0.7	
148	Honor's End: First Edition Hardcover Narrative Book	accessory	no		UNMATCHED									1 candidate(s) found, none the same product		1 candidate(s) found, none the same product	rejected 452858 "Honor's End" (2027) — same family, different product (isFragmentOf)	
149	Honor's End: KS All-in Exclusive Box	accessory	no		UNMATCHED									1 candidate(s) found, none the same product		1 candidate(s) found, none the same product	rejected 452858 "Honor's End" (2027) — same family, different product (isFragmentOf)	
150	Honor's End: Sleeves	accessory	no		UNMATCHED									138 candidate(s) found, none the same product		138 candidate(s) found, none the same product	rejected 316866 "Spire's End: Custom Card Sleeves" (2020) — similarity 0.5 < 0.7	
151	Super Boss Monster 2: Icy-themed Neoprene Town Mat	accessory	no		UNMATCHED									4 candidate(s) found, none the same product		4 candidate(s) found, none the same product	rejected 454604 "Super Boss Monster: Combo Pack" (?) — similarity 0.46 < 0.7	
152	Super Boss Monster: Combo Pack	promo	no		PROPOSED	454604	Super Boss Monster: Combo Pack	2026	Brotherwise Games	boardgameexpansion			1	name exact (normalised); year unknown one side; publisher unknown one side; kind promo ~ BGG boardgameexpansion; listed as an expansion/accessory of the parent id we already hold	https://boardgamegeek.com/boardgame/454604		rejected 454602 "Super Boss Monster: The Dice Age Pack" (?) — similarity 0.67 < 0.7	
153	Risk of Rain: The Board Game - Survivors of the Void Expansion	expansion	no		PROPOSED	452174	Risk of Rain: The Board Game – Survivors of the Void Expansion	2026	Nerdvana Games	boardgameexpansion	2026	Nerdvana Games	1	name exact (normalised); year exact (2026); publisher exact (Nerdvana Games); kind expansion ~ BGG boardgameexpansion; listed as an expansion/accessory of the parent id we already hold	https://boardgamegeek.com/boardgame/452174	3 candidates cleared the gate; runner-up 452176 "Risk of Rain: The Board Game – Gup Containment Expansion" at 0.75	rejected 452178 "Risk of Rain: The Board Game – Boss Miniatures Pack" (?) — similarity 0.67 < 0.7	
154	Risk of Rain: The Board Game - Seekers of the Storm Expansion	expansion	no		PROPOSED	452175	Risk of Rain: The Board Game – Seekers of the Storm Expansion	2026	Nerdvana Games	boardgameexpansion	2026	Nerdvana Games	1	name exact (normalised); year exact (2026); publisher exact (Nerdvana Games); kind expansion ~ BGG boardgameexpansion; listed as an expansion/accessory of the parent id we already hold	https://boardgamegeek.com/boardgame/452175	3 candidates cleared the gate; runner-up 452176 "Risk of Rain: The Board Game – Gup Containment Expansion" at 0.75	rejected 452178 "Risk of Rain: The Board Game – Boss Miniatures Pack" (?) — similarity 0.67 < 0.7	
155	Risk of Rain: The Board Game - Gup Containment Expansion	expansion	no		PROPOSED	452176	Risk of Rain: The Board Game – Gup Containment Expansion	2026	Nerdvana Games	boardgameexpansion	2026	Nerdvana Games	1	name exact (normalised); year exact (2026); publisher exact (Nerdvana Games); kind expansion ~ BGG boardgameexpansion; listed as an expansion/accessory of the parent id we already hold	https://boardgamegeek.com/boardgame/452176	3 candidates cleared the gate; runner-up 452175 "Risk of Rain: The Board Game – Seekers of the Storm Expansion" at 0.75	rejected 452178 "Risk of Rain: The Board Game – Boss Miniatures Pack" (?) — similarity 0.67 < 0.7	
156	Risk of Rain: The Board Game - Deluxe Metal Coins	accessory	no		UNMATCHED									5 candidate(s) found, none the same product		5 candidate(s) found, none the same product	rejected 450574 "Risk of Rain: The Board Game" (2026) — same family, different product (isFragmentOf)	
157	Risk of Rain: The Board Game - Boss Miniatures	accessory	no		PROPOSED	452176	Risk of Rain: The Board Game – Gup Containment Expansion	2026	Nerdvana Games	boardgameexpansion			0.57	name similarity 0.71; year unknown one side; publisher unknown one side; kind accessory vs BGG expansion; listed as an expansion/accessory of the parent id we already hold	https://boardgamegeek.com/boardgame/452176	3 candidates cleared the gate; runner-up 452175 "Risk of Rain: The Board Game – Seekers of the Storm Expansion" at 0.57	rejected 452178 "Risk of Rain: The Board Game – Boss Miniatures Pack" (?) — same family, different product (isFragmentOf)	
158	Risk of Rain: The Board Game - Drone Miniatures	accessory	no		PROPOSED	452178	Risk of Rain: The Board Game – Boss Miniatures Pack	2026	Nerdvana Games	boardgameaccessory			0.73	name similarity 0.82; year unknown one side; publisher unknown one side; kind accessory ~ BGG boardgameaccessory; listed as an expansion/accessory of the parent id we already hold	https://boardgamegeek.com/boardgame/452178	4 candidates cleared the gate; runner-up 452176 "Risk of Rain: The Board Game – Gup Containment Expansion" at 0.57		differs by one meaningful word: ours "drone" vs BGG "boss" — check this is not a sibling product
159	Risk of Rain: The Board Game - Tracker Coin	accessory	no		PROPOSED	452178	Risk of Rain: The Board Game – Boss Miniatures Pack	2026	Nerdvana Games	boardgameaccessory			0.63	name similarity 0.71; year unknown one side; publisher unknown one side; kind accessory ~ BGG boardgameaccessory; listed as an expansion/accessory of the parent id we already hold	https://boardgamegeek.com/boardgame/452178	4 candidates cleared the gate; runner-up 452176 "Risk of Rain: The Board Game – Gup Containment Expansion" at 0.57		
160	Deep Rock Galactic: Shockwyrm Mini Expansion	expansion	yes		PROPOSED	450552	Deep Rock Galactic: The Board Game – Shockwyrm Mini Expansion	2026	MOOD Publishing	boardgameexpansion		MOOD Publishing	0.78	name similarity 0.8; year unknown one side; publisher exact (MOOD Publishing); kind expansion ~ BGG boardgameexpansion; listed as an expansion/accessory of the parent id we already hold	https://boardgamegeek.com/boardgame/450552	2 candidates cleared the gate; runner-up 401798 "Deep Rock Galactic: Biome Expansion" at 0.69	rejected 401797 "Deep Rock Galactic: Space Rig Expansion" (?) — similarity 0.67 < 0.7	
161	Deep Rock Galactic: Barrel Flick Game	expansion	yes		UNMATCHED									22 candidate(s) found, none the same product		22 candidate(s) found, none the same product	rejected 348220 "Deep Rock Galactic: The Board Game" (2022) — same family, different product (isFragmentOf)	
162	Deep Rock Galactic: KS Exclusive Dice Bag	accessory	yes		UNMATCHED									22 candidate(s) found, none the same product		22 candidate(s) found, none the same product	rejected 474545 "Deep Rock Galactic: Dice bag" (2026) — same family, different product (isFragmentOf)	
163	Deep Rock Galactic: KS Exclusive Glittery Cave Walls	promo	yes		UNMATCHED									22 candidate(s) found, none the same product		22 candidate(s) found, none the same product	rejected 474551 "Deep Rock Galactic: Hidden cave segments" (2026) — similarity 0.57 < 0.7	
164	Deep Rock Galactic: KS Exclusive BET C Infected Robot Encounter	promo	yes		UNMATCHED									22 candidate(s) found, none the same product		22 candidate(s) found, none the same product	rejected 401798 "Deep Rock Galactic: Biome Expansion" (2024) — similarity 0.43 < 0.7	
165	Deep Rock Galactic: KS Exclusive Swarm Tracker	promo	yes		UNMATCHED									22 candidate(s) found, none the same product		22 candidate(s) found, none the same product	rejected 401798 "Deep Rock Galactic: Biome Expansion" (2024) — similarity 0.5 < 0.7	
166	Deep Rock Galactic: Steeve Mini	promo	yes		UNMATCHED									22 candidate(s) found, none the same product		22 candidate(s) found, none the same product	rejected 401798 "Deep Rock Galactic: Biome Expansion" (2024) — similarity 0.6 < 0.7	
167	Deep Rock Galactic: Premium Dice in Metal Box	accessory	yes		PROPOSED	474535	Deep Rock Galactic: The Board Game – Premium Dice in Metal Box	2026	MOOD Publishing	boardgameaccessory			0.73	name similarity 0.84; year unknown one side; publisher unknown one side; kind accessory ~ BGG boardgameaccessory; listed as an expansion/accessory of the parent id we already hold	https://boardgamegeek.com/boardgame/474535		rejected 474545 "Deep Rock Galactic: Dice bag" (?) — similarity 0.62 < 0.7	
168	Deep Rock Galactic: Rivals Neoprene Mat	accessory	yes		UNMATCHED									22 candidate(s) found, none the same product		22 candidate(s) found, none the same product	rejected 422826 "Deep Rock Galactic: The Board Game – Neoprene Mat" (2022) — same family, different product (isFragmentOf)	
169	Deep Rock Galactic: Horrors of Hoxxes Acrylic Tokens	accessory	yes		PROPOSED	474536	Deep Rock Galactic: Horrors of Hoxxes – Acrylic Tokens	2026	MOOD Publishing	boardgameaccessory			1	name exact (normalised); year unknown one side; publisher unknown one side; kind accessory ~ BGG boardgameaccessory; listed as an expansion/accessory of the parent id we already hold	https://boardgamegeek.com/boardgame/474536		rejected 450406 "Deep Rock Galactic: Horrors of Hoxxes" (?) — same family, different product (isFragmentOf)	
170	Deep Rock Galactic: Rival Incursion Acrylic Tokens	accessory	yes		PROPOSED	474537	Deep Rock Galactic: Rival Incursion – Acrylic Tokens	2026	MOOD Publishing	boardgameaccessory			1	name exact (normalised); year unknown one side; publisher unknown one side; kind accessory ~ BGG boardgameaccessory; listed as an expansion/accessory of the parent id we already hold	https://boardgamegeek.com/boardgame/474537		rejected 450336 "Deep Rock Galactic: Rival Incursion" (?) — same family, different product (isFragmentOf)	
171	Deep Rock Galactic: Rivals Card Sleeves	accessory	yes		UNMATCHED									22 candidate(s) found, none the same product		22 candidate(s) found, none the same product	rejected 401798 "Deep Rock Galactic: Biome Expansion" (2024) — similarity 0.55 < 0.7	
172	Deep Rock Galactic: Upgrade Kit Deluxe	accessory	yes		UNMATCHED									35 candidate(s) found, none the same product		35 candidate(s) found, none the same product	rejected 466964 "Compania: Deluxe Upgrade Kit" (2026) — similarity 0.6 < 0.7	
173	Scales of Fate: Community Card Pack	promo	yes		UNMATCHED									1 candidate(s) found, none the same product		1 candidate(s) found, none the same product	rejected 462006 "Scales of Fate: Community Cards Vol. 1" (2025) — similarity 0.67 < 0.7	
174	Scales of Fate: Make it Metal	accessory	yes		UNMATCHED									2 candidate(s) found, none the same product		2 candidate(s) found, none the same product	rejected 437356 "Scales of Fate" (2025) — same family, different product (isFragmentOf)	
175	Scales of Fate: Card Sleeves	accessory	yes		UNMATCHED									74 candidate(s) found, none the same product		74 candidate(s) found, none the same product	rejected 435132 "Explorers of Navoria: Card Sleeves" (2024) — similarity 0.6 < 0.7	
176	Dice Throne Outcasts: Promo Pack	promo	yes		PROPOSED	457577	Dice Throne: Outcasts – Promo Pack	2025	Dice Throne, Inc.	boardgameexpansion		Dice Throne, Inc.	1	name exact (normalised); year unknown one side; publisher exact (Dice Throne, Inc.); kind promo ~ BGG boardgameexpansion; listed as an expansion/accessory of the parent id we already hold	https://boardgamegeek.com/boardgame/457577		rejected 457573 "Dice Throne: Outcasts – Acrylic Tokens" (?) — similarity 0.6 < 0.7	
179	Dice Throne Outcasts: Acrylic Token Upgrades	accessory	yes		PROPOSED	457573	Dice Throne: Outcasts – Acrylic Tokens	2025	Dice Throne, Inc.	boardgameaccessory			0.63	name similarity 0.73; year unknown one side; publisher unknown one side; kind accessory ~ BGG boardgameaccessory; listed as an expansion/accessory of the parent id we already hold	https://boardgamegeek.com/boardgame/457573		rejected 457577 "Dice Throne: Outcasts – Promo Pack" (?) — similarity 0.55 < 0.7	
180	Dice Throne: Adventures – Unchained	expansion	yes	431993	CONFIRMED		Dice Throne: Adventures – Unchained	2025	Roxley	boardgameexpansion	2025	Roxley	0.96	name exact (normalised); year exact (2025); publisher exact (Roxley); kind expansion ~ BGG boardgameexpansion; sole candidate id in the search	https://boardgamegeek.com/boardgame/431993			
181	Tend: 12-Player Expansion	expansion	yes		PROPOSED	466553	Tend: 7-12 Player Expansion	2025	IV Studio	boardgameexpansion		IV Studio	0.89	name similarity 1; year unknown one side; publisher exact (IV Studio); kind expansion ~ BGG boardgameexpansion; listed as an expansion/accessory of the parent id we already hold	https://boardgamegeek.com/boardgame/466553			
182	Tend: Bonus Farm & Project Sheets	accessory	yes		UNMATCHED									14 candidate(s) found, none the same product		14 candidate(s) found, none the same product	rejected 427388 "Tend" (2025) — same family, different product (isFragmentOf)	
183	Tend: Bonus Woods & Mines Scratch Off Cards	accessory	yes		UNMATCHED									14 candidate(s) found, none the same product		14 candidate(s) found, none the same product	rejected 427388 "Tend" (2025) — same family, different product (isFragmentOf)	
184	Tend: Stamp Markers	accessory	yes		UNMATCHED									14 candidate(s) found, none the same product		14 candidate(s) found, none the same product	rejected 427388 "Tend" (2025) — same family, different product (isFragmentOf)	
185	Tend: Double-sided Neoprene Mat	accessory	yes		UNMATCHED									2 candidate(s) found, none the same product		2 candidate(s) found, none the same product	rejected 442736 "Quests & Cannons: The Risen Islands – Double-Sided Neoprene Quick Play Mat" (2025) — similarity 0.5 < 0.7	
186	Tend: Starter Tasks Holographic Card Pack	promo	yes		UNMATCHED									14 candidate(s) found, none the same product		14 candidate(s) found, none the same product	rejected 427388 "Tend" (2025) — same family, different product (isFragmentOf)	
187	Tend: Holographic Box	accessory	yes		UNMATCHED									14 candidate(s) found, none the same product		14 candidate(s) found, none the same product	rejected 427388 "Tend" (2025) — same family, different product (isFragmentOf)	
188	Tend: Contrast Washed Zenith Scratch Coins	accessory	yes		UNMATCHED									14 candidate(s) found, none the same product		14 candidate(s) found, none the same product	rejected 427388 "Tend" (2025) — same family, different product (isFragmentOf)	
189	Tend: Community Card Pack	promo	yes		UNMATCHED									14 candidate(s) found, none the same product		14 candidate(s) found, none the same product	rejected 427388 "Tend" (2025) — same family, different product (isFragmentOf)	
190	Tend: Sleeves	accessory	yes		UNMATCHED									139 candidate(s) found, none the same product		139 candidate(s) found, none the same product	rejected 435151 "Blood: Sleeves" (2026) — similarity 0.5 < 0.7	
191	Tend: 12-Player Expansion Sleeves	accessory	yes		UNMATCHED									14 candidate(s) found, none the same product		14 candidate(s) found, none the same product	rejected 466553 "Tend: 7-12 Player Expansion" (2025) — same family, different product (isFragmentOf)	
192	Twisted Cryptids: Cryptid Culture Expansion	expansion	yes		PROPOSED	429843	Twisted Cryptids: Cryptid Culture	2025	Unstable Games	boardgameexpansion		Unstable Games	0.78	name similarity 0.89; year unknown one side; publisher exact (Unstable Games); kind expansion ~ BGG boardgameexpansion; listed as an expansion/accessory of the parent id we already hold	https://boardgamegeek.com/boardgame/429843		rejected 430088 "Twisted Cryptids: Cryptid Play Mats" (?) — similarity 0.6 < 0.7	
193	Twisted Cryptids: KS Exclusive Vinyl Figure Box Set	accessory	yes		UNMATCHED									28 candidate(s) found, none the same product		28 candidate(s) found, none the same product	rejected 430091 "Twisted Cryptids: Vinyl Figure Box Set" (2025) — same family, different product (isFragmentOf)	
194	Twisted Cryptids: KS Exclusive Play Mat Bundle Box	accessory	yes		UNMATCHED									28 candidate(s) found, none the same product		28 candidate(s) found, none the same product	rejected 430086 "Twisted Cryptids: Play Mat Bundle Box" (2025) — same family, different product (isFragmentOf)	
195	Twisted Cryptids: KS Exclusive Double-Sided Cryptid Acrylic Standees	accessory	yes		UNMATCHED									28 candidate(s) found, none the same product		28 candidate(s) found, none the same product	rejected 430087 "Twisted Cryptids: Double-Sided Cryptid Acrylic Standees" (2025) — same family, different product (isFragmentOf)	
196	Twisted Cryptids: KS Exclusive Cryptid Play Mats	accessory	yes		UNMATCHED									28 candidate(s) found, none the same product		28 candidate(s) found, none the same product	rejected 430088 "Twisted Cryptids: Cryptid Play Mats" (2025) — same family, different product (isFragmentOf)	
197	Twisted Cryptids: KS Exclusive Central Play Mat	accessory	yes		UNMATCHED									28 candidate(s) found, none the same product		28 candidate(s) found, none the same product	rejected 430089 "Twisted Cryptids: Central Play Mat" (2025) — same family, different product (isFragmentOf)	
198	Twisted Cryptids: KS Exclusive Rest Area Play Mat	accessory	yes		UNMATCHED									28 candidate(s) found, none the same product		28 candidate(s) found, none the same product	rejected 430090 "Twisted Cryptids: Rest Area Play Mat" (2025) — same family, different product (isFragmentOf)	
199	Twisted Cryptids: Card Sleeve Packs	accessory	yes		UNMATCHED									28 candidate(s) found, none the same product		28 candidate(s) found, none the same product	rejected 429840 "Twisted Cryptids" (2025) — same family, different product (isFragmentOf)	
200	Iliad: Fabric Bags	accessory	yes		UNMATCHED									6 candidate(s) found, none the same product		6 candidate(s) found, none the same product	rejected 340965 "Maharaja: Printed Fabric Player Bags" (2021) — similarity 0.5 < 0.7	
201	Iliad: Deluxe Wood Tiles	accessory	yes		PROPOSED	465335	Iliad: Deluxe Wood Tiles	2025	Bitewing Games	boardgameaccessory			1	name exact (normalised); year unknown one side; publisher unknown one side; kind accessory ~ BGG boardgameaccessory; listed as an expansion/accessory of the parent id we already hold	https://boardgamegeek.com/boardgame/465335		rejected 465336 "Iliad: Deluxe Token Pedestal" (?) — similarity 0.5 < 0.7	
202	Iliad: Deluxe Token Pedestal	accessory	yes		PROPOSED	465336	Iliad: Deluxe Token Pedestal	2025	Bitewing Games	boardgameaccessory			1	name exact (normalised); year unknown one side; publisher unknown one side; kind accessory ~ BGG boardgameaccessory; listed as an expansion/accessory of the parent id we already hold	https://boardgamegeek.com/boardgame/465336		rejected 465335 "Iliad: Deluxe Wood Tiles" (?) — similarity 0.5 < 0.7	
203	Ichor: Reinforcements & Gates Expansion	expansion	yes		PROPOSED	436368	Ichor: Reinforcements & Gates Expansion	2025	Bitewing Games	boardgameexpansion			1	name exact (normalised); year unknown one side; publisher unknown one side; kind expansion ~ BGG boardgameexpansion; listed as an expansion/accessory of the parent id we already hold	https://boardgamegeek.com/boardgame/436368		rejected 465340 "Ichor: Deluxe Acrylic Standees" (?) — similarity 0.25 < 0.7	
204	Ichor: Deluxe Acrylic Standees	accessory	yes		PROPOSED	465340	Ichor: Deluxe Acrylic Standees	2025	Bitewing Games	boardgameaccessory			1	name exact (normalised); year unknown one side; publisher unknown one side; kind accessory ~ BGG boardgameaccessory; listed as an expansion/accessory of the parent id we already hold	https://boardgamegeek.com/boardgame/465340		rejected 465341 "Ichor: Deluxe Gate Tiles" (?) — similarity 0.5 < 0.7	
205	Ichor: Deluxe Wood Gate Tiles	accessory	yes		UNMATCHED									9 candidate(s) found, none the same product		9 candidate(s) found, none the same product	rejected 465341 "Ichor: Deluxe Gate Tiles" (2025) — same family, different product (isFragmentOf)	
206	Ichor: Deluxe Resin Discs	accessory	yes		PROPOSED	465342	Ichor: Deluxe Resin Discs	2025	Bitewing Games	boardgameaccessory			1	name exact (normalised); year unknown one side; publisher unknown one side; kind accessory ~ BGG boardgameaccessory; listed as an expansion/accessory of the parent id we already hold	https://boardgamegeek.com/boardgame/465342		rejected 465340 "Ichor: Deluxe Acrylic Standees" (?) — similarity 0.5 < 0.7	
207	Brink: Community Card Pack	promo	yes		UNMATCHED									7 candidate(s) found, none the same product		7 candidate(s) found, none the same product	rejected 451782 "Brink: Community Cards Vol 1" (2025) — similarity 0.5 < 0.7	
208	Brink: Bonus Hex Pack	promo	yes		UNMATCHED									7 candidate(s) found, none the same product		7 candidate(s) found, none the same product	rejected 454230 "Brink: Bonus Hexes Vol 1" (2025) — similarity 0.5 < 0.7	
209	Brink: Player Ships and Attachment Miniatures	accessory	yes		UNMATCHED									45 candidate(s) found, none the same product		45 candidate(s) found, none the same product	rejected 450957 "Brink: Metal First Player Token" (2025) — similarity 0.36 < 0.7	
210	Brink: Faction Objective Miniatures	accessory	yes		UNMATCHED									45 candidate(s) found, none the same product		45 candidate(s) found, none the same product	rejected 14780 "Brink" (2004) — same family, different product (isFragmentOf)	
211	Brink: Player and Organizational Trays	accessory	yes		UNMATCHED									45 candidate(s) found, none the same product		45 candidate(s) found, none the same product	rejected 450957 "Brink: Metal First Player Token" (2025) — similarity 0.4 < 0.7	
212	Brink: Custom Influence Cubes	accessory	yes		UNMATCHED									45 candidate(s) found, none the same product		45 candidate(s) found, none the same product	rejected 14780 "Brink" (2004) — same family, different product (isFragmentOf)	
213	Brink: Holofoil Box	accessory	yes		UNMATCHED									45 candidate(s) found, none the same product		45 candidate(s) found, none the same product	rejected 14780 "Brink" (2004) — same family, different product (isFragmentOf)	
214	Brink: Holofoil Ambassador & Faction Objective Cards	promo	yes		UNMATCHED									45 candidate(s) found, none the same product		45 candidate(s) found, none the same product	rejected 451782 "Brink: Community Cards Vol 1" (2025) — similarity 0.4 < 0.7	
215	Brink: Pre-painted Ship, Attachment, and Faction Objective Miniatures	accessory	yes		UNMATCHED									45 candidate(s) found, none the same product		45 candidate(s) found, none the same product	rejected 14780 "Brink" (2004) — same family, different product (isFragmentOf)	
216	Brink: Sleeves	accessory	yes		UNMATCHED									145 candidate(s) found, none the same product		145 candidate(s) found, none the same product	rejected 435151 "Blood: Sleeves" (2026) — similarity 0.5 < 0.7	
217	Brink: Mat	accessory	yes		UNMATCHED									882 candidate(s) found, none the same product		882 candidate(s) found, none the same product	rejected 11411 "Blip-o-mat" (1977) — similarity 0.5 < 0.7	
218	Moonrakers: Frontier Micro-Expansion	expansion	yes		PROPOSED	460741	Moonrakers: Vanguard Micro-expansion	2025	IV Studio	boardgameexpansion		IV Studio	0.54	name similarity 0.75; year unknown one side; publisher exact (IV Studio); kind expansion ~ BGG boardgameexpansion; 32 candidate ids	https://boardgamegeek.com/boardgame/460741		rejected 424408 "Moonrakers: Frontier" (2025) — same family, different product (isFragmentOf)	differs by one meaningful word: ours "frontier" vs BGG "vanguard" — check this is not a sibling product
219	Super Boss Monster: Neoprene Town Mat	accessory	yes		UNMATCHED									12 candidate(s) found, none the same product		12 candidate(s) found, none the same product	rejected 415524 "Super Boss Monster" (2025) — same family, different product (isFragmentOf)	
220	Super Boss Monster: Wooden Game Tokens	accessory	yes		UNMATCHED									12 candidate(s) found, none the same product		12 candidate(s) found, none the same product	rejected 415524 "Super Boss Monster" (2025) — same family, different product (isFragmentOf)	
221	Super Boss Monster: Collector's Big Box	accessory	yes		UNMATCHED									14 candidate(s) found, none the same product		14 candidate(s) found, none the same product	rejected 425374 "Terrorscape: Collector's Big Box" (2023) — similarity 0.6 < 0.7	
222	Super Boss Monster: Neoprene Player Dungeon Mats	accessory	yes		UNMATCHED									12 candidate(s) found, none the same product		12 candidate(s) found, none the same product	rejected 444711 "Super Boss Monster: Neoprene Player Mats (1-4)" (2025) — same family, different product (isFragmentOf)	
223	Super Boss Monster: Kickstarter Pack of Promo Cards	promo	yes		UNMATCHED									11 candidate(s) found, none the same product		11 candidate(s) found, none the same product	rejected 418617 "Super Boss Monster: Kickstarter Pack" (?) — same family, different product (isFragmentOf)	
225	Dice Throne X-Men: Dice Tray	accessory	yes		UNMATCHED									10 candidate(s) found, none the same product		10 candidate(s) found, none the same product	rejected 442739 "Marvel Dice Throne: X-Men – Collapsible Dice Tray" (2025) — same family, different product (isFragmentOf)	
228	Dice Throne X-Men: Promo Pack	promo	yes		UNMATCHED									13 candidate(s) found, none the same product		13 candidate(s) found, none the same product	rejected 403494 "Marvel Dice Throne: X-Men" (2025) — similarity 0.67 < 0.7	
229	Marvel Dice Throne: Token Upgrades	accessory	yes		UNMATCHED									17 candidate(s) found, none the same product		17 candidate(s) found, none the same product	rejected 403511 "Marvel Dice Throne: Deadpool" (?) — similarity 0.67 < 0.7	
230	Dice Throne X-Men: Token Upgrades	accessory	yes		UNMATCHED									13 candidate(s) found, none the same product		13 candidate(s) found, none the same product	rejected 403494 "Marvel Dice Throne: X-Men" (2025) — similarity 0.67 < 0.7	
231	Deep Rock Galactic: Bulk Detonator Miniature Expansion	expansion	yes		PROPOSED	422824	Deep Rock Galactic: The Board Game – Bulk Detonator Miniature Expansion	2024	MOOD Publishing	boardgameexpansion		MOOD Publishing	0.78	name similarity 0.82; year unknown one side; publisher exact (MOOD Publishing); kind expansion ~ BGG boardgameexpansion; listed as an expansion/accessory of the parent id we already hold	https://boardgamegeek.com/boardgame/422824		rejected 401798 "Deep Rock Galactic: Biome Expansion" (?) — similarity 0.67 < 0.7	
232	Deep Rock Galactic: Tyrant Weed Miniature Expansion	expansion	yes		UNMATCHED							MOOD Publishing		21 candidate(s) found, none the same product		21 candidate(s) found, none the same product	rejected 422825 "Deep Rock Galactic: The Board Game – Korlok Tyrant-Weed Miniature Expansion" (2024) — same family, different product (isFragmentOf)	
233	Deep Rock Galactic: Memorial Hall Dwarf Miniature (KS Exclusive)	promo	yes		UNMATCHED									22 candidate(s) found, none the same product		22 candidate(s) found, none the same product	rejected 401798 "Deep Rock Galactic: Biome Expansion" (2024) — similarity 0.43 < 0.7	
234	Deep Rock Galactic: Beer Coasters	accessory	yes		UNMATCHED									22 candidate(s) found, none the same product		22 candidate(s) found, none the same product	rejected 401798 "Deep Rock Galactic: Biome Expansion" (2024) — similarity 0.6 < 0.7	
235	Deep Rock Galactic: Mixed Missions Book	expansion	yes		UNMATCHED							MOOD Publishing		22 candidate(s) found, none the same product		22 candidate(s) found, none the same product	rejected 401798 "Deep Rock Galactic: Biome Expansion" (2024) — similarity 0.55 < 0.7	
236	Deep Rock Galactic: Expansions Dice Tray	accessory	yes		PROPOSED	474545	Deep Rock Galactic: Dice bag	2026	MOOD Publishing	boardgameaccessory			0.63	name similarity 0.73; year unknown one side; publisher unknown one side; kind accessory ~ BGG boardgameaccessory; listed as an expansion/accessory of the parent id we already hold	https://boardgamegeek.com/boardgame/474545	2 candidates cleared the gate; runner-up 422829 "Deep Rock Galactic: The Board Game – Dice Tray" at 0.63	rejected 401798 "Deep Rock Galactic: Biome Expansion" (?) — similarity 0.55 < 0.7	differs by one meaningful word: ours "tray" vs BGG "bag" — check this is not a sibling product
237	Deep Rock Galactic: Expansions Plastic Tokens	accessory	yes		PROPOSED	422827	Deep Rock Galactic: The Board Game – Plastic Tokens	2022	MOOD Publishing	boardgameaccessory			0.63	name similarity 0.71; year unknown one side; publisher unknown one side; kind accessory ~ BGG boardgameaccessory; listed as an expansion/accessory of the parent id we already hold	https://boardgamegeek.com/boardgame/422827		rejected 425139 "Deep Rock Galactic: The Board Game – Expansion Plastic Tokens" (?) — similarity 0.67 < 0.7	
238	Command of Nature: Sand & Wind Expansion	expansion	yes		PROPOSED	392144	Command of Nature: Sand & Wind	2024	Unstable Games	boardgameexpansion		Unstable Games	0.89	name similarity 0.91; year unknown one side; publisher exact (Unstable Games); kind expansion ~ BGG boardgameexpansion; listed as an expansion/accessory of the parent id we already hold	https://boardgamegeek.com/boardgame/392144		rejected 417826 "Command of Nature: Sand & Wind Expansion Elemental Sage Standee Set" (?) — same family, different product (isFragmentOf)	
239	Command of Nature: Commemorative Enamel Pin	accessory	yes		UNMATCHED									17 candidate(s) found, none the same product		17 candidate(s) found, none the same product	rejected 390422 "Command of Nature" (2024) — same family, different product (isFragmentOf)	
240	Command of Nature: KS Exclusive Vinyl Figure Box	accessory	yes		PROPOSED	417835	Command of Nature: Vinyl Figure Box Set	2024	Unstable Games	boardgameaccessory			0.73	name similarity 0.8; year unknown one side; publisher unknown one side; kind accessory ~ BGG boardgameaccessory; listed as an expansion/accessory of the parent id we already hold	https://boardgamegeek.com/boardgame/417835		rejected 417837 "Command of Nature: Cedar the Twig Sage Vinyl Figure" (?) — similarity 0.59 < 0.7	
241	Command of Nature: Holographic Sage Cards	promo	yes		UNMATCHED									17 candidate(s) found, none the same product		17 candidate(s) found, none the same product	rejected 390422 "Command of Nature" (2024) — same family, different product (isFragmentOf)	
242	Command of Nature: KS Exclusive Play Mat Bundle Box	accessory	yes		PROPOSED	417829	Command of Nature: Elemental Play Mat Bundle	2024	Unstable Games	boardgameaccessory			0.63	name similarity 0.75; year unknown one side; publisher unknown one side; kind accessory ~ BGG boardgameaccessory; listed as an expansion/accessory of the parent id we already hold	https://boardgamegeek.com/boardgame/417829		rejected 417827 "Command of Nature: Play Mat Bundle Box" (?) — same family, different product (isFragmentOf)	
243	Command of Nature: KS Exclusive Elemental Play Mats	accessory	yes		UNMATCHED									17 candidate(s) found, none the same product		17 candidate(s) found, none the same product	rejected 417829 "Command of Nature: Elemental Play Mat Bundle" (2024) — similarity 0.67 < 0.7	
244	Command of Nature: KS Exclusive Market Play Mat	accessory	yes		UNMATCHED									17 candidate(s) found, none the same product		17 candidate(s) found, none the same product	rejected 417845 "Command of Nature: Market Play Mat" (2024) — same family, different product (isFragmentOf)	
245	Command of Nature: Acrylic Standees	accessory	yes		UNMATCHED									34 candidate(s) found, none the same product		34 candidate(s) found, none the same product	rejected 392144 "Command of Nature: Sand & Wind" (?) — similarity 0.6 < 0.7	
246	Command of Nature: Card Sleeves	accessory	yes		UNMATCHED									89 candidate(s) found, none the same product		89 candidate(s) found, none the same product	rejected 425295 "Command of Nature: Solemn Swiper Convention Promo Card" (?) — similarity 0.62 < 0.7	
247	Fractured Sky: Pre-painted Airships, Fortresses, Markets, and Skimmers	accessory	yes		UNMATCHED									5 candidate(s) found, none the same product		5 candidate(s) found, none the same product	rejected 370581 "Fractured Sky" (2024) — same family, different product (isFragmentOf)	
248	Fractured Sky: Magnetic Airships & Troop Power Tokens	accessory	yes		UNMATCHED									5 candidate(s) found, none the same product		5 candidate(s) found, none the same product	rejected 414179 "Fractured Sky: Metal Starfall Tokens" (2023) — similarity 0.5 < 0.7	
249	Fractured Sky: Holofoil Objective Cards	promo	yes		UNMATCHED									5 candidate(s) found, none the same product		5 candidate(s) found, none the same product	rejected 370581 "Fractured Sky" (2024) — same family, different product (isFragmentOf)	
250	Fractured Sky: Holofoil Box	accessory	yes		UNMATCHED									5 candidate(s) found, none the same product		5 candidate(s) found, none the same product	rejected 370581 "Fractured Sky" (2024) — same family, different product (isFragmentOf)	
251	Fractured Sky: Black Magic Custom Organizer	accessory	yes		UNMATCHED									5 candidate(s) found, none the same product		5 candidate(s) found, none the same product	rejected 370581 "Fractured Sky" (2024) — same family, different product (isFragmentOf)	
252	Fractured Sky: Black Magic Custom Trays	accessory	yes		UNMATCHED									5 candidate(s) found, none the same product		5 candidate(s) found, none the same product	rejected 370581 "Fractured Sky" (2024) — same family, different product (isFragmentOf)	
253	Fractured Sky: Lenticular Starfall Cards (KS Exclusive)	promo	yes		UNMATCHED									5 candidate(s) found, none the same product		5 candidate(s) found, none the same product	rejected 414179 "Fractured Sky: Metal Starfall Tokens" (2023) — similarity 0.5 < 0.7	
254	Slay the Spire: Character Playmats	accessory	yes		UNMATCHED									10 candidate(s) found, none the same product		10 candidate(s) found, none the same product	rejected 440472 "Slay the Spire: Character & Deck Playmats" (2024) — same family, different product (isFragmentOf)	
255	Slay the Spire: Metal Coins & Merchant Bag	accessory	yes		PROPOSED	440471	Slay the Spire: Merchant Bag & Metal Coins	2024	Contention Games	boardgameaccessory			0.87	name similarity 1; year unknown one side; publisher unknown one side; kind accessory ~ BGG boardgameaccessory; listed as an expansion/accessory of the parent id we already hold	https://boardgamegeek.com/boardgame/440471		rejected 440473 "Slay the Spire: Table Playmat" (?) — similarity 0.5 < 0.7	
256	Slay the Spire: Claw Pack	promo	yes		UNMATCHED									11 candidate(s) found, none the same product		11 candidate(s) found, none the same product	rejected 338960 "Slay the Spire: The Board Game" (2024) — same family, different product (isFragmentOf)	
257	Slay the Spire: Beta Art	promo	yes		PROPOSED	420682	Slay the Spire: The Board Game – Beta Art	2024	Contention Games	boardgameaccessory			0.73	name similarity 0.83; year unknown one side; publisher unknown one side; kind promo ~ BGG boardgameaccessory; listed as an expansion/accessory of the parent id we already hold	https://boardgamegeek.com/boardgame/420682		rejected 440473 "Slay the Spire: Table Playmat" (?) — similarity 0.6 < 0.7	
258	Slay the Spire: Table Playmat & Carry Bag	accessory	yes		UNMATCHED									11 candidate(s) found, none the same product		11 candidate(s) found, none the same product	rejected 440473 "Slay the Spire: Table Playmat" (2024) — same family, different product (isFragmentOf)	
259	Savage: Table Mat with EVA Carry Bag	accessory	yes		UNMATCHED									61 candidate(s) found, none the same product		61 candidate(s) found, none the same product	rejected 302761 "Savage" (2021) — same family, different product (isFragmentOf)	
260	Savage: Black Walnut Life Tokens	accessory	yes		UNMATCHED									61 candidate(s) found, none the same product		61 candidate(s) found, none the same product	rejected 302761 "Savage" (2021) — same family, different product (isFragmentOf)	
261	Savage: Black Walnut Leader Token	accessory	yes		UNMATCHED									61 candidate(s) found, none the same product		61 candidate(s) found, none the same product	rejected 302761 "Savage" (2021) — same family, different product (isFragmentOf)	
262	Savage: Sky Blue Card Sleeves	accessory	yes		UNMATCHED									61 candidate(s) found, none the same product		61 candidate(s) found, none the same product	rejected 235053 "Bushido: Savage Wave Special Card Pack 1" (2013) — similarity 0.36 < 0.7	
263	Taverns & Dragons: Sneaky Goblin Expansion	expansion	yes		UNMATCHED							Lord Raccoon Games		2 candidate(s) found, none the same product		2 candidate(s) found, none the same product	rejected 339473 "Taverns & Dragons" (2023) — same family, different product (isFragmentOf)	
264	Taverns & Dragons: Pyrodruid Solo Mode	expansion	yes		UNMATCHED							Lord Raccoon Games		2 candidate(s) found, none the same product		2 candidate(s) found, none the same product	rejected 339473 "Taverns & Dragons" (2023) — same family, different product (isFragmentOf)	
265	Taverns & Dragons: Quest Cards	promo	yes		UNMATCHED									14 candidate(s) found, none the same product		14 candidate(s) found, none the same product	rejected 19381 "Quest Cards" (2005) — same family, different product (isFragmentOf)	
266	Moon: Custom Sleeves	accessory	yes		UNMATCHED									20 candidate(s) found, none the same product		20 candidate(s) found, none the same product	rejected 304741 "Alone: Custom Card Sleeves" (2020) — similarity 0.57 < 0.7	
267	Moonrakers: Binding Ties Expansion	expansion	yes		PROPOSED	366450	Moonrakers: Binding Ties	2023	IV Studio	boardgameexpansion			0.67	name similarity 0.86; year unknown one side; publisher unknown one side; kind expansion ~ BGG boardgameexpansion; sole candidate id in the search	https://boardgamegeek.com/boardgame/366450			
268	Moonrakers: Overload Expansion	expansion	yes		PROPOSED	366451	Moonrakers: Overload	2023	IV Studio	boardgameexpansion			0.67	name similarity 0.8; year unknown one side; publisher unknown one side; kind expansion ~ BGG boardgameexpansion; sole candidate id in the search	https://boardgamegeek.com/boardgame/366451			
269	Moonrakers: Nomad Expansion	expansion	yes		PROPOSED	366452	Moonrakers: Nomad	2023	IV Studio	boardgameexpansion			0.63	name similarity 0.8; year unknown one side; publisher unknown one side; kind expansion ~ BGG boardgameexpansion; 2 candidate ids	https://boardgamegeek.com/boardgame/366452		rejected 367401 "Moonrakers: Nomad Navigation Mat" (2023) — same family, different product (isFragmentOf)	
270	Moonrakers: Game Trayz Custom Insert	accessory	yes		UNMATCHED									32 candidate(s) found, none the same product		32 candidate(s) found, none the same product	rejected 367893 "Moonrakers: Titan Edition (w/o base game)" (2023) — similarity 0.4 < 0.7	
271	Moonrakers: Holo Upgrade Pack	promo	yes		UNMATCHED									32 candidate(s) found, none the same product		32 candidate(s) found, none the same product	rejected 417454 "Moonrakers: Holo Pack" (2023) — same family, different product (isFragmentOf)	
273	Dice Throne Adventures: Santa's Workshop 2022 Promo Pack	promo	yes		UNMATCHED									16 candidate(s) found, none the same product		16 candidate(s) found, none the same product	rejected 373288 "Dice Throne: Santa's Workshop Promo Pack" (?) — same family, different product (isFragmentOf)	
275	Tidal Blades 2: Deluxe Miniature and Resource Set	accessory	yes		UNMATCHED									7 candidate(s) found, none the same product		7 candidate(s) found, none the same product	rejected 456861 "Tidal Blades 2: Rise of the Unfolders – Miniature Set" (2023) — similarity 0.53 < 0.7	
276	Tidal Blades 2: Exclusive Promo Scenarios	promo	yes		UNMATCHED									7 candidate(s) found, none the same product		7 candidate(s) found, none the same product	rejected 475403 "Tidal Blades 2: Wardian Sky" (2027) — similarity 0.44 < 0.7	
277	Casting Shadows: Expansion Pack	expansion	yes		UNMATCHED									19 candidate(s) found, none the same product		19 candidate(s) found, none the same product	rejected 359502 "Casting Shadows" (2023) — same family, different product (isFragmentOf)	
278	Casting Shadows: Card Sleeves	accessory	yes		PROPOSED	404827	Casting Shadows: Card Sleeves	2023	Unstable Games	boardgameaccessory			1	name exact (normalised); year unknown one side; publisher unknown one side; kind accessory ~ BGG boardgameaccessory; listed as an expansion/accessory of the parent id we already hold	https://boardgamegeek.com/boardgame/404827		rejected 418486 "Casting Shadows: Cheeky Chinchilla Promo Card" (?) — similarity 0.6 < 0.7	
279	Casting Shadows: KS Exclusive Play Mats	accessory	yes		UNMATCHED									19 candidate(s) found, none the same product		19 candidate(s) found, none the same product	rejected 365761 "Casting Shadows: Exclusive Edition" (2023) — same family, different product (isFragmentOf)	
280	Casting Shadows: KS Exclusive Central Board	accessory	yes		UNMATCHED									19 candidate(s) found, none the same product		19 candidate(s) found, none the same product	rejected 380382 "Casting Shadows: Central Board" (2023) — same family, different product (isFragmentOf)	
281	Casting Shadows: Acrylic Standee Sets	accessory	yes		UNMATCHED									19 candidate(s) found, none the same product		19 candidate(s) found, none the same product	rejected 380350 "Casting Shadows: Standee Set" (2023) — similarity 0.67 < 0.7	
282	Casting Shadows: Vinyl Figure Sets	accessory	yes		PROPOSED	380351	Casting Shadows: Vinyl Figure Set	2023	Unstable Games	boardgameaccessory			0.73	name similarity 0.8; year unknown one side; publisher unknown one side; kind accessory ~ BGG boardgameaccessory; listed as an expansion/accessory of the parent id we already hold	https://boardgamegeek.com/boardgame/380351	2 candidates cleared the gate; runner-up 380352 "Casting Shadows: Vinyl Figure Box Set" at 0.63	rejected 404827 "Casting Shadows: Card Sleeves" (?) — similarity 0.44 < 0.7	
283	Deep Rock Galactic: Beer Mug Event Marker (KS Exclusive)	promo	yes		UNMATCHED									22 candidate(s) found, none the same product		22 candidate(s) found, none the same product	rejected 401798 "Deep Rock Galactic: Biome Expansion" (2024) — similarity 0.43 < 0.7	
284	Deep Rock Galactic: Neoprene Game Mat	accessory	yes		PROPOSED	422826	Deep Rock Galactic: The Board Game – Neoprene Mat	2022	MOOD Publishing	boardgameaccessory			0.73	name similarity 0.86; year unknown one side; publisher unknown one side; kind accessory ~ BGG boardgameaccessory; listed as an expansion/accessory of the parent id we already hold	https://boardgamegeek.com/boardgame/422826		rejected 422829 "Deep Rock Galactic: The Board Game – Dice Tray" (?) — similarity 0.57 < 0.7	
285	Deep Rock Galactic: Large Mouse Mat	accessory	yes		UNMATCHED									22 candidate(s) found, none the same product		22 candidate(s) found, none the same product	rejected 422826 "Deep Rock Galactic: The Board Game – Neoprene Mat" (2022) — similarity 0.57 < 0.7	
286	Deep Rock Galactic: Dwarf Art Prints	accessory	yes		UNMATCHED									22 candidate(s) found, none the same product		22 candidate(s) found, none the same product	rejected 401798 "Deep Rock Galactic: Biome Expansion" (2024) — similarity 0.55 < 0.7	
287	Deep Rock Galactic: Plastic Card Sleeves	accessory	yes		UNMATCHED									22 candidate(s) found, none the same product		22 candidate(s) found, none the same product	rejected 422827 "Deep Rock Galactic: The Board Game – Plastic Tokens" (2022) — similarity 0.57 < 0.7	
288	The Binding of Isaac: Four Souls+ Expansion	expansion	yes		PROPOSED	269477	The Binding of Isaac: Four Souls +	2019	Funforge	boardgameexpansion			0.87	name similarity 0.92; year unknown one side; publisher unknown one side; kind expansion ~ BGG boardgameexpansion; listed as an expansion/accessory of the parent id we already hold	https://boardgamegeek.com/boardgame/269477		rejected 257422 "The Binding of Isaac Four Souls: Kickstarter Expansion Pack" (?) — same family, different product (isFragmentOf)	
289	The Binding of Isaac: Four Souls - Ultimate Collector Edition Box	accessory	yes		PROPOSED	336844	The Binding of Isaac: Four Souls Requiem	2023	Maestro Media	boardgameexpansion			0.57	name similarity 0.71; year unknown one side; publisher unknown one side; kind accessory vs BGG expansion; listed as an expansion/accessory of the parent id we already hold	https://boardgamegeek.com/boardgame/336844		rejected 269477 "The Binding of Isaac: Four Souls +" (?) — same family, different product (isFragmentOf)	
290	The Binding of Isaac: Four Souls - Collector's Dice	accessory	yes		PROPOSED	336844	The Binding of Isaac: Four Souls Requiem	2023	Maestro Media	boardgameexpansion			0.67	name similarity 0.8; year unknown one side; publisher unknown one side; kind accessory vs BGG expansion; listed as an expansion/accessory of the parent id we already hold	https://boardgamegeek.com/boardgame/336844	7 candidates cleared the gate; runner-up 357935 "The Binding of Isaac: Four Souls – 4-Player Mat" at 0.63	rejected 269477 "The Binding of Isaac: Four Souls +" (?) — same family, different product (isFragmentOf)	
291	The Binding of Isaac: Four Souls - Coin Bag	accessory	yes		PROPOSED	336844	The Binding of Isaac: Four Souls Requiem	2023	Maestro Media	boardgameexpansion			0.67	name similarity 0.8; year unknown one side; publisher unknown one side; kind accessory vs BGG expansion; listed as an expansion/accessory of the parent id we already hold	https://boardgamegeek.com/boardgame/336844	6 candidates cleared the gate; runner-up 357935 "The Binding of Isaac: Four Souls – 4-Player Mat" at 0.63	rejected 269477 "The Binding of Isaac: Four Souls +" (?) — same family, different product (isFragmentOf)	
292	The Binding of Isaac: Four Souls - Winged Isaac Figure (KS Exclusive)	accessory	yes		PROPOSED	336844	The Binding of Isaac: Four Souls Requiem	2023	Maestro Media	boardgameexpansion			0.57	name similarity 0.71; year unknown one side; publisher unknown one side; kind accessory vs BGG expansion; listed as an expansion/accessory of the parent id we already hold	https://boardgamegeek.com/boardgame/336844		rejected 269477 "The Binding of Isaac: Four Souls +" (?) — same family, different product (isFragmentOf)	
293	The Binding of Isaac: Four Souls - Warp Zone & Alt Art Cards	promo	yes		PROPOSED	400208	The Binding of Isaac: Four Souls – Tapeworm Promo Cards	2020	Funforge	boardgameexpansion			0.63	name similarity 0.7; year unknown one side; publisher unknown one side; kind promo ~ BGG boardgameexpansion; listed as an expansion/accessory of the parent id we already hold	https://boardgamegeek.com/boardgame/400208		rejected 465509 "The Binding of Isaac: Four Souls – Warp Zone" (?) — same family, different product (isFragmentOf)	
294	Here to Slay: KS Exclusive Monster Expansion Pack	expansion	yes		PROPOSED	375223	Here to Sleigh: A Here to Slay Expansion Pack	2022	Unstable Games	boardgameexpansion			0.63	name similarity 0.71; year unknown one side; publisher unknown one side; kind expansion ~ BGG boardgameexpansion; listed as an expansion/accessory of the parent id we already hold	https://boardgamegeek.com/boardgame/375223		rejected 369042 "Here to Slay: Expansion Play Mat 2-pack" (?) — similarity 0.67 < 0.7	
295	Here to Slay: KS Exclusive Dragon Sorcerers Expansion Pack	expansion	yes		UNMATCHED									42 candidate(s) found, none the same product		42 candidate(s) found, none the same product	rejected 308525 "Here to Slay: Dragon Sorcerer Expansion" (2020) — similarity 0.67 < 0.7	
296	Here to Slay: KS Exclusive Individual Player Play Mats	accessory	yes		UNMATCHED									42 candidate(s) found, none the same product		42 candidate(s) found, none the same product	rejected 369041 "Here to Slay: Play Mat" (2020) — similarity 0.57 < 0.7	
297	Here to Slay: KS Exclusive Central Play Mat	accessory	yes		PROPOSED	461581	Here to Slay: 6 Play Mat Bundle	2025	Unstable Games	boardgameaccessory			0.63	name similarity 0.71; year unknown one side; publisher unknown one side; kind accessory ~ BGG boardgameaccessory; listed as an expansion/accessory of the parent id we already hold	https://boardgamegeek.com/boardgame/461581	2 candidates cleared the gate; runner-up 368976 "Here to Slay: Kickstarter Exclusive Play Mat Box Set" at 0.63	rejected 369040 "Here to Slay: Central Play Mat" (?) — same family, different product (isFragmentOf)	
298	Here to Slay: KS Exclusive Dragon Individual Player Play Mat	accessory	yes		UNMATCHED									42 candidate(s) found, none the same product		42 candidate(s) found, none the same product	rejected 369041 "Here to Slay: Play Mat" (2020) — same family, different product (isFragmentOf)	
299	Here to Slay: Base Game Card Sleeves	accessory	yes		UNMATCHED									42 candidate(s) found, none the same product		42 candidate(s) found, none the same product	rejected 299252 "Here to Slay" (2020) — same family, different product (isFragmentOf)	
300	Here to Slay: Hero Meeples	accessory	yes		PROPOSED	369244	Here to Slay: Berserkers & Necromancers Meeples	2022	Unstable Games	boardgameaccessory			0.63	name similarity 0.73; year unknown one side; publisher unknown one side; kind accessory ~ BGG boardgameaccessory; listed as an expansion/accessory of the parent id we already hold	https://boardgamegeek.com/boardgame/369244	2 candidates cleared the gate; runner-up 369125 "Here to Slay: Warrior & Druids Meeples" at 0.63	rejected 430678 "Here to Slay: Banner Quest" (?) — similarity 0.6 < 0.7	
301	Here to Slay: KS Exclusive Party Leader Acrylic Standees	accessory	yes		UNMATCHED									42 candidate(s) found, none the same product		42 candidate(s) found, none the same product	rejected 369501 "Here to Slay: Acrylic Standees" (2020) — same family, different product (isFragmentOf)	
302	Here to Slay: KS Exclusive Dragon Party Leader Acrylic Standee	accessory	yes		UNMATCHED									42 candidate(s) found, none the same product		42 candidate(s) found, none the same product	rejected 369501 "Here to Slay: Acrylic Standees" (2020) — similarity 0.53 < 0.7	
303	The Binding of Isaac: Four Souls - Gold Box Expansion	expansion	yes		PROPOSED	257422	The Binding of Isaac Four Souls: Kickstarter Expansion Pack	2018	Maestro Media	boardgameexpansion			0.63	name similarity 0.78; year unknown one side; publisher unknown one side; kind expansion ~ BGG boardgameexpansion; listed as an expansion/accessory of the parent id we already hold	https://boardgamegeek.com/boardgame/257422	4 candidates cleared the gate; runner-up 465509 "The Binding of Isaac: Four Souls – Warp Zone" at 0.63	rejected 269477 "The Binding of Isaac: Four Souls +" (?) — same family, different product (isFragmentOf)	differs by one meaningful word: ours "gold" vs BGG "kickstarter" — check this is not a sibling product
304	Aeon's End: Return to Gravehold	expansion	yes		PROPOSED	318951	Aeon's End: Return to Gravehold	2020	Indie Boards & Cards	boardgameexpansion			1	name exact (normalised); year unknown one side; publisher unknown one side; kind expansion ~ BGG boardgameexpansion; listed as an expansion/accessory of the parent id we already hold	https://boardgamegeek.com/boardgame/318951		rejected 363456 "Aeon's End: Legacy of Gravehold – Promos" (?) — similarity 0.55 < 0.7	
305	Realm of Reckoning: New Foundations Expansion	expansion	yes		PROPOSED	471458	Realm of Reckoning: New Foundations	2026	IV Studio	boardgameexpansion			0.87	name similarity 0.91; year unknown one side; publisher unknown one side; kind expansion ~ BGG boardgameexpansion; listed as an expansion/accessory of the parent id we already hold	https://boardgamegeek.com/boardgame/471458		rejected 462754 "Realm of Reckoning: Playmat" (?) — similarity 0.6 < 0.7	
306	Realm of Reckoning: Playmat	accessory	yes		PROPOSED	462754	Realm of Reckoning: Playmat	2026	IV Studio	boardgameaccessory			1	name exact (normalised); year unknown one side; publisher unknown one side; kind accessory ~ BGG boardgameaccessory; listed as an expansion/accessory of the parent id we already hold	https://boardgamegeek.com/boardgame/462754		rejected 471458 "Realm of Reckoning: New Foundations" (?) — similarity 0.67 < 0.7	
307	Realm of Reckoning: Metal Coins	accessory	yes		PROPOSED	462756	Realm of Reckoning: Metal Coins	2026	IV Studio	boardgameaccessory			1	name exact (normalised); year unknown one side; publisher unknown one side; kind accessory ~ BGG boardgameaccessory; listed as an expansion/accessory of the parent id we already hold	https://boardgamegeek.com/boardgame/462756	2 candidates cleared the gate; runner-up 462757 "Realm of Reckoning: Metal Monuments" at 0.73	rejected 462754 "Realm of Reckoning: Playmat" (?) — similarity 0.67 < 0.7	
308	Realm of Reckoning: Metal Monuments	accessory	yes		PROPOSED	462757	Realm of Reckoning: Metal Monuments	2026	IV Studio	boardgameaccessory			1	name exact (normalised); year unknown one side; publisher unknown one side; kind accessory ~ BGG boardgameaccessory; listed as an expansion/accessory of the parent id we already hold	https://boardgamegeek.com/boardgame/462757	2 candidates cleared the gate; runner-up 462756 "Realm of Reckoning: Metal Coins" at 0.73	rejected 462754 "Realm of Reckoning: Playmat" (?) — similarity 0.67 < 0.7	
309	Realm of Reckoning: Screen-Printed Cloth Bags	accessory	yes		PROPOSED	462759	Realm of Reckoning: Screen-printed Cloth Bags	2026	IV Studio	boardgameaccessory			1	name exact (normalised); year unknown one side; publisher unknown one side; kind accessory ~ BGG boardgameaccessory; listed as an expansion/accessory of the parent id we already hold	https://boardgamegeek.com/boardgame/462759		rejected 462754 "Realm of Reckoning: Playmat" (?) — similarity 0.55 < 0.7	
310	Realm of Reckoning: Card Sleeves	accessory	yes		UNMATCHED									78 candidate(s) found, none the same product		78 candidate(s) found, none the same product	rejected 462754 "Realm of Reckoning: Playmat" (?) — similarity 0.67 < 0.7	
311	Pillars of Fate: Community Card Pack	promo	yes		UNMATCHED									1 candidate(s) found, none the same product		1 candidate(s) found, none the same product	rejected 440941 "Pillars of Fate" (2025) — same family, different product (isFragmentOf)	
312	Pillars of Fate: Neoprene Mat	accessory	yes		UNMATCHED									99 candidate(s) found, none the same product		99 candidate(s) found, none the same product	rejected 311050 "Sea of Legends: Neoprene Mat" (2021) — similarity 0.6 < 0.7	
313	Pillars of Fate: Card Sleeves	accessory	yes		UNMATCHED									73 candidate(s) found, none the same product		73 candidate(s) found, none the same product	rejected 435132 "Explorers of Navoria: Card Sleeves" (2024) — similarity 0.6 < 0.7	
314	Terraria: Neoprene Character Mats	accessory	yes		UNMATCHED									3 candidate(s) found, none the same product		3 candidate(s) found, none the same product	rejected 391286 "Terraria: The Board Game" (2026) — same family, different product (isFragmentOf)	
315	Terraria: Custom Wooden Character Pack	accessory	yes		UNMATCHED									3 candidate(s) found, none the same product		3 candidate(s) found, none the same product	rejected 468163 "Terraria: The Board Game – Developer Promo Pack" (2026) — similarity 0.33 < 0.7	
316	Terraria: Dice Tray	accessory	yes		UNMATCHED									67 candidate(s) found, none the same product		67 candidate(s) found, none the same product	rejected 475625 "Aspens: Dice Tray" (2025) — similarity 0.67 < 0.7	
317	Terraria: Action Card Sleeve Pack	accessory	yes		UNMATCHED									3 candidate(s) found, none the same product		3 candidate(s) found, none the same product	rejected 468163 "Terraria: The Board Game – Developer Promo Pack" (2026) — similarity 0.33 < 0.7	
318	Terraria: World Playmat	accessory	yes		UNMATCHED									14 candidate(s) found, none the same product		14 candidate(s) found, none the same product	rejected 360049 "Call of Kilforth: World Playmat" (2022) — similarity 0.5 < 0.7	
319	Boss Monster: The Next Level	expansion	yes		PROPOSED	174973	Boss Monster 2: The Next Level	2015	Brotherwise Games	boardgame		Brotherwise Games	0.74	alternate-name exact ("Boss Monster: The Next Level"); year unknown one side; publisher exact (Brotherwise Games); kind expansion vs BGG base game that HAS expansions/accessories (family trap shape); 6 candidate ids	https://boardgamegeek.com/boardgame/174973		rejected 194453 "Boss Monster 2: The Next Level – The Playmat" (2015) — same family, different product (isFragmentOf)	
320	Boss Monster: Rise of the Minibosses	expansion	yes		PROPOSED	246855	Boss Monster: Rise of the Minibosses	2018	Brotherwise Games	boardgame		Brotherwise Games	0.79	name exact (normalised); year unknown one side; publisher exact (Brotherwise Games); kind expansion vs BGG base game that HAS expansions/accessories (family trap shape); 5 candidate ids	https://boardgamegeek.com/boardgame/246855		rejected 402569 "Boss Monster: The Puzzle Reward Cards" (?) — similarity 0.5 < 0.7	
321	Boss Monster: Tools of Hero-kind	expansion	yes		PROPOSED	133772	Boss Monster: Tools of Hero-Kind	2013	Brotherwise Games	boardgameexpansion		Brotherwise Games	0.88	name exact (normalised); year unknown one side; publisher exact (Brotherwise Games); kind expansion ~ BGG boardgameexpansion; 5 candidate ids	https://boardgamegeek.com/boardgame/133772		rejected 418617 "Super Boss Monster: Kickstarter Pack" (?) — similarity 0.36 < 0.7	
322	Boss Monster: Crash Landing	expansion	yes		PROPOSED	202831	Boss Monster: Crash Landing	2016	Brotherwise Games	boardgameexpansion		Brotherwise Games	0.88	name exact (normalised); year unknown one side; publisher exact (Brotherwise Games); kind expansion ~ BGG boardgameexpansion; 5 candidate ids	https://boardgamegeek.com/boardgame/202831		rejected 418617 "Super Boss Monster: Kickstarter Pack" (?) — similarity 0.44 < 0.7	
323	Boss Monster: Implements of Destruction	expansion	yes		PROPOSED	225319	Boss Monster: Implements of Destruction	2017	Brotherwise Games	boardgameexpansion		Brotherwise Games	0.88	name exact (normalised); year unknown one side; publisher exact (Brotherwise Games); kind expansion ~ BGG boardgameexpansion; 5 candidate ids	https://boardgamegeek.com/boardgame/225319		rejected 418617 "Super Boss Monster: Kickstarter Pack" (?) — similarity 0.4 < 0.7	
324	Boss Monster: Vault of Villains	expansion	yes		PROPOSED	310974	Boss Monster: Vault of Villains	2021	Brotherwise Games	boardgameexpansion		Brotherwise Games	0.88	name exact (normalised); year unknown one side; publisher exact (Brotherwise Games); kind expansion ~ BGG boardgameexpansion; 5 candidate ids	https://boardgamegeek.com/boardgame/310974		rejected 418617 "Super Boss Monster: Kickstarter Pack" (?) — similarity 0.4 < 0.7	
325	Marvel Dice Throne Missions: Card Sleeves	accessory	yes		PROPOSED	442730	Marvel Dice Throne: Missions – Promo Card Set	2025	Roxley	boardgameexpansion			0.57	name similarity 0.77; year unknown one side; publisher unknown one side; kind accessory vs BGG expansion; listed as an expansion/accessory of the parent id we already hold	https://boardgamegeek.com/boardgame/442730		rejected 348406 "Marvel Dice Throne" (?) — same family, different product (isFragmentOf)	differs by one meaningful word: ours "sleeves" vs BGG "promo" — check this is not a sibling product
326	Marvel Dice Throne Missions: Promo Pack	promo	yes		PROPOSED	442730	Marvel Dice Throne: Missions – Promo Card Set	2025	Roxley	boardgameexpansion			0.63	name similarity 0.77; year unknown one side; publisher unknown one side; kind promo ~ BGG boardgameexpansion; listed as an expansion/accessory of the parent id we already hold	https://boardgamegeek.com/boardgame/442730		rejected 348406 "Marvel Dice Throne" (?) — same family, different product (isFragmentOf)	
327	Marvel Dice Throne Missions: Token Upgrades	accessory	yes		UNMATCHED									35 candidate(s) found, none the same product		35 candidate(s) found, none the same product	rejected 348406 "Marvel Dice Throne" (?) — same family, different product (isFragmentOf)	
328	Tidal Blades: Cypher System Exclusive Promo XP Deck	promo	yes		UNMATCHED									11 candidate(s) found, none the same product		11 candidate(s) found, none the same product	rejected 430476 "Tidal Blades 2: Rise of the Unfolders – Exclusive Scenario Book" (2024) — similarity 0.35 < 0.7	
329	The Lord of the Rings: The Fellowship of the Ring - Ascension (Deluxe Edition)	base	no		PROPOSED	2672	Der Herr der Ringe: Die Gefährten – Das Kartenspiel	2001	Ravensburger AG	boardgame	2026	Stone Blade Entertainment	0	name similarity 0 (below 0.7); year off by 25 (2026 vs 2001); publisher absent from BGG list (ours "Stone Blade Entertainment", BGG "Ravensburger AG"); kind base ~ BGG boardgame; 337 candidate ids	https://boardgamegeek.com/boardgame/2672		rejected 3563 "The Lord of the Rings: The Fellowship of the Ring" (2001) — same family, different product (isFragmentOf)	
330	The Lord of the Rings: The Two Towers - Ascension (Deluxe Edition)	base	no	469458	CONFIRMED		The Lord of the Rings: The Two Towers – Ascension	2027	Stone Blade Entertainment	boardgame	2027	Stone Blade Entertainment	0.78	name similarity 0.88; year exact (2027); publisher exact (Stone Blade Entertainment); kind base ~ BGG boardgame; sole candidate id in the search	https://boardgamegeek.com/boardgame/469458	title differs by a subtitle: BGG says "The Lord of the Rings: The Two Towers – Ascension" (similarity 0.88)		
331	The Lord of the Rings: The Return of the King - Ascension (Deluxe Edition)	base	no		UNMATCHED						2026	Stone Blade Entertainment		337 candidate(s) found, none the same product		337 candidate(s) found, none the same product	rejected 13805 "The Lord of the Rings: The Return of the King" (2004) — same family, different product (isFragmentOf)	
332	The Lord of the Rings: Ascension - Premium Components	accessory	no		PROPOSED	469458	The Lord of the Rings: The Two Towers – Ascension	2027	Stone Blade Entertainment	boardgame			0.35	name similarity 0.71; year unknown one side; publisher unknown one side; kind accessory vs BGG boardgame; 337 candidate ids	https://boardgamegeek.com/boardgame/469458		rejected 823 "The Lord of the Rings" (2000) — same family, different product (isFragmentOf)	
333	The Lord of the Rings: Ascension - Metal Runes & Power Trackers	accessory	no		UNMATCHED									337 candidate(s) found, none the same product		337 candidate(s) found, none the same product	rejected 469458 "The Lord of the Rings: The Two Towers – Ascension" (2027) — similarity 0.63 < 0.7	
334	The Lord of the Rings: Ascension - Premium Acrylic Standees (x14)	accessory	no		UNMATCHED									337 candidate(s) found, none the same product		337 candidate(s) found, none the same product	rejected 469458 "The Lord of the Rings: The Two Towers – Ascension" (2027) — similarity 0.63 < 0.7	
335	The Lord of the Rings: Ascension - Honor Coins	accessory	no		PROPOSED	469458	The Lord of the Rings: The Two Towers – Ascension	2027	Stone Blade Entertainment	boardgame			0.35	name similarity 0.71; year unknown one side; publisher unknown one side; kind accessory vs BGG boardgame; 337 candidate ids	https://boardgamegeek.com/boardgame/469458		rejected 823 "The Lord of the Rings" (2000) — same family, different product (isFragmentOf)	
336	The Lord of the Rings: Ascension - Premium The Fellowship of the Ring Board	accessory	no		PROPOSED	2672	Der Herr der Ringe: Die Gefährten – Das Kartenspiel	2001	Ravensburger AG	boardgame			0	name similarity 0 (below 0.7); year unknown one side; publisher unknown one side; kind accessory vs BGG boardgame; 337 candidate ids	https://boardgamegeek.com/boardgame/2672		rejected 7519 "The Lord of the Rings: The Fellowship of the Ring Board Game" (2002) — same family, different product (isFragmentOf)	
337	The Lord of the Rings: Ascension - Premium The Two Towers Board	accessory	no		PROPOSED	26038	Tri-Memo: The Lord of the Rings – The Two Towers	2002	Betexa	boardgame			0.35	name similarity 0.71; year unknown one side; publisher unknown one side; kind accessory vs BGG boardgame; 337 candidate ids	https://boardgamegeek.com/boardgame/26038	2 candidates cleared the gate; runner-up 4780 "Der Herr der Ringe: Die Zwei Türme – das Kartenspiel" at 0	rejected 469458 "The Lord of the Rings: The Two Towers – Ascension" (2027) — same family, different product (isFragmentOf)	
338	The Lord of the Rings: Ascension - Premium The Return of the King Board	accessory	no		UNMATCHED									337 candidate(s) found, none the same product		337 candidate(s) found, none the same product	rejected 40650 "The Lord of the Rings: The Return of the King Board Game" (2004) — same family, different product (isFragmentOf)	
339	The Lord of the Rings: Ascension - Oversized Serialized "The One Ring" Card	promo	no		UNMATCHED									337 candidate(s) found, none the same product		337 candidate(s) found, none the same product	rejected 295924 "The Lord of the RIngs: Card Scramble" (2020) — similarity 0.63 < 0.7	
340	The Lord of the Rings: Ascension - Epic Card Pack (Gamefound Exclusive)	promo	no		UNMATCHED									337 candidate(s) found, none the same product		337 candidate(s) found, none the same product	rejected 295924 "The Lord of the RIngs: Card Scramble" (2020) — similarity 0.63 < 0.7	
341	Altera	base	no	469367	CONFIRMED		Altera	2027	IV Studio	boardgame	2027	IV Studio	0.96	name exact (normalised); year exact (2027); publisher exact (IV Studio); kind base ~ BGG boardgame; sole candidate id in the search	https://boardgamegeek.com/boardgame/469367			
342	Altera: Wood Upgrades	accessory	no		UNMATCHED									2 candidate(s) found, none the same product		2 candidate(s) found, none the same product	rejected 473169 "Altera: 5-6 Player Expansion" (?) — similarity 0.33 < 0.7	
343	Altera: Shard Upgrades	accessory	no		UNMATCHED									5 candidate(s) found, none the same product		5 candidate(s) found, none the same product	rejected 469367 "Altera" (2027) — same family, different product (isFragmentOf)	
344	Altera: Neoprene Playmat	accessory	no		UNMATCHED									44 candidate(s) found, none the same product		44 candidate(s) found, none the same product	rejected 244827 "Neoprene Playmat" (2017) — same family, different product (isFragmentOf)	
345	Altera: 5+6 Player Expansion	expansion	no		PROPOSED	473169	Altera: 5-6 Player Expansion	2027	IV Studio	boardgameexpansion			1	name exact (normalised); year unknown one side; publisher unknown one side; kind expansion ~ BGG boardgameexpansion; listed as an expansion/accessory of the parent id we already hold	https://boardgamegeek.com/boardgame/473169			
346	Altera: Metal Coins	accessory	no		UNMATCHED									221 candidate(s) found, none the same product		221 candidate(s) found, none the same product	rejected 265283 "Luna: Metal Coins" (2020) — similarity 0.67 < 0.7	
347	Altera: Dice Trays - Base Game	accessory	no		UNMATCHED									5 candidate(s) found, none the same product		5 candidate(s) found, none the same product	rejected 469367 "Altera" (2027) — same family, different product (isFragmentOf)	
348	Altera: Dice Trays - 5-6 Player	accessory	no		UNMATCHED									5 candidate(s) found, none the same product		5 candidate(s) found, none the same product	rejected 473169 "Altera: 5-6 Player Expansion" (2027) — same family, different product (isFragmentOf)	
349	Altera: Wood Villa Boards	accessory	no		UNMATCHED									5 candidate(s) found, none the same product		5 candidate(s) found, none the same product	rejected 469367 "Altera" (2027) — same family, different product (isFragmentOf)	
350	Altera: Sleeves	accessory	no		UNMATCHED									139 candidate(s) found, none the same product		139 candidate(s) found, none the same product	rejected 435151 "Blood: Sleeves" (2026) — similarity 0.5 < 0.7	
351	Slay the Spire: Downfall - Campaign Exclusives	promo	no		UNMATCHED									11 candidate(s) found, none the same product		11 candidate(s) found, none the same product	rejected 454971 "Slay the Spire: The Board Game – Downfall" (2026) — same family, different product (isFragmentOf)	
352	Mystic Moon	base	yes	455474	CONFIRMED		Mystic Moon	2026	Unstable Games	boardgame	2026	Unstable Games	0.96	name exact (normalised); year exact (2026); publisher exact (Unstable Games); kind base ~ BGG boardgame; sole candidate id in the search	https://boardgamegeek.com/boardgame/455474			
353	Mystic Moon: Full Moon Box Set	expansion	yes		PROPOSED	455743	Mystic Moon: Full Moon Box Set	2026	Unstable Games	boardgameaccessory			0.93	name exact (normalised); year unknown one side; publisher unknown one side; kind expansion vs BGG accessory; listed as an expansion/accessory of the parent id we already hold	https://boardgamegeek.com/boardgame/455743	3 candidates cleared the gate; runner-up 455744 "Mystic Moon: Play Mat Box Set" at 0.57	rejected 460041 "Mystic Moon: Vinyl Figure Foil Promo Card Set" (?) — similarity 0.46 < 0.7	
354	Here to Slay Dungeons: Molten | Overgrown (Deluxe Edition)	base	no	466261	CONFIRMED		Here to Slay DUNGEONS: Molten | Overgrown	2027	Unstable Games	boardgame	2027	Unstable Games	0.78	name similarity 0.86; year exact (2027); publisher exact (Unstable Games); kind base ~ BGG boardgame; sole candidate id in the search	https://boardgamegeek.com/boardgame/466261	title differs by a subtitle: BGG says "Here to Slay DUNGEONS: Molten | Overgrown" (similarity 0.86)		
355	Here to Slay Dungeons: Dreamscape | Nightmare (Deluxe Edition)	base	no	466262	CONFIRMED		Here to Slay DUNGEONS: Dreamscape | Nightmare	2027	Unstable Games	boardgame	2027	Unstable Games	0.78	name similarity 0.86; year exact (2027); publisher exact (Unstable Games); kind base ~ BGG boardgame; sole candidate id in the search	https://boardgamegeek.com/boardgame/466262	title differs by a subtitle: BGG says "Here to Slay DUNGEONS: Dreamscape | Nightmare" (similarity 0.86)		
356	Here to Slay Dungeons: Submerged | Deep Freeze (Deluxe Edition)	base	no	466265	CONFIRMED		Here to Slay DUNGEONS: Submerged | Deep Freeze	2027	Unstable Games	boardgame	2027	Unstable Games	0.78	name similarity 0.88; year exact (2027); publisher exact (Unstable Games); kind base ~ BGG boardgame; sole candidate id in the search	https://boardgamegeek.com/boardgame/466265	title differs by a subtitle: BGG says "Here to Slay DUNGEONS: Submerged | Deep Freeze" (similarity 0.88)		
357	Here to Slay Dungeons: Party Leader Box Set	accessory	no		UNMATCHED									5 candidate(s) found, none the same product		5 candidate(s) found, none the same product	rejected 466262 "Here to Slay DUNGEONS: Dreamscape | Nightmare" (2027) — similarity 0.57 < 0.7	
358	Here to Slay Dungeons: Card Sleeves & Dividers	accessory	no		UNMATCHED									5 candidate(s) found, none the same product		5 candidate(s) found, none the same product	rejected 468361 "Here to Slay Dungeons:  Holographic Promo Card Pack" (2027) — similarity 0.67 < 0.7	
359	Here to Slay Dungeons: Hero Vinyl Figure Set - Molten | Overgrown	accessory	no		UNMATCHED									5 candidate(s) found, none the same product		5 candidate(s) found, none the same product	rejected 466261 "Here to Slay DUNGEONS: Molten | Overgrown" (2027) — same family, different product (isFragmentOf)	
360	Here to Slay Dungeons: Hero Vinyl Figure Set - Dreamscape | Nightmare	accessory	no		UNMATCHED									5 candidate(s) found, none the same product		5 candidate(s) found, none the same product	rejected 466262 "Here to Slay DUNGEONS: Dreamscape | Nightmare" (2027) — same family, different product (isFragmentOf)	
361	Here to Slay Dungeons: Hero Vinyl Figure Set - Submerged | Deep Freeze	accessory	no		UNMATCHED									5 candidate(s) found, none the same product		5 candidate(s) found, none the same product	rejected 466265 "Here to Slay DUNGEONS: Submerged | Deep Freeze" (2027) — same family, different product (isFragmentOf)	
362	Here to Slay Dungeons: Boss Vinyl Figure Set - Molten | Overgrown Dungeon	accessory	no		UNMATCHED									5 candidate(s) found, none the same product		5 candidate(s) found, none the same product	rejected 466261 "Here to Slay DUNGEONS: Molten | Overgrown" (2027) — same family, different product (isFragmentOf)	
363	Here to Slay Dungeons: Boss Vinyl Figure Set - Dreamscape | Nightmare Dungeon	accessory	no		UNMATCHED									5 candidate(s) found, none the same product		5 candidate(s) found, none the same product	rejected 466262 "Here to Slay DUNGEONS: Dreamscape | Nightmare" (2027) — same family, different product (isFragmentOf)	
364	Here to Slay Dungeons: Boss Vinyl Figure Set - Submerged | Deep Freeze Dungeon	accessory	no		UNMATCHED									5 candidate(s) found, none the same product		5 candidate(s) found, none the same product	rejected 466265 "Here to Slay DUNGEONS: Submerged | Deep Freeze" (2027) — same family, different product (isFragmentOf)	
365	Here to Slay Dungeons: Play Mat Set - Molten | Overgrown	accessory	no		UNMATCHED									5 candidate(s) found, none the same product		5 candidate(s) found, none the same product	rejected 466261 "Here to Slay DUNGEONS: Molten | Overgrown" (2027) — same family, different product (isFragmentOf)	
366	Here to Slay Dungeons: Play Mat Set - Dreamscape | Nightmare	accessory	no		UNMATCHED									5 candidate(s) found, none the same product		5 candidate(s) found, none the same product	rejected 466262 "Here to Slay DUNGEONS: Dreamscape | Nightmare" (2027) — same family, different product (isFragmentOf)	
367	Here to Slay Dungeons: Play Mat Set - Submerged | Deep Freeze	accessory	no		UNMATCHED									5 candidate(s) found, none the same product		5 candidate(s) found, none the same product	rejected 466265 "Here to Slay DUNGEONS: Submerged | Deep Freeze" (2027) — same family, different product (isFragmentOf)	
368	Here to Slay Dungeons: Central Play Mat	accessory	no		UNMATCHED									5 candidate(s) found, none the same product		5 candidate(s) found, none the same product	rejected 369040 "Here to Slay: Central Play Mat" (2020) — same family, different product (isFragmentOf)	
369	Jump Masters (Deluxe Edition)	base	no	463836	CONFIRMED		Jump Masters!	2026	Neon Knight Games	boardgame	2026	Neon Knight Games	0.05	name similarity 0.67 (below 0.7); year exact (2026); publisher exact (Neon Knight Games); kind base ~ BGG boardgame; sole candidate id in the search	https://boardgamegeek.com/boardgame/463836	title differs by a subtitle: BGG says "Jump Masters!" (similarity 0.67)		
370	Neon Reign (Deluxe Edition)	base	no	417106	CONFIRMED		Neon Reign	2024	Neon Knight Games	boardgame	2024	Neon Knight Games	0.05	name similarity 0.67 (below 0.7); year exact (2024); publisher exact (Neon Knight Games); kind base ~ BGG boardgame; sole candidate id in the search	https://boardgamegeek.com/boardgame/417106	title differs by a subtitle: BGG says "Neon Reign" (similarity 0.67)		
371	Fight 5 (Deluxe Edition)	base	no	448488	CONFIRMED		Fight 5	2025	Neon Knight Games	boardgame	2025	Neon Knight Games	0.05	name similarity 0.5 (below 0.7); year exact (2025); publisher exact (Neon Knight Games); kind base ~ BGG boardgame; sole candidate id in the search	https://boardgamegeek.com/boardgame/448488	title differs by a subtitle: BGG says "Fight 5" (similarity 0.5)		
372	Pangea Gaming Table 4x6 (Dark Walnut)	accessory	yes		UNMATCHED						2025	Zola Mod		no search results at any rung of the ladder		no search results at any rung of the ladder		
373	Zola Tristar Grid Play Mat with Case (3x5)	accessory	yes		UNMATCHED									no search results at any rung of the ladder		no search results at any rung of the ladder		
374	Lucid Dice Tower	accessory	yes		UNMATCHED									no search results at any rung of the ladder		no search results at any rung of the ladder		
375	ELDEN RING: Rot & Sorcery - Realm of the Grafted King Core Box	base	no	373107	CONFIRMED		Elden Ring: Realm of the Grafted King	2025	Steamforged Games Ltd.	boardgame	2025	Steamforged Games Ltd.	0.71	name similarity 0.78; year exact (2025); publisher exact (Steamforged Games Ltd.); kind base ~ BGG boardgame; sole candidate id in the search	https://boardgamegeek.com/boardgame/373107	title differs by a subtitle: BGG says "Elden Ring: Realm of the Grafted King" (similarity 0.78)		
376	ELDEN RING: Rot & Sorcery - Weeping Peninsula Core Box	base	no	439611	CONFIRMED		Elden Ring: Weeping Peninsula	2025	Steamforged Games Ltd.	boardgame	2025	Steamforged Games Ltd.	0.05	name similarity 0.67 (below 0.7); year exact (2025); publisher exact (Steamforged Games Ltd.); kind base ~ BGG boardgame; sole candidate id in the search	https://boardgamegeek.com/boardgame/439611	title differs by a subtitle: BGG says "Elden Ring: Weeping Peninsula" (similarity 0.67)		
377	ELDEN RING: Rot & Sorcery - Stormveil Castle Core Box	base	no	439612	CONFIRMED		Elden Ring: Stormveil Castle	2025	Steamforged Games Ltd.	boardgame	2025	Steamforged Games Ltd.	0.05	name similarity 0.67 (below 0.7); year exact (2025); publisher exact (Steamforged Games Ltd.); kind base ~ BGG boardgame; sole candidate id in the search	https://boardgamegeek.com/boardgame/439612	title differs by a subtitle: BGG says "Elden Ring: Stormveil Castle" (similarity 0.67)		
378	ELDEN RING: Rot & Sorcery - Flying Dragon Agheel Expansion (Exclusive)	expansion	no		UNMATCHED									10 candidate(s) found, none the same product		10 candidate(s) found, none the same product	rejected 440932 "Elden Ring: Realm of the Grafted King – Flying Dragon Agheel" (2025) — similarity 0.53 < 0.7	
379	ELDEN RING: Rot & Sorcery - Erdtree Avatar Expansion (Exclusive)	expansion	no		UNMATCHED									10 candidate(s) found, none the same product		10 candidate(s) found, none the same product	rejected 440931 "Elden Ring: Realm of the Grafted King – Erdtree Avatar" (2025) — similarity 0.47 < 0.7	
380	ELDEN RING: Rot & Sorcery - Iron Fist Alexander (Exclusive)	expansion	no		UNMATCHED									10 candidate(s) found, none the same product		10 candidate(s) found, none the same product	rejected 444006 "Elden Ring: Realm of the Grafted King – Iron Fist Alexander" (2025) — similarity 0.56 < 0.7	
381	ELDEN RING: Rot & Sorcery - Blaidd the Half-Wolf (Exclusive)	expansion	no		UNMATCHED									10 candidate(s) found, none the same product		10 candidate(s) found, none the same product	rejected 449873 "Elden Ring: Dominion of Rot" (2027) — similarity 0.43 < 0.7	
382	ELDEN RING: Rot & Sorcery - Limgrave Depths (Exclusive)	expansion	no		UNMATCHED									10 candidate(s) found, none the same product		10 candidate(s) found, none the same product	rejected 449873 "Elden Ring: Dominion of Rot" (2027) — similarity 0.5 < 0.7	
383	Ascension 15th Anniversary Collector's Edition	base	no	452493	CONFIRMED		Ascension: 15th Anniversary Collector's Edition	2026	Stone Blade Entertainment	boardgame	2026	Stone Blade Entertainment	0.96	name exact (normalised); year exact (2026); publisher exact (Stone Blade Entertainment); kind base ~ BGG boardgame; sole candidate id in the search	https://boardgamegeek.com/boardgame/452493			
384	Ascension 15th Anniversary Promo Pack	promo	no	452723	CONFIRMED		Ascension: 15th Anniversary Promo Pack	2026	Stone Blade Entertainment	boardgameexpansion	2026	Stone Blade Entertainment	0.96	name exact (normalised); year exact (2026); publisher exact (Stone Blade Entertainment); kind promo ~ BGG boardgameexpansion; sole candidate id in the search	https://boardgamegeek.com/boardgame/452723			
385	Ascension Collector's Carry Case	accessory	no		UNMATCHED							Stone Blade Entertainment		2 candidate(s) found, none the same product		2 candidate(s) found, none the same product	rejected 452493 "Ascension: 15th Anniversary Collector's Edition" (2026) — similarity 0.44 < 0.7	
386	Ascension 4th Edition (Center Deck Set)	expansion	no		UNMATCHED						2026	Stone Blade Entertainment		2 candidate(s) found, none the same product		2 candidate(s) found, none the same product	rejected 452493 "Ascension: 15th Anniversary Collector's Edition" (2026) — similarity 0.36 < 0.7	
387	Ascension Return of the Fallen (Center Deck Set)	expansion	no	474928	CONFIRMED		Ascension: Return of the Fallen Center Deck	2025	Stone Blade Entertainment	boardgameexpansion	2025	Stone Blade Entertainment	0.87	name similarity 0.93; year exact (2025); publisher exact (Stone Blade Entertainment); kind expansion ~ BGG boardgameexpansion; sole candidate id in the search	https://boardgamegeek.com/boardgame/474928	title differs by a subtitle: BGG says "Ascension: Return of the Fallen Center Deck" (similarity 0.93)		
388	Ascension Storm of Souls (Center Deck Set)	expansion	no	474931	CONFIRMED		Ascension: Storm of Souls Center Deck	2025	Stone Blade Entertainment	boardgameexpansion	2025	Stone Blade Entertainment	0.87	name similarity 0.92; year exact (2025); publisher exact (Stone Blade Entertainment); kind expansion ~ BGG boardgameexpansion; sole candidate id in the search	https://boardgamegeek.com/boardgame/474931	title differs by a subtitle: BGG says "Ascension: Storm of Souls Center Deck" (similarity 0.92)		
389	Ascension Immortal Heroes (Center Deck Set)	expansion	no	474933	CONFIRMED		Ascension: Immortal Heroes Center Deck	2025	Stone Blade Entertainment	boardgameexpansion	2025	Stone Blade Entertainment	0.87	name similarity 0.91; year exact (2025); publisher exact (Stone Blade Entertainment); kind expansion ~ BGG boardgameexpansion; sole candidate id in the search	https://boardgamegeek.com/boardgame/474933	title differs by a subtitle: BGG says "Ascension: Immortal Heroes Center Deck" (similarity 0.91)		
390	Ascension Darkness Unleashed (Center Deck Set)	expansion	no	474934	CONFIRMED		Ascension: Darkness Unleashed Center Deck	2025	Stone Blade Entertainment	boardgameexpansion	2025	Stone Blade Entertainment	0.87	name similarity 0.91; year exact (2025); publisher exact (Stone Blade Entertainment); kind expansion ~ BGG boardgameexpansion; sole candidate id in the search	https://boardgamegeek.com/boardgame/474934	title differs by a subtitle: BGG says "Ascension: Darkness Unleashed Center Deck" (similarity 0.91)		
391	Ascension Rise of Vigil (Center Deck Set)	expansion	no	474935	CONFIRMED		Ascension: Rise of Vigil Center Deck	2025	Stone Blade Entertainment	boardgameexpansion	2025	Stone Blade Entertainment	0.87	name similarity 0.92; year exact (2025); publisher exact (Stone Blade Entertainment); kind expansion ~ BGG boardgameexpansion; sole candidate id in the search	https://boardgamegeek.com/boardgame/474935	title differs by a subtitle: BGG says "Ascension: Rise of Vigil Center Deck" (similarity 0.92)		
392	Ascension Dreamscape (Center Deck Set)	expansion	no	469545	CONFIRMED		Ascension: Dreamscape Center Deck	2025	Stone Blade Entertainment	boardgameexpansion	2025	Stone Blade Entertainment	0.78	name similarity 0.89; year exact (2025); publisher exact (Stone Blade Entertainment); kind expansion ~ BGG boardgameexpansion; sole candidate id in the search	https://boardgamegeek.com/boardgame/469545	title differs by a subtitle: BGG says "Ascension: Dreamscape Center Deck" (similarity 0.89)		
393	Ascension Realms Unraveled (Center Deck Set)	expansion	no	474929	CONFIRMED		Ascension: Realms Unraveled Center Deck	2025	Stone Blade Entertainment	boardgameexpansion	2025	Stone Blade Entertainment	0.87	name similarity 0.91; year exact (2025); publisher exact (Stone Blade Entertainment); kind expansion ~ BGG boardgameexpansion; sole candidate id in the search	https://boardgamegeek.com/boardgame/474929	title differs by a subtitle: BGG says "Ascension: Realms Unraveled Center Deck" (similarity 0.91)		
394	Ascension Dawn of Champions (Center Deck Set)	expansion	no	474936	CONFIRMED		Ascension: Dawn of Champions Center Deck	2025	Stone Blade Entertainment	boardgameexpansion	2025	Stone Blade Entertainment	0.87	name similarity 0.92; year exact (2025); publisher exact (Stone Blade Entertainment); kind expansion ~ BGG boardgameexpansion; sole candidate id in the search	https://boardgamegeek.com/boardgame/474936	title differs by a subtitle: BGG says "Ascension: Dawn of Champions Center Deck" (similarity 0.92)		
395	Ascension Valley of the Ancients (Center Deck Set)	expansion	no	474937	CONFIRMED		Ascension: Valley of the Ancients Center Deck	2025	Stone Blade Entertainment	boardgameexpansion	2025	Stone Blade Entertainment	0.87	name similarity 0.93; year exact (2025); publisher exact (Stone Blade Entertainment); kind expansion ~ BGG boardgameexpansion; sole candidate id in the search	https://boardgamegeek.com/boardgame/474937	title differs by a subtitle: BGG says "Ascension: Valley of the Ancients Center Deck" (similarity 0.93)		
396	Ascension War of Shadows (Center Deck Set)	expansion	no	474938	CONFIRMED		Ascension X: War of Shadows Center Deck	2025	Stone Blade Entertainment	boardgameexpansion	2025	Stone Blade Entertainment	0.87	name similarity 0.92; year exact (2025); publisher exact (Stone Blade Entertainment); kind expansion ~ BGG boardgameexpansion; sole candidate id in the search	https://boardgamegeek.com/boardgame/474938	title differs by a subtitle: BGG says "Ascension X: War of Shadows Center Deck" (similarity 0.92)		
397	Ascension Gift of the Elements (Center Deck Set)	expansion	no	474930	CONFIRMED		Ascension: Gift of the Elements Center Deck	2025	Stone Blade Entertainment	boardgameexpansion	2025	Stone Blade Entertainment	0.87	name similarity 0.93; year exact (2025); publisher exact (Stone Blade Entertainment); kind expansion ~ BGG boardgameexpansion; sole candidate id in the search	https://boardgamegeek.com/boardgame/474930	title differs by a subtitle: BGG says "Ascension: Gift of the Elements Center Deck" (similarity 0.93)		
398	Ascension Delirium (Center Deck Set)	expansion	no	469366	CONFIRMED		Ascension: Delirium Center Deck	2025	Stone Blade Entertainment	boardgameexpansion	2025	Stone Blade Entertainment	0.78	name similarity 0.89; year exact (2025); publisher exact (Stone Blade Entertainment); kind expansion ~ BGG boardgameexpansion; sole candidate id in the search	https://boardgamegeek.com/boardgame/469366	title differs by a subtitle: BGG says "Ascension: Delirium Center Deck" (similarity 0.89)		
399	Ascension Deliverance (Center Deck Set)	expansion	no	474940	CONFIRMED		Ascension: Deliverance Center Deck	2025	Stone Blade Entertainment	boardgameexpansion	2025	Stone Blade Entertainment	0.78	name similarity 0.89; year exact (2025); publisher exact (Stone Blade Entertainment); kind expansion ~ BGG boardgameexpansion; sole candidate id in the search	https://boardgamegeek.com/boardgame/474940	title differs by a subtitle: BGG says "Ascension: Deliverance Center Deck" (similarity 0.89)		
400	Ascension Skulls & Sails (Center Deck Set)	expansion	no	469547	CONFIRMED		Ascension: Skulls & Sails Center Deck	2025	Stone Blade Entertainment	boardgameexpansion	2025	Stone Blade Entertainment	0.87	name similarity 0.91; year exact (2025); publisher exact (Stone Blade Entertainment); kind expansion ~ BGG boardgameexpansion; sole candidate id in the search	https://boardgamegeek.com/boardgame/469547	title differs by a subtitle: BGG says "Ascension: Skulls & Sails Center Deck" (similarity 0.91)		
401	Ascension Curse of the Golden Isles (Center Deck Set)	expansion	no	474944	CONFIRMED		Ascension: Curse of the Golden Isles Center Deck	2025	Stone Blade Entertainment	boardgameexpansion	2025	Stone Blade Entertainment	0.87	name similarity 0.94; year exact (2025); publisher exact (Stone Blade Entertainment); kind expansion ~ BGG boardgameexpansion; sole candidate id in the search	https://boardgamegeek.com/boardgame/474944	title differs by a subtitle: BGG says "Ascension: Curse of the Golden Isles Center Deck" (similarity 0.94)		
402	Ascension Legends (Center Deck Set)	expansion	no	474945	CONFIRMED		Ascension: Legends Center Deck	2026	Stone Blade Entertainment	boardgameexpansion	2026	Stone Blade Entertainment	0.78	name similarity 0.89; year exact (2026); publisher exact (Stone Blade Entertainment); kind expansion ~ BGG boardgameexpansion; sole candidate id in the search	https://boardgamegeek.com/boardgame/474945	title differs by a subtitle: BGG says "Ascension: Legends Center Deck" (similarity 0.89)		
403	Ascension Sleeves	accessory	no		UNMATCHED							Stone Blade Entertainment		3 candidate(s) found, none the same product		3 candidate(s) found, none the same product	rejected 138881 "Ascension: Card Sleeves" (2010) — same family, different product (isFragmentOf)	
404	Ascension 15th Anniversary Playmat	accessory	no		UNMATCHED							Stone Blade Entertainment		2 candidate(s) found, none the same product		2 candidate(s) found, none the same product	rejected 452493 "Ascension: 15th Anniversary Collector's Edition" (2026) — similarity 0.67 < 0.7	
405	Ark Nova 3Dition: Box 1 (Special Building + Big Box)	accessory	no		UNMATCHED									88 candidate(s) found, none the same product		88 candidate(s) found, none the same product	rejected 450126 "Ark Nova: 3Dition" (?) — same family, different product (isFragmentOf)	
406	Ark Nova 3Dition: Box 2 (Basic Enclosures, Fences, Kiosks, Pavillions)	accessory	no		UNMATCHED									124 candidate(s) found, none the same product		124 candidate(s) found, none the same product	rejected 450126 "Ark Nova: 3Dition" (?) — same family, different product (isFragmentOf)	
407	Ark Nova 3Dition: Premium Acryl Tiles Set	accessory	no		UNMATCHED									31 candidate(s) found, none the same product		31 candidate(s) found, none the same product	rejected 450126 "Ark Nova: 3Dition" (2026) — same family, different product (isFragmentOf)	
408	Ark Nova 3Dition: Deluxe Player Boards (4x) with Action Tiles	accessory	no		UNMATCHED									31 candidate(s) found, none the same product		31 candidate(s) found, none the same product	rejected 450126 "Ark Nova: 3Dition" (2026) — same family, different product (isFragmentOf)	
409	Ark Nova 3Dition: Premium Metal Coins	accessory	no		UNMATCHED									32 candidate(s) found, none the same product		32 candidate(s) found, none the same product	rejected 450126 "Ark Nova: 3Dition" (?) — same family, different product (isFragmentOf)	
410	Ark Nova 3Dition: Premium Neoprene Playmats (2x)	accessory	no		UNMATCHED									31 candidate(s) found, none the same product		31 candidate(s) found, none the same product	rejected 450126 "Ark Nova: 3Dition" (2026) — same family, different product (isFragmentOf)	
411	Ark Nova 3Dition: Board Game Arena Maps (4x)	accessory	no		UNMATCHED									31 candidate(s) found, none the same product		31 candidate(s) found, none the same product	rejected 452699 "Ark Nova: Board Game Arena Maps" (2026) — same family, different product (isFragmentOf)	
412	Ark Nova 3Dition: Premium Custom Sleeves	accessory	no		UNMATCHED									32 candidate(s) found, none the same product		32 candidate(s) found, none the same product	rejected 450126 "Ark Nova: 3Dition" (?) — same family, different product (isFragmentOf)	
413	HELLDIVERS 2: The Board Game	base	no	440991	CONFIRMED		HELLDIVERS 2: The Board Game	2026	Steamforged Games Ltd.	boardgame	2026	Steamforged Games Ltd.	0.96	name exact (normalised); year exact (2026); publisher exact (Steamforged Games Ltd.); kind base ~ BGG boardgame; sole candidate id in the search	https://boardgamegeek.com/boardgame/440991			
414	HELLDIVERS 2: Mystery Expansions	expansion	no		UNMATCHED									1 candidate(s) found, none the same product		1 candidate(s) found, none the same product	rejected 440991 "HELLDIVERS 2: The Board Game" (2026) — same family, different product (isFragmentOf)	
415	HELLDIVERS 2: Patriot Exosuit Expansion (Exclusive)	expansion	no		UNMATCHED									1 candidate(s) found, none the same product		1 candidate(s) found, none the same product	rejected 440991 "HELLDIVERS 2: The Board Game" (2026) — same family, different product (isFragmentOf)	
416	HELLDIVERS 2: Automatons Expansion	expansion	no		UNMATCHED									1 candidate(s) found, none the same product		1 candidate(s) found, none the same product	rejected 440991 "HELLDIVERS 2: The Board Game" (2026) — same family, different product (isFragmentOf)	
417	HELLDIVERS 2: Impaler Expansion (Exclusive)	expansion	no		UNMATCHED									1 candidate(s) found, none the same product		1 candidate(s) found, none the same product	rejected 440991 "HELLDIVERS 2: The Board Game" (2026) — same family, different product (isFragmentOf)	
418	HELLDIVERS 2: Bile Titan Expansion (Exclusive)	expansion	no		UNMATCHED									1 candidate(s) found, none the same product		1 candidate(s) found, none the same product	rejected 440991 "HELLDIVERS 2: The Board Game" (2026) — same family, different product (isFragmentOf)	
419	HELLDIVERS 2: Factory Strider Expansion (Exclusive)	expansion	no		UNMATCHED									1 candidate(s) found, none the same product		1 candidate(s) found, none the same product	rejected 440991 "HELLDIVERS 2: The Board Game" (2026) — same family, different product (isFragmentOf)	
420	HELLDIVERS 2: Deluxe Turn Tracker Coin	accessory	no		UNMATCHED									1 candidate(s) found, none the same product		1 candidate(s) found, none the same product	rejected 440991 "HELLDIVERS 2: The Board Game" (2026) — same family, different product (isFragmentOf)	
421	Cyberpunk 2077 - The Board Game	base	no	417542	CONFIRMED		Cyberpunk 2077: The Board Game	2027	CD Projekt RED	boardgame	2027	CD Projekt RED	0.96	name exact (normalised); year exact (2027); publisher exact (CD Projekt RED); kind base ~ BGG boardgame; sole candidate id in the search	https://boardgamegeek.com/boardgame/417542			
422	Cyberpunk 2077: Stretch Goal Box Deluxe	expansion	no		UNMATCHED									20 candidate(s) found, none the same product		20 candidate(s) found, none the same product	rejected 443286 "Cyberpunk 2077: The Board Game – Stretch Goal Box" (2027) — same family, different product (isFragmentOf)	
423	Cyberpunk 2077: Female V with Mantis Blades	promo	no		PROPOSED	443289	Cyberpunk 2077: The Board Game – Female V with Mantis Blades	2027	CD Projekt RED	boardgameexpansion			0.73	name similarity 0.8; year unknown one side; publisher unknown one side; kind promo ~ BGG boardgameexpansion; listed as an expansion/accessory of the parent id we already hold	https://boardgamegeek.com/boardgame/443289		rejected 443290 "Cyberpunk 2077: The Board Game – V with Mantis Blades" (?) — same family, different product (isFragmentOf)	
424	Cyberpunk 2077: V with Mantis Blades	promo	no		PROPOSED	443290	Cyberpunk 2077: The Board Game – V with Mantis Blades	2027	CD Projekt RED	boardgameexpansion			0.63	name similarity 0.77; year unknown one side; publisher unknown one side; kind promo ~ BGG boardgameexpansion; listed as an expansion/accessory of the parent id we already hold	https://boardgamegeek.com/boardgame/443290		rejected 443289 "Cyberpunk 2077: The Board Game – Female V with Mantis Blades" (?) — same family, different product (isFragmentOf)	
425	Cyberpunk 2077: Johnny Silverhand & NCPD Expansion	expansion	no		PROPOSED	429978	Cyberpunk 2077: The Board Game – Johnny Silverhand & NCPD	2027	CD Projekt RED	boardgameexpansion			0.63	name similarity 0.71; year unknown one side; publisher unknown one side; kind expansion ~ BGG boardgameexpansion; listed as an expansion/accessory of the parent id we already hold	https://boardgamegeek.com/boardgame/429978		rejected 430049 "Cyberpunk 2077: The Board Game – Johnny Silverhand" (?) — same family, different product (isFragmentOf)	
426	Cyberpunk 2077: Edgerunners Expansion	expansion	no		UNMATCHED									10 candidate(s) found, none the same product		10 candidate(s) found, none the same product	rejected 429977 "Cyberpunk 2077: The Board Game – Edgerunners" (2027) — similarity 0.6 < 0.7	
427	Cyberpunk 2077: Trauma Team Expansion	expansion	no		UNMATCHED									10 candidate(s) found, none the same product		10 candidate(s) found, none the same product	rejected 429979 "Cyberpunk 2077: The Board Game – Trauma Team" (2027) — similarity 0.67 < 0.7	
428	Ark Nova	base	no	342942	CONFIRMED		Ark Nova	2021	Feuerland Spiele	boardgame	2021	Feuerland Spiele	0.96	name exact (normalised); year exact (2021); publisher exact (Feuerland Spiele); kind base ~ BGG boardgame; sole candidate id in the search	https://boardgamegeek.com/boardgame/342942			
429	Ark Nova: Marine Worlds	expansion	no	368966	CONFIRMED		Ark Nova: Marine Worlds	2023	Feuerland Spiele	boardgameexpansion	2023	Feuerland Spiele	0.96	name exact (normalised); year exact (2023); publisher exact (Feuerland Spiele); kind expansion ~ BGG boardgameexpansion; sole candidate id in the search	https://boardgamegeek.com/boardgame/368966			
430	Cult of the Lamb: First Player Coin	accessory	no		UNMATCHED									9 candidate(s) found, none the same product		9 candidate(s) found, none the same product	rejected 460903 "Medici: First Player Coin" (?) — similarity 0.55 < 0.7	
431	Cult of the Lamb: Bishop Follower Head Pack	accessory	no		UNMATCHED									2 candidate(s) found, none the same product		2 candidate(s) found, none the same product	rejected 474766 "Cult of the Lamb: The Board Game" (2027) — same family, different product (isFragmentOf)	
432	Cult of the Lamb: Deluxe Organiser	accessory	no		UNMATCHED									2 candidate(s) found, none the same product		2 candidate(s) found, none the same product	rejected 474766 "Cult of the Lamb: The Board Game" (2027) — same family, different product (isFragmentOf)	
433	Cult of the Lamb: Single-Colour Follower Miniatures & Wooden Heads	accessory	no		UNMATCHED									2 candidate(s) found, none the same product		2 candidate(s) found, none the same product	rejected 474766 "Cult of the Lamb: The Board Game" (2027) — same family, different product (isFragmentOf)	
434	Pangea Gaming Table Frame (4x6) (Dark Walnut)	accessory	yes		UNMATCHED									no search results at any rung of the ladder		no search results at any rung of the ladder		
435	Pangea Gaming Table Base Panels (4x6) (Dark Walnut)	accessory	yes		UNMATCHED									no search results at any rung of the ladder		no search results at any rung of the ladder		
436	Pangea Gaming Table Toppers (4x6) (Dark Walnut)	accessory	yes		UNMATCHED									no search results at any rung of the ladder		no search results at any rung of the ladder		
437	Pangea Gaming Table Legs (Standard 26 in)	accessory	yes		UNMATCHED									no search results at any rung of the ladder		no search results at any rung of the ladder		
438	Pangea Cup Holder	accessory	yes		UNMATCHED									no search results at any rung of the ladder		no search results at any rung of the ladder		
439	Pangea Player Shelf	accessory	yes		UNMATCHED									no search results at any rung of the ladder		no search results at any rung of the ladder		
440	Pangea Game Piece Organizer	accessory	yes		UNMATCHED									no search results at any rung of the ladder		no search results at any rung of the ladder		
441	Pangea Player Desk	accessory	yes		UNMATCHED									no search results at any rung of the ladder		no search results at any rung of the ladder		
442	Pangea Player Desk 4-Up Stand	accessory	yes		UNMATCHED									12 candidate(s) found, none the same product		12 candidate(s) found, none the same product	rejected 86156 "Stand Up!" (2010) — same family, different product (isFragmentOf)	
443	Pangea Armrest	accessory	yes		UNMATCHED									no search results at any rung of the ladder		no search results at any rung of the ladder		
444	Pangea Card Organizer	accessory	yes		UNMATCHED									no search results at any rung of the ladder		no search results at any rung of the ladder		
445	Pangea Tablet Holder	accessory	yes		UNMATCHED									no search results at any rung of the ladder		no search results at any rung of the ladder		
446	Pangea Dining Chair (Dark Walnut)	accessory	yes		UNMATCHED									no search results at any rung of the ladder		no search results at any rung of the ladder		
447	Pangea Table Top Storage Cube XL	accessory	yes		UNMATCHED									no search results at any rung of the ladder		no search results at any rung of the ladder		
448	Pangea Cup Holder Wine Glass Adapter	accessory	yes		UNMATCHED									no search results at any rung of the ladder		no search results at any rung of the ladder		
449	Pangea Cup Holder Mug Adapter	accessory	yes		UNMATCHED									no search results at any rung of the ladder		no search results at any rung of the ladder		
450	Pangea 4FT Table Divider (Dark Walnut)	accessory	yes		UNMATCHED									no search results at any rung of the ladder		no search results at any rung of the ladder		
451	Moonrakers: Gold Holo Moro Mada	promo	yes		PROPOSED	388050	Moonrakers: Gold Holo Moro Mada	2023	IV Studio	boardgameaccessory			0.94	name exact (normalised); year unknown one side; publisher unknown one side; kind promo ~ BGG boardgameaccessory; sole candidate id in the search	https://boardgamegeek.com/boardgame/388050			
452	Dice Throne: Season Two Leaflet Patch Kit (Huntress, Tactician, Vampire Lord)	promo	yes		UNMATCHED									19 candidate(s) found, none the same product		19 candidate(s) found, none the same product	rejected 375372 "Dice Throne Season Two: Leaflet Patch Kit" (2022) — same family, different product (isFragmentOf)	
453	Casting Shadows: Previous Backer Gift - Lucky Skipper & Lucky the Unstable Collector's Bundle	promo	yes		UNMATCHED									19 candidate(s) found, none the same product		19 candidate(s) found, none the same product	rejected 360485 "Casting Shadows: Lucky Skipper / Lucky the Unstable Player Board" (2023) — similarity 0.63 < 0.7	
454	Deep Rock Galactic: 24H Coin	accessory	yes		UNMATCHED									22 candidate(s) found, none the same product		22 candidate(s) found, none the same product	rejected 401798 "Deep Rock Galactic: Biome Expansion" (2024) — similarity 0.6 < 0.7	
455	The Binding of Isaac: Four Souls - 2.5 inch Tainted Isaac Figure	accessory	yes		PROPOSED	357935	The Binding of Isaac: Four Souls – 4-Player Mat	2018	Studio71	boardgameaccessory			0.63	name similarity 0.71; year unknown one side; publisher unknown one side; kind accessory ~ BGG boardgameaccessory; listed as an expansion/accessory of the parent id we already hold	https://boardgamegeek.com/boardgame/357935	3 candidates cleared the gate; runner-up 465509 "The Binding of Isaac: Four Souls – Warp Zone" at 0.57	rejected 255664 "The Binding of Isaac: Four Souls" (?) — same family, different product (isFragmentOf)	
456	The Binding of Isaac: Four Souls - 6 inch Angel Isaac Figure	accessory	yes		PROPOSED	357935	The Binding of Isaac: Four Souls – 4-Player Mat	2018	Studio71	boardgameaccessory			0.63	name similarity 0.71; year unknown one side; publisher unknown one side; kind accessory ~ BGG boardgameaccessory; listed as an expansion/accessory of the parent id we already hold	https://boardgamegeek.com/boardgame/357935	3 candidates cleared the gate; runner-up 465509 "The Binding of Isaac: Four Souls – Warp Zone" at 0.57	rejected 255664 "The Binding of Isaac: Four Souls" (?) — same family, different product (isFragmentOf)	
457	The Binding of Isaac: Four Souls - Corrupted Data Promo Card	promo	yes		PROPOSED	400208	The Binding of Isaac: Four Souls – Tapeworm Promo Cards	2020	Funforge	boardgameexpansion			0.63	name similarity 0.74; year unknown one side; publisher unknown one side; kind promo ~ BGG boardgameexpansion; listed as an expansion/accessory of the parent id we already hold	https://boardgamegeek.com/boardgame/400208	2 candidates cleared the gate; runner-up 336844 "The Binding of Isaac: Four Souls Requiem" at 0.63	rejected 255664 "The Binding of Isaac: Four Souls" (?) — same family, different product (isFragmentOf)	
458	The Binding of Isaac: Four Souls - Ultra Pride Promo Card	promo	yes		PROPOSED	400208	The Binding of Isaac: Four Souls – Tapeworm Promo Cards	2020	Funforge	boardgameexpansion			0.63	name similarity 0.74; year unknown one side; publisher unknown one side; kind promo ~ BGG boardgameexpansion; listed as an expansion/accessory of the parent id we already hold	https://boardgamegeek.com/boardgame/400208	2 candidates cleared the gate; runner-up 336844 "The Binding of Isaac: Four Souls Requiem" at 0.63	rejected 255664 "The Binding of Isaac: Four Souls" (?) — same family, different product (isFragmentOf)	
459	Here to Slay: 6-Class Dice Set	accessory	yes		PROPOSED	369123	Here to Slay: 6-Class Meeple Set	2020	Unstable Games	boardgameaccessory			0.73	name similarity 0.83; year unknown one side; publisher unknown one side; kind accessory ~ BGG boardgameaccessory; listed as an expansion/accessory of the parent id we already hold	https://boardgamegeek.com/boardgame/369123	2 candidates cleared the gate; runner-up 369124 "Here to Slay: Dragon Class Meeple Set" at 0.63	rejected 468364 "Here to Slay: Sorcerers & Squires Meeple Set" (?) — similarity 0.62 < 0.7	differs by one meaningful word: ours "dice" vs BGG "meeple" — check this is not a sibling product
460	Here to Slay: Dragon Class Dice	accessory	yes		PROPOSED	369124	Here to Slay: Dragon Class Meeple Set	2020	Unstable Games	boardgameaccessory			0.63	name similarity 0.77; year unknown one side; publisher unknown one side; kind accessory ~ BGG boardgameaccessory; listed as an expansion/accessory of the parent id we already hold	https://boardgamegeek.com/boardgame/369124		rejected 308525 "Here to Slay: Dragon Sorcerer Expansion" (?) — similarity 0.67 < 0.7	differs by one meaningful word: ours "dice" vs BGG "meeple" — check this is not a sibling product
461	Here to Slay: Oversized Card Sleeves Set	accessory	yes		UNMATCHED									42 candidate(s) found, none the same product		42 candidate(s) found, none the same product	rejected 369123 "Here to Slay: 6-Class Meeple Set" (2020) — similarity 0.62 < 0.7	
462	Here to Slay: Dragon Class Meeple Set	accessory	yes		PROPOSED	369124	Here to Slay: Dragon Class Meeple Set	2020	Unstable Games	boardgameaccessory			1	name exact (normalised); year unknown one side; publisher unknown one side; kind accessory ~ BGG boardgameaccessory; listed as an expansion/accessory of the parent id we already hold	https://boardgamegeek.com/boardgame/369124	2 candidates cleared the gate; runner-up 468364 "Here to Slay: Sorcerers & Squires Meeple Set" at 0.63	rejected 369123 "Here to Slay: 6-Class Meeple Set" (?) — same family, different product (isFragmentOf)	
463	Auroboros: Coils of the Serpent	base	yes		UNMATCHED						2021	Warchief Gaming		no search results at any rung of the ladder		no search results at any rung of the ladder		
464	Auroboros: Ability and Item Card Deck	accessory	yes		UNMATCHED									no search results at any rung of the ladder		no search results at any rung of the ladder		
465	Auroboros: Dice Set	accessory	yes		UNMATCHED									221 candidate(s) found, none the same product		221 candidate(s) found, none the same product	rejected 160441 "Set Dice" (2014) — same family, different product (isFragmentOf)	
466	Auroboros: City Map Poster Pack	accessory	yes		UNMATCHED									no search results at any rung of the ladder		no search results at any rung of the ladder		
467	Auroboros: GM Screen and Map Bundle	accessory	yes		UNMATCHED									no search results at any rung of the ladder		no search results at any rung of the ladder		
468	Auroboros: Premium Character Sheet Pack	accessory	yes		UNMATCHED									no search results at any rung of the ladder		no search results at any rung of the ladder		
469	Auroboros: Serpent-Marked Collector's Coin	accessory	yes		UNMATCHED									no search results at any rung of the ladder		no search results at any rung of the ladder		
470	Lewd Dungeon Adventures: Core Rulebook and Starter Adventure	base	yes		UNMATCHED						2022	Lewd Dungeon Adventures		2 candidate(s) found, none the same product		2 candidate(s) found, none the same product	rejected 426311 "Lewd Dungeon Adventures: The Card Game" (2024) — similarity 0.43 < 0.7	
471	Lewd Dungeon Adventures: The Mage's Stolen Goods	expansion	yes		UNMATCHED							Lewd Dungeon Adventures		2 candidate(s) found, none the same product		2 candidate(s) found, none the same product	rejected 426311 "Lewd Dungeon Adventures: The Card Game" (2024) — similarity 0.62 < 0.7	
472	Lewd Dungeon Adventures: Dice Tray	accessory	yes		UNMATCHED									65 candidate(s) found, none the same product		65 candidate(s) found, none the same product	rejected 414736 "Dungeon Saga Origins: Dice Tray" (2024) — similarity 0.6 < 0.7	
473	Lewd Dungeon Adventures: Mystery Dice Set	accessory	yes		UNMATCHED									2 candidate(s) found, none the same product		2 candidate(s) found, none the same product	rejected 426311 "Lewd Dungeon Adventures: The Card Game" (2024) — similarity 0.5 < 0.7	
474	Lewd Dungeon Adventures: Unscented Votive Candles	accessory	yes		UNMATCHED									2 candidate(s) found, none the same product		2 candidate(s) found, none the same product	rejected 426311 "Lewd Dungeon Adventures: The Card Game" (2024) — similarity 0.5 < 0.7	
475	Lewd Dungeon Adventures: Shot Glass	accessory	yes		UNMATCHED									8 candidate(s) found, none the same product		8 candidate(s) found, none the same product	rejected 459570 "Shot Glass Roulette" (2016) — similarity 0.5 < 0.7	
476	Bergin's Book of Beasts	base	no		UNMATCHED						2023	Penny Dragon Games		no search results at any rung of the ladder		no search results at any rung of the ladder		
477	Bergin's Beast Dice	accessory	yes		UNMATCHED									no search results at any rung of the ladder		no search results at any rung of the ladder		
478	Bergin's Book of Beasts: Fabric Map of Midestra	accessory	yes		UNMATCHED									no search results at any rung of the ladder		no search results at any rung of the ladder		
479	Firestar Falling	base	no		UNMATCHED						2023	Penny Dragon Games		no search results at any rung of the ladder		no search results at any rung of the ladder		
480	Firestar Falling: 6 Endings Pack	expansion	yes		UNMATCHED									no search results at any rung of the ladder		no search results at any rung of the ladder		
481	Firestar Falling: Corruption Deck	expansion	yes		UNMATCHED									3 candidate(s) found, none the same product		3 candidate(s) found, none the same product	rejected 460735 "Return to Dark Tower: Creeping Darkness Corruption Deck" (2026) — similarity 0.33 < 0.7	
482	Firestar Falling: Monster Deck	expansion	yes		UNMATCHED									8 candidate(s) found, none the same product		8 candidate(s) found, none the same product	rejected 163364 "Monster Deck 55" (2014) — similarity 0.57 < 0.7	
483	Firestar Falling: Random Encounter Deck	expansion	yes		UNMATCHED									no search results at any rung of the ladder		no search results at any rung of the ladder		
484	Firestar Falling: Boss Miniature Set	accessory	yes		UNMATCHED									1 candidate(s) found, none the same product		1 candidate(s) found, none the same product	rejected 424132 "Fateforge: Chronicles of Kaan – Boss Miniature Set" (2024) — similarity 0.5 < 0.7	
485	Firestar Falling: GM Screen	accessory	yes		UNMATCHED									no search results at any rung of the ladder		no search results at any rung of the ladder		
486	Firestar Falling: Premium Corruption Dice	accessory	yes		UNMATCHED									no search results at any rung of the ladder		no search results at any rung of the ladder		
487	An Unexpected Wedding Invitation	base	yes		UNMATCHED						2022	Midnight Tower		no search results at any rung of the ladder		no search results at any rung of the ladder		
488	Before the Stroke of Midnight	base	yes		UNMATCHED						2022	Midnight Tower		no search results at any rung of the ladder		no search results at any rung of the ladder		
489	What Happened to Evy Ashwood?	base	yes		UNMATCHED						2022	Midnight Tower		no search results at any rung of the ladder		no search results at any rung of the ladder		
490	Ark Nova: Zoo Map Pack 1	expansion	no	368158	CONFIRMED		Ark Nova: Zoo Map Pack 1	2022	Feuerland Spiele	boardgameexpansion	2022	Feuerland Spiele	0.96	name exact (normalised); year exact (2022); publisher exact (Feuerland Spiele); kind expansion ~ BGG boardgameexpansion; sole candidate id in the search	https://boardgamegeek.com/boardgame/368158			
491	Ark Nova: Zoo Map Pack 2	expansion	no	426978	CONFIRMED		Ark Nova: Zoo Map Pack 2	2024	Feuerland Spiele	boardgameexpansion	2024	Feuerland Spiele	0.96	name exact (normalised); year exact (2024); publisher exact (Feuerland Spiele); kind expansion ~ BGG boardgameexpansion; sole candidate id in the search	https://boardgamegeek.com/boardgame/426978			
493	Lewd Dungeon Adventures: Character Sheet	accessory	yes		UNMATCHED							Lewd Dungeon Adventures		4 candidate(s) found, none the same product		4 candidate(s) found, none the same product	rejected 410368 "Fighting Fantasy Adventures: Character Sheets" (2024) — similarity 0.4 < 0.7	
494	Deep Rock Galactic: Rivals Exclusive Gift Box	accessory	yes		UNMATCHED									22 candidate(s) found, none the same product		22 candidate(s) found, none the same product	rejected 401798 "Deep Rock Galactic: Biome Expansion" (2024) — similarity 0.5 < 0.7	
495	Deep Rock Galactic: Hidden Cave Segment Randomizers	promo	yes		PROPOSED	474551	Deep Rock Galactic: Hidden cave segments	2026	MOOD Publishing	boardgameaccessory			0.63	name similarity 0.77; year unknown one side; publisher unknown one side; kind promo ~ BGG boardgameaccessory; listed as an expansion/accessory of the parent id we already hold	https://boardgamegeek.com/boardgame/474551		rejected 401798 "Deep Rock Galactic: Biome Expansion" (?) — similarity 0.5 < 0.7	
496	Yeti or Not: Exclusive Edition Expansion	expansion	yes	449715	SUSPECT		Twisted Cryptids: Yeti or Not	2025	Unstable Games	boardgameexpansion	2025	Unstable Games		name similarity 0.55 (below 0.7); year exact (2025); publisher exact (Unstable Games); kind expansion ~ BGG boardgameexpansion; sole candidate id in the search	https://boardgamegeek.com/boardgame/449715	NAME: similarity 0.55 — we say "Yeti or Not: Exclusive Edition Expansion", BGG says "Twisted Cryptids: Yeti or Not"		
497	Twisted Cryptids: Nostalgic Wilderness Board	accessory	yes		PROPOSED	430245	Twisted Cryptids: The Nostalgic Wilderness Board	2025	Unstable Games	boardgameaccessory			0.87	name similarity 0.91; year unknown one side; publisher unknown one side; kind accessory ~ BGG boardgameaccessory; listed as an expansion/accessory of the parent id we already hold	https://boardgamegeek.com/boardgame/430245		rejected 429843 "Twisted Cryptids: Cryptid Culture" (?) — similarity 0.44 < 0.7	
498	Here to Slay: Banner Quest Expansion	expansion	yes	430678	CONFIRMED		Here to Slay: Banner Quest	2025	Unstable Games	boardgameexpansion	2025	Unstable Games	0.87	name similarity 0.91; year exact (2025); publisher exact (Unstable Games); kind expansion ~ BGG boardgameexpansion; sole candidate id in the search	https://boardgamegeek.com/boardgame/430678	name similarity 0.91: BGG says "Here to Slay: Banner Quest"		
499	Here to Slay: Banner Quest Play Mat	accessory	yes	461580	CONFIRMED		Here to Slay: Banner Quest Play Mat	2025	Unstable Games	boardgameaccessory	2025	Unstable Games	0.96	name exact (normalised); year exact (2025); publisher exact (Unstable Games); kind accessory ~ BGG boardgameaccessory; sole candidate id in the search	https://boardgamegeek.com/boardgame/461580			
500	Unstable Unicorns: Control (Kickstarter Exclusive Base Game, 2nd Edition)	base	yes		UNMATCHED						2018	Unstable Games		1 candidate(s) found, none the same product		1 candidate(s) found, none the same product	rejected 260785 "Unstable Unicorns: Control" (2019) — same family, different product (isFragmentOf)	
501	Unstable Unicorns: Chaos (Kickstarter Exclusive Base Game, 2nd Edition)	base	yes		UNMATCHED						2018	Unstable Games		1 candidate(s) found, none the same product		1 candidate(s) found, none the same product	rejected 260786 "Unstable Unicorns: Chaos" (2019) — same family, different product (isFragmentOf)	
502	Unstable Unicorns: Christmas Expansion Pack	expansion	yes		PROPOSED	349072	Unstable Unicorns:  Nightmares Expansion Pack	2021	Unstable Games	boardgameexpansion		Unstable Games	0.78	name similarity 0.8; year unknown one side; publisher exact (Unstable Games); kind expansion ~ BGG boardgameexpansion; listed as an expansion/accessory of the parent id we already hold	https://boardgamegeek.com/boardgame/349072	6 candidates cleared the gate; runner-up 243567 "Unstable Unicorns: Dragons Expansion Pack" at 0.78	rejected 325789 "Unstable Unicorns: Christmas Special Expansion Pack" (?) — same family, different product (isFragmentOf)	differs by one meaningful word: ours "christmas" vs BGG "nightmares" — check this is not a sibling product
503	Casting Shadows: The Molten Rock Expansion	expansion	yes	392200	CONFIRMED		Casting Shadows: The Molten Rock Expansion	2024	Unstable Games	boardgameexpansion	2024	Unstable Games	0.96	name exact (normalised); year exact (2024); publisher exact (Unstable Games); kind expansion ~ BGG boardgameexpansion; sole candidate id in the search	https://boardgamegeek.com/boardgame/392200			
504	Casting Shadows: The Molten Rock KSE Meeple & Wooden Token Set	accessory	yes		UNMATCHED									19 candidate(s) found, none the same product		19 candidate(s) found, none the same product	rejected 425656 "Casting Shadows: The Molten Rock Expansion Play Mat Set" (2024) — similarity 0.63 < 0.7	
505	Here to Slay: Warriors & Druids Play Mat Set	accessory	yes		PROPOSED	461581	Here to Slay: 6 Play Mat Bundle	2025	Unstable Games	boardgameaccessory			0.63	name similarity 0.71; year unknown one side; publisher unknown one side; kind accessory ~ BGG boardgameaccessory; listed as an expansion/accessory of the parent id we already hold	https://boardgamegeek.com/boardgame/461581	3 candidates cleared the gate; runner-up 369040 "Here to Slay: Central Play Mat" at 0.63	rejected 369041 "Here to Slay: Play Mat" (?) — same family, different product (isFragmentOf)	
506	Here to Slay: Warriors & Druids Standee Set	accessory	yes		UNMATCHED									42 candidate(s) found, none the same product		42 candidate(s) found, none the same product	rejected 321259 "Here to Slay: Warriors & Druids Expansion" (2020) — same family, different product (isFragmentOf)	
507	Here to Slay: Warriors & Druids Meeples Set	accessory	yes		PROPOSED	369125	Here to Slay: Warrior & Druids Meeples	2020	Unstable Games	boardgameaccessory			0.63	name similarity 0.77; year unknown one side; publisher unknown one side; kind accessory ~ BGG boardgameaccessory; listed as an expansion/accessory of the parent id we already hold	https://boardgamegeek.com/boardgame/369125		rejected 321259 "Here to Slay: Warriors & Druids Expansion" (?) — same family, different product (isFragmentOf)	differs by one meaningful word: ours "warriors" vs BGG "warrior" — check this is not a sibling product
508	Here to Slay: Berserkers & Necromancers Play Mat Set	accessory	yes		PROPOSED	461581	Here to Slay: 6 Play Mat Bundle	2025	Unstable Games	boardgameaccessory			0.63	name similarity 0.71; year unknown one side; publisher unknown one side; kind accessory ~ BGG boardgameaccessory; listed as an expansion/accessory of the parent id we already hold	https://boardgamegeek.com/boardgame/461581	4 candidates cleared the gate; runner-up 369244 "Here to Slay: Berserkers & Necromancers Meeples" at 0.63	rejected 349286 "Here to Slay: Berserkers & Necromancers" (?) — same family, different product (isFragmentOf)	
509	Here to Slay: Berserkers & Necromancers Standee Set	accessory	yes		PROPOSED	369244	Here to Slay: Berserkers & Necromancers Meeples	2022	Unstable Games	boardgameaccessory			0.63	name similarity 0.77; year unknown one side; publisher unknown one side; kind accessory ~ BGG boardgameaccessory; listed as an expansion/accessory of the parent id we already hold	https://boardgamegeek.com/boardgame/369244		rejected 349286 "Here to Slay: Berserkers & Necromancers" (?) — same family, different product (isFragmentOf)	differs by one meaningful word: ours "standee" vs BGG "meeples" — check this is not a sibling product
510	Here to Slay: Berserkers & Necromancers Meeples Set	accessory	yes		UNMATCHED									36 candidate(s) found, none the same product		36 candidate(s) found, none the same product	rejected 369244 "Here to Slay: Berserkers & Necromancers Meeples" (2022) — same family, different product (isFragmentOf)	
511	Ryoko's Guide to the Yokai Realms	base	yes		UNMATCHED						2025	Loot Tavern Publishing LLC		no search results at any rung of the ladder		no search results at any rung of the ladder		
512	Ryoko's Guide: Bombuku's Notebook of Knowhow	expansion	yes		UNMATCHED						2026	Loot Tavern Publishing LLC		no search results at any rung of the ladder		no search results at any rung of the ladder		
513	Ryoko's Guide: Wrath of the Kaiju	expansion	yes		UNMATCHED							Loot Tavern Publishing LLC		1 candidate(s) found, none the same product		1 candidate(s) found, none the same product	rejected 310637 "Godzilla Rampage: Kaiju Unleashed – The Wrath of Daimajin Supplement" (2020) — similarity 0.53 < 0.7	
514	Ryoko's Guide: Deluxe Book Bundle Slipcase	accessory	yes		UNMATCHED									no search results at any rung of the ladder		no search results at any rung of the ladder		
515	Ryoko's Guide: Deluxe Accessory Box	accessory	yes		UNMATCHED									no search results at any rung of the ladder		no search results at any rung of the ladder		
516	Ryoko's Guide: Yokai Dawn Dice Mini Set	accessory	yes		UNMATCHED									no search results at any rung of the ladder		no search results at any rung of the ladder		
517	Ryoko's Guide: Yokai Dawn Resin Dice Set	accessory	yes		UNMATCHED									no search results at any rung of the ladder		no search results at any rung of the ladder		
518	Cosmere RPG: Stormlight Handbook	base	yes		UNMATCHED						2025	Brotherwise Games		no search results at any rung of the ladder		no search results at any rung of the ladder		
519	Cosmere RPG: Stormlight World Guide	expansion	yes		UNMATCHED						2025	Brotherwise Games		no search results at any rung of the ladder		no search results at any rung of the ladder		
520	Cosmere RPG: Stonewalkers Adventure	expansion	yes		UNMATCHED						2025	Brotherwise Games		no search results at any rung of the ladder		no search results at any rung of the ladder		
521	Cosmere RPG: Level Zero Adventure	expansion	yes		UNMATCHED						2025	Brotherwise Games		no search results at any rung of the ladder		no search results at any rung of the ladder		
522	Cosmere RPG: Welcome to Roshar Guide	expansion	yes		UNMATCHED						2025	Brotherwise Games		no search results at any rung of the ladder		no search results at any rung of the ladder		
523	Cosmere RPG: Bridge Nine Adventure	expansion	yes		UNMATCHED						2025	Brotherwise Games		no search results at any rung of the ladder		no search results at any rung of the ladder		
524	Cosmere RPG: Stormlight Basic Dice Set	accessory	yes		UNMATCHED						2025	Brotherwise Games		no search results at any rung of the ladder		no search results at any rung of the ladder		
525	Cosmere RPG: Stormlight Liquid Core Dice	accessory	yes		UNMATCHED						2025	Brotherwise Games		no search results at any rung of the ladder		no search results at any rung of the ladder		
526	Cosmere RPG: Stormlight GM Screen	accessory	yes		UNMATCHED						2025	Brotherwise Games		no search results at any rung of the ladder		no search results at any rung of the ladder		
527	Cosmere RPG: Stormlight Plot Deck	accessory	yes		UNMATCHED						2025	Brotherwise Games		no search results at any rung of the ladder		no search results at any rung of the ladder		
528	Cosmere RPG: Stormlight Item Cards Deck	accessory	yes		UNMATCHED						2025	Brotherwise Games		no search results at any rung of the ladder		no search results at any rung of the ladder		
529	Cosmere RPG: Stormlight Punchboard Tokens Pack	accessory	yes		UNMATCHED						2025	Brotherwise Games		no search results at any rung of the ladder		no search results at any rung of the ladder		
530	Cosmere RPG: Stormlight Adventure Maps Pack	accessory	yes		UNMATCHED						2025	Brotherwise Games		no search results at any rung of the ladder		no search results at any rung of the ladder		
531	Cosmere RPG: Stormlight RPG Miniatures Set	accessory	yes		UNMATCHED						2025	Brotherwise Games		no search results at any rung of the ladder		no search results at any rung of the ladder		
532	Cosmere RPG: Stormlight Slipcase	accessory	yes		UNMATCHED						2025	Brotherwise Games		no search results at any rung of the ladder		no search results at any rung of the ladder		
533	Cosmere RPG: Mistborn Handbook	base	no		UNMATCHED						2026	Brotherwise Games		no search results at any rung of the ladder		no search results at any rung of the ladder		
534	Cosmere RPG: Mistborn World Guide	expansion	no		UNMATCHED						2026	Brotherwise Games		no search results at any rung of the ladder		no search results at any rung of the ladder		
535	Cosmere RPG: Mistborn Legacy Adventure	expansion	no		UNMATCHED						2026	Brotherwise Games		no search results at any rung of the ladder		no search results at any rung of the ladder		
536	Cosmere RPG: Welcome to Scadrial Guide	expansion	no		UNMATCHED						2026	Brotherwise Games		no search results at any rung of the ladder		no search results at any rung of the ladder		
537	Cosmere RPG: Mistborn GM Screen	accessory	no		UNMATCHED						2026	Brotherwise Games		no search results at any rung of the ladder		no search results at any rung of the ladder		
538	Cosmere RPG: Mistborn Deluxe Dice & Case	accessory	no		UNMATCHED						2026	Brotherwise Games		no search results at any rung of the ladder		no search results at any rung of the ladder		
539	Starlight Arcana	base	no		UNMATCHED						2022	Kelfecil's Tales		no search results at any rung of the ladder		no search results at any rung of the ladder		
540	Starlight Arcana: Quickstart Box	expansion	no		UNMATCHED							Kelfecil's Tales		no search results at any rung of the ladder		no search results at any rung of the ladder		
541	Starlight Arcana: GM Screen	accessory	no		UNMATCHED									no search results at any rung of the ladder		no search results at any rung of the ladder		
542	Starlight Arcana: Printed Maps	accessory	no		UNMATCHED									no search results at any rung of the ladder		no search results at any rung of the ladder		
543	Starlight Arcana: Astral Tarot Deck	accessory	no		UNMATCHED									no search results at any rung of the ladder		no search results at any rung of the ladder		
544	Starlight Arcana: Art Prints	accessory	no		UNMATCHED									no search results at any rung of the ladder		no search results at any rung of the ladder		
545	Tend: 48 Hour Pin	promo	no		UNMATCHED									14 candidate(s) found, none the same product		14 candidate(s) found, none the same product	rejected 427388 "Tend" (2025) — same family, different product (isFragmentOf)	
546	Moonrollers	base	no	405923	CONFIRMED		Moonrollers	2024	IV Studio	boardgame	2024	IV Studio	0.96	name exact (normalised); year exact (2024); publisher exact (IV Studio); kind base ~ BGG boardgame; sole candidate id in the search	https://boardgamegeek.com/boardgame/405923			
547	Moonrollers: Sleeves	accessory	no		UNMATCHED									144 candidate(s) found, none the same product		144 candidate(s) found, none the same product	rejected 435151 "Blood: Sleeves" (2026) — similarity 0.5 < 0.7	
548	Moonrollers: Metal Hazard Tokens	accessory	no	433131	CONFIRMED		Moonrollers: Metal Hazard Tokens	2024	IV Studio	boardgameaccessory	2024	IV Studio	0.96	name exact (normalised); year exact (2024); publisher exact (IV Studio); kind accessory ~ BGG boardgameaccessory; sole candidate id in the search	https://boardgamegeek.com/boardgame/433131			
549	Veiled Fate: Fate Dice	accessory	no		UNMATCHED									20 candidate(s) found, none the same product		20 candidate(s) found, none the same product	rejected 418869 "Veiled Fate: Celestials" (?) — similarity 0.67 < 0.7	
550	Veiled Fate: Sleeve Pack	accessory	no		UNMATCHED									41 candidate(s) found, none the same product		41 candidate(s) found, none the same product	rejected 418869 "Veiled Fate: Celestials" (?) — similarity 0.57 < 0.7	
551	Mythic Mischief: Volume I	base	no	342894	CONFIRMED		Mythic Mischief	2022	IV Studio	boardgame	2022	IV Studio	0.78	name similarity 0.8; year exact (2022); publisher exact (IV Studio); kind base ~ BGG boardgame; sole candidate id in the search	https://boardgamegeek.com/boardgame/342894	title differs by a subtitle: BGG says "Mythic Mischief" (similarity 0.8)		
552	Mythic Mischief: Volume II	base	no	400617	CONFIRMED		Mythic Mischief Vol. II	2024	IV Studio	boardgame	2024	IV Studio	0.71	name similarity 0.75; year exact (2024); publisher exact (IV Studio); kind base ~ BGG boardgame; sole candidate id in the search	https://boardgamegeek.com/boardgame/400617	name similarity 0.75: BGG says "Mythic Mischief Vol. II"		
553	Mythic Mischief: Appendix A	expansion	no	402247	CONFIRMED		Mythic Mischief: Appendix A	2024	IV Studio	boardgameexpansion	2024	IV Studio	0.96	name exact (normalised); year exact (2024); publisher exact (IV Studio); kind expansion ~ BGG boardgameexpansion; sole candidate id in the search	https://boardgamegeek.com/boardgame/402247			
554	Mythic Mischief: Layout Cards	accessory	no		PROPOSED	431603	Mythic Mischief: Layout Cards	2024	IV Studio	boardgameaccessory			1	name exact (normalised); year unknown one side; publisher unknown one side; kind accessory ~ BGG boardgameaccessory; listed as an expansion/accessory of the parent id we already hold	https://boardgamegeek.com/boardgame/431603		rejected 402247 "Mythic Mischief: Appendix A" (?) — similarity 0.57 < 0.7	
555	Mythic Mischief: Double-Sided Mat	accessory	no		UNMATCHED									9 candidate(s) found, none the same product		9 candidate(s) found, none the same product	rejected 431599 "Mythic Mischief: Double-sided Library and Hedgemaze Mat" (2024) — same family, different product (isFragmentOf)	
556	Super Boss Monster 2: First Player Token	accessory	no		UNMATCHED									31 candidate(s) found, none the same product		31 candidate(s) found, none the same product	rejected 428084 "Eternitium: First Player Token" (2024) — similarity 0.6 < 0.7	
557	Super Boss Monster 2: Dice Age Promo Pack	promo	no		UNMATCHED									4 candidate(s) found, none the same product		4 candidate(s) found, none the same product	rejected 454602 "Super Boss Monster: The Dice Age Pack" (?) — same family, different product (isFragmentOf)	
558	Super Boss Monster: Cross Promo Pack	promo	no		PROPOSED	454604	Super Boss Monster: Combo Pack	2026	Brotherwise Games	boardgameexpansion			0.63	name similarity 0.73; year unknown one side; publisher unknown one side; kind promo ~ BGG boardgameexpansion; listed as an expansion/accessory of the parent id we already hold	https://boardgamegeek.com/boardgame/454604	2 candidates cleared the gate; runner-up 418617 "Super Boss Monster: Kickstarter Pack" at 0.63	rejected 444193 "Super Boss Monster 2: Tower Golems Promo Card" (?) — similarity 0.62 < 0.7	
559	Super Boss Monster: Level Up Coins	accessory	no		UNMATCHED									12 candidate(s) found, none the same product		12 candidate(s) found, none the same product	rejected 415524 "Super Boss Monster" (2025) — same family, different product (isFragmentOf)	
560	Super Boss Monster: Ultimate Starter Set Card Sleeve Bundle	accessory	no		UNMATCHED									12 candidate(s) found, none the same product		12 candidate(s) found, none the same product	rejected 415524 "Super Boss Monster" (2025) — same family, different product (isFragmentOf)	
561	Dice Throne: Card Sleeves - Minimalist (Flaming Die)	accessory	no		UNMATCHED									6 candidate(s) found, none the same product		6 candidate(s) found, none the same product	rejected 476488 "Dice Throne: Minimalist Card Sleeves" (?) — same family, different product (isFragmentOf)	
562	Dice Throne Adventures: Card Sleeves - Boss Decks	accessory	no		UNMATCHED									19 candidate(s) found, none the same product		19 candidate(s) found, none the same product	rejected 476488 "Dice Throne: Minimalist Card Sleeves" (?) — similarity 0.67 < 0.7	
563	Dice Throne Outcasts: Playmat - Headless Horseman	accessory	no		PROPOSED	457576	Dice Throne: Outcasts – Neoprene Playmat	2025	Dice Throne, Inc.	boardgameaccessory			0.63	name similarity 0.73; year unknown one side; publisher unknown one side; kind accessory ~ BGG boardgameaccessory; listed as an expansion/accessory of the parent id we already hold	https://boardgamegeek.com/boardgame/457576		rejected 457577 "Dice Throne: Outcasts – Promo Pack" (?) — similarity 0.55 < 0.7	
564	Dice Throne Adventures Unchained: Playmat - Vault Witch	accessory	no		UNMATCHED									11 candidate(s) found, none the same product		11 candidate(s) found, none the same product	rejected 431993 "Dice Throne: Adventures – Unchained" (2025) — same family, different product (isFragmentOf)	
565	Dice Throne Outcasts: Playmat - Raveness	accessory	no		PROPOSED	457576	Dice Throne: Outcasts – Neoprene Playmat	2025	Dice Throne, Inc.	boardgameaccessory			0.73	name similarity 0.8; year unknown one side; publisher unknown one side; kind accessory ~ BGG boardgameaccessory; listed as an expansion/accessory of the parent id we already hold	https://boardgamegeek.com/boardgame/457576		rejected 457577 "Dice Throne: Outcasts – Promo Pack" (?) — similarity 0.6 < 0.7	differs by one meaningful word: ours "raveness" vs BGG "neoprene" — check this is not a sibling product
566	Dice Throne Outcasts: Playmat - Pale Lady	accessory	no		PROPOSED	457576	Dice Throne: Outcasts – Neoprene Playmat	2025	Dice Throne, Inc.	boardgameaccessory			0.63	name similarity 0.73; year unknown one side; publisher unknown one side; kind accessory ~ BGG boardgameaccessory; listed as an expansion/accessory of the parent id we already hold	https://boardgamegeek.com/boardgame/457576		rejected 457577 "Dice Throne: Outcasts – Promo Pack" (?) — similarity 0.55 < 0.7	
567	Dice Throne Outcasts: Playmat - Necromancer	accessory	no		PROPOSED	457576	Dice Throne: Outcasts – Neoprene Playmat	2025	Dice Throne, Inc.	boardgameaccessory			0.73	name similarity 0.8; year unknown one side; publisher unknown one side; kind accessory ~ BGG boardgameaccessory; listed as an expansion/accessory of the parent id we already hold	https://boardgamegeek.com/boardgame/457576		rejected 457577 "Dice Throne: Outcasts – Promo Pack" (?) — similarity 0.6 < 0.7	differs by one meaningful word: ours "necromancer" vs BGG "neoprene" — check this is not a sibling product
568	Dice Throne: Playmat - Minimalist (Flaming Die)	accessory	no		UNMATCHED									118 candidate(s) found, none the same product		118 candidate(s) found, none the same product	rejected 291818 "Dice Throne Adventures: Playmat" (2020) — similarity 0.6 < 0.7	
569	Savage: Kickstarter Promo Cards	promo	no		PROPOSED	423598	Aqua: Kickstarter Promo Cards	2024	Sunrise Tornado Game Studio	boardgameexpansion			0.45	name similarity 0.75; year unknown one side; publisher unknown one side; kind promo ~ BGG boardgameexpansion; 43 candidate ids	https://boardgamegeek.com/boardgame/423598	3 candidates cleared the gate; runner-up 343277 "Cascadia: Kickstarter Promo Cards" at 0.45	rejected 363068 "El Alamein: Kickstarter Promo Cards" (2015) — similarity 0.67 < 0.7	differs by one meaningful word: ours "savage" vs BGG "aqua" — check this is not a sibling product
570	Dungeon Crawler Carl Roleplaying Game Core Book	base	no		UNMATCHED						2026	Renegade Game Studios		no search results at any rung of the ladder		no search results at any rung of the ladder		
571	Dungeon Crawler Carl Roleplaying Game Starter Set	base	no		UNMATCHED						2026	Renegade Game Studios		no search results at any rung of the ladder		no search results at any rung of the ladder		
572	Dungeon Crawler Carl RPG: GM Screen and Tokens	accessory	no		UNMATCHED									no search results at any rung of the ladder		no search results at any rung of the ladder		
573	Dungeon Crawler Carl RPG: Carl's Enchanted Big Boi Boxers Dice Set	accessory	no		UNMATCHED									no search results at any rung of the ladder		no search results at any rung of the ladder		
574	Dungeon Crawler Carl RPG: Princess Donut's Enchanted Crown of the Sepsis Whore Dice Set	accessory	no		UNMATCHED									no search results at any rung of the ladder		no search results at any rung of the ladder		
575	Dungeon Crawler Carl RPG: Smush Dice Set	accessory	no		UNMATCHED									no search results at any rung of the ladder		no search results at any rung of the ladder		
576	Dungeon Crawler Carl RPG: Club Vanquisher D2	accessory	no		UNMATCHED									no search results at any rung of the ladder		no search results at any rung of the ladder		
577	Dungeon Crawler Carl RPG: Princess Donut Dice Bag	accessory	no		UNMATCHED									no search results at any rung of the ladder		no search results at any rung of the ladder		
578	Dungeon Crawler Carl RPG: Boxers > Briefs Dice Bag	accessory	no		UNMATCHED									no search results at any rung of the ladder		no search results at any rung of the ladder		
579	Dungeon Crawler Carl RPG: AAAAHHHH Dice Bag	accessory	no		UNMATCHED									no search results at any rung of the ladder		no search results at any rung of the ladder		
580	Dungeon Crawler Carl RPG: Crawler Sheet Journal	accessory	no		UNMATCHED									no search results at any rung of the ladder		no search results at any rung of the ladder		
581	Dungeon Crawler Carl RPG: I Will Kill Your Mother Dice Tray	accessory	no		UNMATCHED									no search results at any rung of the ladder		no search results at any rung of the ladder		
582	Dungeon Crawler Carl RPG: The Royal Court Miniatures Box	accessory	no		UNMATCHED									no search results at any rung of the ladder		no search results at any rung of the ladder		
583	Dungeon Crawler Carl RPG: Allies and Enemies Miniatures Box	accessory	no		UNMATCHED									no search results at any rung of the ladder		no search results at any rung of the ladder		
584	Dungeon Crawler Carl RPG: Mobs of Mordecai Miniatures Box	accessory	no		UNMATCHED									no search results at any rung of the ladder		no search results at any rung of the ladder		
585	Dungeon Crawler Carl RPG: Fillable Loot Cards	accessory	no		UNMATCHED									no search results at any rung of the ladder		no search results at any rung of the ladder		
586	Dungeon Crawler Carl RPG: Fillable Achievement Cards	accessory	no		UNMATCHED									no search results at any rung of the ladder		no search results at any rung of the ladder		
587	Dungeon Crawler Carl RPG: Slime Mordecai Mini	accessory	no		UNMATCHED									no search results at any rung of the ladder		no search results at any rung of the ladder		
588	Dungeon Crawler Carl RPG: Floor 10 Mystery Mordecai Mini	accessory	no		UNMATCHED									no search results at any rung of the ladder		no search results at any rung of the ladder		
589	Dungeon Crawler Carl: Art Print #1	accessory	no		UNMATCHED									5 candidate(s) found, none the same product		5 candidate(s) found, none the same product	rejected 459928 "Dungeon Crawler Carl: Unstoppable" (2026) — similarity 0.67 < 0.7	
590	Dungeon Crawler Carl: Art Print #2	accessory	no		UNMATCHED									5 candidate(s) found, none the same product		5 candidate(s) found, none the same product	rejected 459928 "Dungeon Crawler Carl: Unstoppable" (2026) — similarity 0.67 < 0.7	
591	Dungeon Crawler Carl: Art Print #3	accessory	no		UNMATCHED									5 candidate(s) found, none the same product		5 candidate(s) found, none the same product	rejected 459928 "Dungeon Crawler Carl: Unstoppable" (2026) — similarity 0.67 < 0.7	
592	Dungeon Crawler Carl: Art Print #4	accessory	no		UNMATCHED									5 candidate(s) found, none the same product		5 candidate(s) found, none the same product	rejected 459928 "Dungeon Crawler Carl: Unstoppable" (2026) — similarity 0.67 < 0.7	
593	Dungeon Crawler Carl: Art Print #5	accessory	no		UNMATCHED									5 candidate(s) found, none the same product		5 candidate(s) found, none the same product	rejected 459928 "Dungeon Crawler Carl: Unstoppable" (2026) — similarity 0.67 < 0.7	
594	Dungeon Crawler Carl: Unstoppable	base	no	459928	CONFIRMED		Dungeon Crawler Carl: Unstoppable	2026	Renegade Game Studios	boardgame	2026	Renegade Game Studios	0.96	name exact (normalised); year exact (2026); publisher exact (Renegade Game Studios); kind base ~ BGG boardgame; sole candidate id in the search	https://boardgamegeek.com/boardgame/459928			
595	Dungeon Crawler Carl: Unstoppable - Playmat	accessory	no		PROPOSED	469120	Dungeon Crawler Carl: Unstoppable – Crawler Chaos	2026	Renegade Game Studios	boardgameexpansion			0.67	name similarity 0.8; year unknown one side; publisher unknown one side; kind accessory vs BGG expansion; listed as an expansion/accessory of the parent id we already hold	https://boardgamegeek.com/boardgame/469120		rejected 469026 "Dungeon Crawler Carl: Unstoppable – Solo Playmat" (?) — same family, different product (isFragmentOf)	differs by one meaningful word: ours "playmat" vs BGG "chaos" — check this is not a sibling product
596	Dungeon Crawler Carl: Unstoppable - Co-Op Playmat	accessory	no	469027	CONFIRMED		Dungeon Crawler Carl: Unstoppable – Co-op Playmat	2026	Renegade Game Studios	boardgameaccessory	2026	Renegade Game Studios	0.96	name exact (normalised); year exact (2026); publisher exact (Renegade Game Studios); kind accessory ~ BGG boardgameaccessory; sole candidate id in the search	https://boardgamegeek.com/boardgame/469027			
597	Dungeon Crawler Carl: Unstoppable - Crawler Chaos Expansion	expansion	no	469120	CONFIRMED		Dungeon Crawler Carl: Unstoppable – Crawler Chaos	2026	Renegade Game Studios	boardgameexpansion	2026	Renegade Game Studios	0.87	name similarity 0.91; year exact (2026); publisher exact (Renegade Game Studios); kind expansion ~ BGG boardgameexpansion; sole candidate id in the search	https://boardgamegeek.com/boardgame/469120	name similarity 0.91: BGG says "Dungeon Crawler Carl: Unstoppable – Crawler Chaos"		
598	Dungeon Crawler Carl: Unstoppable - Iron Tangle Expansion	expansion	no	469121	CONFIRMED		Dungeon Crawler Carl: Unstoppable – The Iron Tangle	2026	Renegade Game Studios	boardgameexpansion	2026	Renegade Game Studios	0.78	name similarity 0.86; year exact (2026); publisher exact (Renegade Game Studios); kind expansion ~ BGG boardgameexpansion; sole candidate id in the search	https://boardgamegeek.com/boardgame/469121	name similarity 0.86: BGG says "Dungeon Crawler Carl: Unstoppable – The Iron Tangle"		
599	Player’s Handbook (2024)	base	yes		UNMATCHED						2024	Wizards of the Coast		9 candidate(s) found, none the same product		9 candidate(s) found, none the same product	rejected 26917 "Harpoon 4: Player's Handbook" (1996) — similarity 0.67 < 0.7	
600	Dungeon Master’s Guide (2024)	base	yes		UNMATCHED						2024	Wizards of the Coast		no search results at any rung of the ladder		no search results at any rung of the ladder		
601	Monster Manual (2024)	base	yes		UNMATCHED						2025	Wizards of the Coast		no search results at any rung of the ladder		no search results at any rung of the ladder		
602	Ravenloft: The Horrors Within	expansion	yes		UNMATCHED							Wizards of the Coast		8 candidate(s) found, none the same product		8 candidate(s) found, none the same product	rejected 38114 "Ravenloft Quest" (2004) — similarity 0.33 < 0.7	
603	Eberron: Forge of the Artificer	expansion	yes		UNMATCHED						2025	Wizards of the Coast		5 candidate(s) found, none the same product		5 candidate(s) found, none the same product	rejected 467039 "Heroscape: D2 Warriors of Eberron – Golem and the Wyrmlings Army Expansion" (2010) — similarity 0.38 < 0.7	
604	Forgotten Realms: Heroes of Faerûn	expansion	yes		UNMATCHED						2025	Wizards of the Coast		1 candidate(s) found, none the same product		1 candidate(s) found, none the same product	rejected 467034 "Heroscape: D1 Champions of the Forgotten Realms – Heroes of Faerûn Army Expansion" (2010) — same family, different product (isFragmentOf)	
605	Lorwyn: First Light	expansion	yes		UNMATCHED							Wizards of the Coast		8 candidate(s) found, none the same product		8 candidate(s) found, none the same product	rejected 264052 "Circadians: First Light" (2019) — similarity 0.67 < 0.7	
606	Astarion's Book of Hungers	expansion	yes		UNMATCHED							Wizards of the Coast		no search results at any rung of the ladder		no search results at any rung of the ladder		
607	D&D Beyond Drops	accessory	yes		UNMATCHED							Wizards of the Coast		no search results at any rung of the ladder		no search results at any rung of the ladder		
608	Sage Advice & Errata	expansion	yes		UNMATCHED							Wizards of the Coast		no search results at any rung of the ladder		no search results at any rung of the ladder		
609	D&D Beyond Basic Rules	expansion	yes		UNMATCHED						2024	Wizards of the Coast		no search results at any rung of the ladder		no search results at any rung of the ladder		
610	Exploring Eberron (2024)	expansion	yes		UNMATCHED						2024	Eberron Publishing		no search results at any rung of the ladder		no search results at any rung of the ladder		
611	The Crooked Moon Part One: Player Options & Campaign Setting	expansion	yes		UNMATCHED						2025	Avantris Entertainment		no search results at any rung of the ladder		no search results at any rung of the ladder		
612	Valda’s Spire of Secrets: Player Pack	expansion	yes		UNMATCHED							Mage Hand Press		34 candidate(s) found, none the same product		34 candidate(s) found, none the same product	rejected 354659 "Fortifications of Moroni: 8 Player Expansion Pack" (2021) — similarity 0.5 < 0.7	
613	Grim Hollow: Player’s Guide	expansion	yes		UNMATCHED							Ghostfire Gaming		8 candidate(s) found, none the same product		8 candidate(s) found, none the same product	rejected 41831 "SPQR: Player's Guide" (1998) — similarity 0.57 < 0.7	
614	The Pugilist Class (2024)	expansion	yes		UNMATCHED							Mage Hand Press		no search results at any rung of the ladder		no search results at any rung of the ladder		
615	Dr Dhrolin’s Dictionary of Dinosaurs	expansion	yes		UNMATCHED									no search results at any rung of the ladder		no search results at any rung of the ladder		
616	Northlands Worldbook	expansion	yes		UNMATCHED							Kobold Press		no search results at any rung of the ladder		no search results at any rung of the ladder		
617	Steinhardt's Guide to the Eldritch Hunt Player Pack	expansion	yes		UNMATCHED							Ghostfire Gaming		no search results at any rung of the ladder		no search results at any rung of the ladder		
618	The Griffon’s Saddlebag: Book One	expansion	yes		UNMATCHED							The Griffon’s Saddlebag		12 candidate(s) found, none the same product		12 candidate(s) found, none the same product	rejected 153918 "The Horus Heresy: Book One – Betrayal" (2012) — similarity 0.55 < 0.7	
619	Vampire: The Masquerade – Bound by Blood	expansion	yes		PROPOSED	277615	Vampire: The Masquerade – Blood Feud	2021	Everything Epic Games	boardgame		Renegade Game Studios	0.12	name similarity 0.73; year unknown one side; publisher absent from BGG list (ours "Renegade Game Studios", BGG "Everything Epic Games"); kind expansion vs BGG boardgame (nobody’s expansion); 291 candidate ids	https://boardgamegeek.com/boardgame/277615		rejected 336362 "Vampire: The Masquerade – Rivals: Blood & Alchemy" (2021) — similarity 0.67 < 0.7	
620	Player’s Handbook (2014)	base	yes		UNMATCHED						2014	Wizards of the Coast		9 candidate(s) found, none the same product		9 candidate(s) found, none the same product	rejected 26917 "Harpoon 4: Player's Handbook" (1996) — similarity 0.67 < 0.7	
621	Dungeon Master’s Guide (2014)	base	yes		UNMATCHED						2014	Wizards of the Coast		no search results at any rung of the ladder		no search results at any rung of the ladder		
622	Monster Manual (2014)	base	yes		UNMATCHED						2014	Wizards of the Coast		no search results at any rung of the ladder		no search results at any rung of the ladder		
623	Basic Rules (2014)	expansion	yes		UNMATCHED						2014	Wizards of the Coast		7 candidate(s) found, none the same product		7 candidate(s) found, none the same product	rejected 324907 "Diaspora Skirmish: Basic Rules" (2020) — similarity 0.57 < 0.7	
624	Sage Advice Compendium (2014)	expansion	yes		UNMATCHED							Wizards of the Coast		no search results at any rung of the ladder		no search results at any rung of the ladder		
625	Acquisitions Incorporated	expansion	yes		UNMATCHED						2019	Wizards of the Coast		15 candidate(s) found, none the same product		15 candidate(s) found, none the same product	rejected 273914 "Bargain Quest: Acquisitions Incorporated" (2019) — same family, different product (isFragmentOf)	
626	Baldur’s Gate Gazetteer	expansion	yes		UNMATCHED						2023	Wizards of the Coast		no search results at any rung of the ladder		no search results at any rung of the ladder		
627	Bigby Presents: Glory of the Giants	expansion	yes		UNMATCHED						2023	Wizards of the Coast		3 candidate(s) found, none the same product		3 candidate(s) found, none the same product	rejected 219311 "Wings of Glory: WW1 Giants of the Sky – Game Mats" (2015) — similarity 0.53 < 0.7	
628	Candlekeep Mysteries	expansion	yes		UNMATCHED						2021	Wizards of the Coast		no search results at any rung of the ladder		no search results at any rung of the ladder		
629	Domains of Delight: A Feywild Accessory	expansion	yes		UNMATCHED						2021	Wizards of the Coast		no search results at any rung of the ladder		no search results at any rung of the ladder		
630	Dragonlance: Shadow of the Dragon Queen	expansion	yes		UNMATCHED						2022	Wizards of the Coast		6 candidate(s) found, none the same product		6 candidate(s) found, none the same product	rejected 361552 "Dragonlance: Warriors of Krynn" (2023) — similarity 0.4 < 0.7	
631	Eberron: Rising from the Last War	expansion	yes		UNMATCHED						2019	Wizards of the Coast		5 candidate(s) found, none the same product		5 candidate(s) found, none the same product	rejected 467040 "Heroscape: D2 Warriors of Eberron – Veterans of the Last War Army Expansion" (2010) — similarity 0.47 < 0.7	
632	Explorer's Guide to Wildemount	expansion	yes		UNMATCHED						2020	Wizards of the Coast		no search results at any rung of the ladder		no search results at any rung of the ladder		
633	Fizban's Treasury of Dragons	expansion	yes		UNMATCHED						2021	Wizards of the Coast		no search results at any rung of the ladder		no search results at any rung of the ladder		
634	Frozen Sick	expansion	yes		UNMATCHED						2020	Wizards of the Coast		no search results at any rung of the ladder		no search results at any rung of the ladder		
635	Guildmasters’ Guide to Ravnica	expansion	yes		UNMATCHED						2018	Wizards of the Coast		no search results at any rung of the ladder		no search results at any rung of the ladder		
636	Journeys through the Radiant Citadel	expansion	yes		UNMATCHED						2022	Wizards of the Coast		no search results at any rung of the ladder		no search results at any rung of the ladder		
637	Locathah Rising	expansion	yes		UNMATCHED						2019	Wizards of the Coast		no search results at any rung of the ladder		no search results at any rung of the ladder		
638	Lost Mine of Phandelver	expansion	yes		UNMATCHED						2014	Wizards of the Coast		no search results at any rung of the ladder		no search results at any rung of the ladder		
639	Misplaced Monsters: Volume One	expansion	yes		UNMATCHED						2023	Wizards of the Coast		31 candidate(s) found, none the same product		31 candidate(s) found, none the same product	rejected 346611 "Ardennes Plus+: Volume One" (2020) — similarity 0.5 < 0.7	
640	Monstrous Compendium Vol. 1: Spelljammer Creatures	expansion	yes		UNMATCHED						2022	Wizards of the Coast		no search results at any rung of the ladder		no search results at any rung of the ladder		
641	Mordenkainen Presents: Monsters of the Multiverse	expansion	yes		UNMATCHED						2022	Wizards of the Coast		no search results at any rung of the ladder		no search results at any rung of the ladder		
642	Mordenkainen's Fiendish Folio Volume 1	expansion	yes		UNMATCHED						2019	Wizards of the Coast		no search results at any rung of the ladder		no search results at any rung of the ladder		
643	Mordenkainen’s Tome of Foes	expansion	yes		UNMATCHED						2018	Wizards of the Coast		no search results at any rung of the ladder		no search results at any rung of the ladder		
644	Mythic Odysseys of Theros	expansion	yes		UNMATCHED						2020	Wizards of the Coast		no search results at any rung of the ladder		no search results at any rung of the ladder		
645	One Grung Above	expansion	yes		UNMATCHED						2018	Wizards of the Coast		no search results at any rung of the ladder		no search results at any rung of the ladder		
646	Planescape: Adventures in the Multiverse	expansion	yes		UNMATCHED						2023	Wizards of the Coast		no search results at any rung of the ladder		no search results at any rung of the ladder		
647	Prisoner 13	expansion	yes		UNMATCHED						2022	Wizards of the Coast		no search results at any rung of the ladder		no search results at any rung of the ladder		
648	Rrakkma	expansion	yes		UNMATCHED						2020	Wizards of the Coast		no search results at any rung of the ladder		no search results at any rung of the ladder		
649	Spelljammer Academy	expansion	yes		UNMATCHED						2022	Wizards of the Coast		no search results at any rung of the ladder		no search results at any rung of the ladder		
650	Spelljammer: Adventures in Space	expansion	yes		PROPOSED	6624	Plott: Adventures in Space	1966	Lunagames	boardgame	2022	Wizards of the Coast	0	name similarity 0.75; year off by 56 (2022 vs 1966); publisher absent from BGG list (ours "Wizards of the Coast", BGG "Lunagames"); kind expansion vs BGG boardgame (nobody’s expansion); 3 candidate ids	https://boardgamegeek.com/boardgame/6624		rejected 333536 "Clank! In! Space! Adventures: Pulsarcade" (2021) — similarity 0.67 < 0.7	differs by one meaningful word: ours "spelljammer" vs BGG "plott" — check this is not a sibling product
651	Storm King's Thunder	expansion	yes		UNMATCHED						2016	Wizards of the Coast		no search results at any rung of the ladder		no search results at any rung of the ladder		
652	Strixhaven: A Curriculum of Chaos	expansion	yes		UNMATCHED						2021	Wizards of the Coast		7 candidate(s) found, none the same product		7 candidate(s) found, none the same product	rejected 359415 "Magic: The Gathering – Strixhaven: School of Mages" (2021) — similarity 0.36 < 0.7	
653	Sword Coast Adventurer's Guide	expansion	yes		UNMATCHED						2015	Wizards of the Coast		no search results at any rung of the ladder		no search results at any rung of the ladder		
654	Tasha’s Cauldron of Everything	expansion	yes		UNMATCHED						2020	Wizards of the Coast		no search results at any rung of the ladder		no search results at any rung of the ladder		
655	The Book of Many Things	expansion	yes		UNMATCHED						2023	Wizards of the Coast		no search results at any rung of the ladder		no search results at any rung of the ladder		
656	The Tortle Package	expansion	yes		UNMATCHED						2017	Wizards of the Coast		no search results at any rung of the ladder		no search results at any rung of the ladder		
657	The Vecna Dossier	expansion	yes		UNMATCHED						2022	Wizards of the Coast		no search results at any rung of the ladder		no search results at any rung of the ladder		
658	The Wild Beyond the Witchlight	expansion	yes		UNMATCHED						2021	Wizards of the Coast		no search results at any rung of the ladder		no search results at any rung of the ladder		
659	Van Richten’s Guide to Ravenloft	expansion	yes		UNMATCHED						2021	Wizards of the Coast		no search results at any rung of the ladder		no search results at any rung of the ladder		
660	Volo's Guide to Monsters	expansion	yes		UNMATCHED						2016	Wizards of the Coast		no search results at any rung of the ladder		no search results at any rung of the ladder		
661	Waterdeep: Dragon Heist	expansion	yes		UNMATCHED						2018	Wizards of the Coast		27 candidate(s) found, none the same product		27 candidate(s) found, none the same product	rejected 285867 "Dragonfire: Campaign – Waterdeep" (?) — similarity 0.33 < 0.7	
662	Waterdeep: Dungeon of the Mad Mage	expansion	yes		UNMATCHED						2018	Wizards of the Coast		1 candidate(s) found, none the same product		1 candidate(s) found, none the same product	rejected 264196 "Dungeons & Dragons: Waterdeep – Dungeon of the Mad Mage Board Game" (2019) — same family, different product (isFragmentOf)	
663	Wayfinder's Guide to Eberron	expansion	yes		UNMATCHED						2018	Wizards of the Coast		no search results at any rung of the ladder		no search results at any rung of the ladder		
664	Xanathar's Guide to Everything	expansion	yes		UNMATCHED						2017	Wizards of the Coast		no search results at any rung of the ladder		no search results at any rung of the ladder		
665	The Lord of the Rings Roleplaying	expansion	yes		UNMATCHED						2024	Free League Publishing		no search results at any rung of the ladder		no search results at any rung of the ladder		
666	The Griffon’s Saddlebag: Book Two	expansion	yes		UNMATCHED							The Griffon’s Saddlebag		7 candidate(s) found, none the same product		7 candidate(s) found, none the same product	rejected 153919 "The Horus Heresy: Book Two – Massacre" (2013) — similarity 0.55 < 0.7	
667	Obojima: Tales from the Tall Grass	expansion	yes		UNMATCHED						2025	Type40		no search results at any rung of the ladder		no search results at any rung of the ladder		
668	Humblewood Campaign Setting	expansion	yes		UNMATCHED						2019	Hit Point Press		no search results at any rung of the ladder		no search results at any rung of the ladder		
669	Heliana’s Guide to Monster Hunting: Part 1	expansion	yes		UNMATCHED							Loot Tavern		68 candidate(s) found, none the same product		68 candidate(s) found, none the same product	rejected 100455 "Dept. 13 part 3: Monster Hunters" (2008) — similarity 0.36 < 0.7	
670	Grim Hollow: Player Pack	expansion	yes		UNMATCHED							Ghostfire Gaming		34 candidate(s) found, none the same product		34 candidate(s) found, none the same product	rejected 437639 "Fleet Commander: 2-Player Pack" (2016) — similarity 0.5 < 0.7	
671	Book of Ebon Tides	expansion	yes		UNMATCHED						2022	Kobold Press		no search results at any rung of the ladder		no search results at any rung of the ladder		
672	The Illrigger Revised	expansion	yes		UNMATCHED							MCDM Productions		no search results at any rung of the ladder		no search results at any rung of the ladder		
673	Unearthed Arcana	expansion	yes		UNMATCHED							Wizards of the Coast		no search results at any rung of the ladder		no search results at any rung of the ladder		
676	Dice Throne: Season One ReRolled	base	yes	291794	CONFIRMED		Dice Throne: Season One ReRolled	2020	Mind Bottling Games	boardgame	2020	Roxley	0.96	name exact (normalised); year exact (2020); publisher exact (Roxley); kind base ~ BGG boardgame; sole candidate id in the search	https://boardgamegeek.com/boardgame/291794			
677	Marvel Dice Throne	base	yes	348406	CONFIRMED		Marvel Dice Throne	2022	Roxley	boardgame	2022	Roxley	0.96	name exact (normalised); year exact (2022); publisher exact (Roxley); kind base ~ BGG boardgame; sole candidate id in the search	https://boardgamegeek.com/boardgame/348406			
678	Dice Throne: Mystic Brawler	base	yes	474721	CONFIRMED		Dice Throne: Mystic Brawler	2026	Dice Throne, Inc.	boardgameexpansion	2026	Dice Throne, Inc.	0.89	name exact (normalised); year exact (2026); publisher exact (Dice Throne, Inc.); kind base vs BGG boardgameexpansion; sole candidate id in the search	https://boardgamegeek.com/boardgame/474721	kind: we say base, BGG types it boardgameexpansion		
679	Dice Throne: Alchemist	base	yes	463785	CONFIRMED		Dice Throne: Alchemist	2026	Dice Throne, Inc.	boardgameexpansion	2026	Dice Throne, Inc.	0.89	name exact (normalised); year exact (2026); publisher exact (Dice Throne, Inc.); kind base vs BGG boardgameexpansion; sole candidate id in the search	https://boardgamegeek.com/boardgame/463785	kind: we say base, BGG types it boardgameexpansion		
680	Dice Throne Hero: Barbarian	expansion	yes		UNMATCHED							Roxley		18 candidate(s) found, none the same product		18 candidate(s) found, none the same product	rejected 475111 "Dice Throne: Barbarian – Hero Pack" (2026) — same family, different product (isFragmentOf)	
681	Dice Throne Hero: Moon Elf	expansion	yes		UNMATCHED							Roxley		18 candidate(s) found, none the same product		18 candidate(s) found, none the same product	rejected 475119 "Dice Throne: Moon Elf – Hero Pack" (2026) — same family, different product (isFragmentOf)	
682	Dice Throne Hero: Monk	expansion	yes		UNMATCHED							Roxley		245 candidate(s) found, none the same product		245 candidate(s) found, none the same product	rejected 281332 "Dice Throne: Adventures" (?) — similarity 0.57 < 0.7	
683	Dice Throne Hero: Paladin	expansion	yes		UNMATCHED							Roxley		65 candidate(s) found, none the same product		65 candidate(s) found, none the same product	rejected 281332 "Dice Throne: Adventures" (?) — similarity 0.57 < 0.7	
684	Dice Throne Hero: Pyromancer	expansion	yes		UNMATCHED							Roxley		18 candidate(s) found, none the same product		18 candidate(s) found, none the same product	rejected 476096 "Dice Throne: Pyromancer – Hero Pack" (2026) — same family, different product (isFragmentOf)	
685	Dice Throne Hero: Shadow Thief	expansion	yes		UNMATCHED							Roxley		18 candidate(s) found, none the same product		18 candidate(s) found, none the same product	rejected 476097 "Dice Throne: Shadow Thief – Hero Pack" (2026) — same family, different product (isFragmentOf)	
686	Dice Throne Hero: Treant	expansion	yes		UNMATCHED							Roxley		19 candidate(s) found, none the same product		19 candidate(s) found, none the same product	rejected 281332 "Dice Throne: Adventures" (?) — similarity 0.57 < 0.7	
687	Dice Throne Hero: Ninja	expansion	yes		UNMATCHED							Roxley		358 candidate(s) found, none the same product		358 candidate(s) found, none the same product	rejected 136587 "Ninja Dice" (2013) — same family, different product (isFragmentOf)	
688	Dice Throne Hero: Gunslinger	expansion	yes		UNMATCHED							Roxley		41 candidate(s) found, none the same product		41 candidate(s) found, none the same product	rejected 266966 "Dice Throne: Season Two – Gunslinger v. Samurai" (2018) — similarity 0.6 < 0.7	
689	Dice Throne Hero: Samurai	expansion	yes		UNMATCHED							Roxley		187 candidate(s) found, none the same product		187 candidate(s) found, none the same product	rejected 233777 "Samurai Dice" (2017) — same family, different product (isFragmentOf)	
690	Dice Throne Hero: Tactician	expansion	yes		UNMATCHED							Roxley		25 candidate(s) found, none the same product		25 candidate(s) found, none the same product	rejected 266965 "Dice Throne: Season Two – Tactician v. Huntress" (2018) — similarity 0.6 < 0.7	
691	Dice Throne Hero: Huntress	expansion	yes		UNMATCHED							Roxley		29 candidate(s) found, none the same product		29 candidate(s) found, none the same product	rejected 266965 "Dice Throne: Season Two – Tactician v. Huntress" (2018) — similarity 0.6 < 0.7	
692	Dice Throne Hero: Cursed Pirate	expansion	yes		UNMATCHED							Roxley		23 candidate(s) found, none the same product		23 candidate(s) found, none the same product	rejected 266967 "Dice Throne: Season Two – Cursed Pirate v. Artificer" (2018) — similarity 0.67 < 0.7	
693	Dice Throne Hero: Artificer	expansion	yes		UNMATCHED							Roxley		27 candidate(s) found, none the same product		27 candidate(s) found, none the same product	rejected 281332 "Dice Throne: Adventures" (?) — similarity 0.57 < 0.7	
694	Dice Throne Hero: Seraph	expansion	yes		UNMATCHED							Roxley		26 candidate(s) found, none the same product		26 candidate(s) found, none the same product	rejected 281332 "Dice Throne: Adventures" (?) — similarity 0.57 < 0.7	
695	Dice Throne Hero: Vampire Lord	expansion	yes		UNMATCHED							Roxley		35 candidate(s) found, none the same product		35 candidate(s) found, none the same product	rejected 266964 "Dice Throne: Season Two – Seraph v. Vampire Lord" (2018) — similarity 0.67 < 0.7	
696	Dice Throne Hero: Scarlet Witch	expansion	yes		UNMATCHED							Roxley		22 candidate(s) found, none the same product		22 candidate(s) found, none the same product	rejected 360153 "Marvel Dice Throne: Scarlet Witch v. Thor v. Loki v. Spider-Man" (2022) — similarity 0.57 < 0.7	
697	Dice Throne Hero: Thor	expansion	yes		UNMATCHED							Roxley		118 candidate(s) found, none the same product		118 candidate(s) found, none the same product	rejected 440768 "Marvel Dice Throne: Marvel Hero Balance Kit" (?) — similarity 0.6 < 0.7	
698	Dice Throne Hero: Loki	expansion	yes		UNMATCHED							Roxley		32 candidate(s) found, none the same product		32 candidate(s) found, none the same product	rejected 440768 "Marvel Dice Throne: Marvel Hero Balance Kit" (?) — similarity 0.6 < 0.7	
699	Dice Throne Hero: Spider-Man (Miles Morales)	expansion	yes		UNMATCHED							Roxley		99 candidate(s) found, none the same product		99 candidate(s) found, none the same product	rejected 360153 "Marvel Dice Throne: Scarlet Witch v. Thor v. Loki v. Spider-Man" (2022) — similarity 0.5 < 0.7	
700	Dice Throne Hero: Black Panther	expansion	yes		PROPOSED	360061	Marvel Dice Throne: Captain Marvel v. Black Panther	2022	The Op Games	boardgame		Roxley	0.32	name similarity 0.73; year unknown one side; publisher exact (Roxley); kind expansion vs BGG base game that HAS expansions/accessories (family trap shape); 29 candidate ids	https://boardgamegeek.com/boardgame/360061		rejected 418801 "Marvel Dice Throne: Captain Marvel, Black Panther, Doctor Strange, Black Widow" (2024) — similarity 0.57 < 0.7	
701	Dice Throne Hero: Captain Marvel	expansion	yes		PROPOSED	440768	Marvel Dice Throne: Marvel Hero Balance Kit	2025	Dice Throne, Inc.	boardgameaccessory		Roxley	0.64	name similarity 0.73; year unknown one side; publisher exact (Roxley); kind expansion vs BGG accessory; listed as an expansion/accessory of the parent id we already hold	https://boardgamegeek.com/boardgame/440768		rejected 403511 "Marvel Dice Throne: Deadpool" (?) — similarity 0.67 < 0.7	
702	Dice Throne Hero: Doctor Strange	expansion	yes		UNMATCHED							Roxley		26 candidate(s) found, none the same product		26 candidate(s) found, none the same product	rejected 360152 "Marvel Dice Throne: Black Widow v. Doctor Strange" (2022) — similarity 0.67 < 0.7	
703	Dice Throne Hero: Black Widow	expansion	yes		UNMATCHED							Roxley		28 candidate(s) found, none the same product		28 candidate(s) found, none the same product	rejected 360152 "Marvel Dice Throne: Black Widow v. Doctor Strange" (2022) — similarity 0.67 < 0.7	
704	Dice Throne Hero: Wolverine	expansion	yes		UNMATCHED							Dice Throne, Inc.		17 candidate(s) found, none the same product		17 candidate(s) found, none the same product	rejected 281332 "Dice Throne: Adventures" (?) — similarity 0.57 < 0.7	
705	Dice Throne Hero: Storm	expansion	yes		UNMATCHED							Dice Throne, Inc.		407 candidate(s) found, none the same product		407 candidate(s) found, none the same product	rejected 281332 "Dice Throne: Adventures" (?) — similarity 0.57 < 0.7	
706	Dice Throne Hero: Cyclops	expansion	yes		UNMATCHED							Dice Throne, Inc.		18 candidate(s) found, none the same product		18 candidate(s) found, none the same product	rejected 281332 "Dice Throne: Adventures" (?) — similarity 0.57 < 0.7	
707	Dice Throne Hero: Rogue	expansion	yes		UNMATCHED							Dice Throne, Inc.		167 candidate(s) found, none the same product		167 candidate(s) found, none the same product	rejected 281332 "Dice Throne: Adventures" (?) — similarity 0.57 < 0.7	
708	Dice Throne Hero: Gambit	expansion	yes		UNMATCHED							Dice Throne, Inc.		88 candidate(s) found, none the same product		88 candidate(s) found, none the same product	rejected 281332 "Dice Throne: Adventures" (?) — similarity 0.57 < 0.7	
709	Dice Throne Hero: Psylocke	expansion	yes		UNMATCHED							Dice Throne, Inc.		13 candidate(s) found, none the same product		13 candidate(s) found, none the same product	rejected 281332 "Dice Throne: Adventures" (?) — similarity 0.57 < 0.7	
710	Dice Throne Hero: Iceman	expansion	yes		UNMATCHED							Dice Throne, Inc.		13 candidate(s) found, none the same product		13 candidate(s) found, none the same product	rejected 281332 "Dice Throne: Adventures" (?) — similarity 0.57 < 0.7	
711	Dice Throne Hero: Jean Grey	expansion	yes		UNMATCHED							Dice Throne, Inc.		13 candidate(s) found, none the same product		13 candidate(s) found, none the same product	rejected 438729 "Marvel Dice Throne: X-Men – Cyclops v. Gambit v. Rogue v. Jean Grey" (2025) — similarity 0.57 < 0.7	
712	Dice Throne Hero: Pale Lady	expansion	yes		PROPOSED	475411	Dice Throne Outcasts: Pale Lady	2026	Dice Throne, Inc.	boardgameexpansion		Dice Throne, Inc.	0.66	name similarity 0.8; year unknown one side; publisher exact (Dice Throne, Inc.); kind expansion ~ BGG boardgameexpansion; 7 candidate ids	https://boardgamegeek.com/boardgame/475411		rejected 457572 "Dice Throne: Outcasts Hero Sculpts" (?) — similarity 0.6 < 0.7	differs by one meaningful word: ours "hero" vs BGG "outcasts" — check this is not a sibling product
713	Dice Throne Hero: Headless Horseman	expansion	yes		PROPOSED	475412	Dice Throne Outcasts: Headless Horseman	2026	Dice Throne, Inc.	boardgameexpansion		Dice Throne, Inc.	0.63	name similarity 0.8; year unknown one side; publisher exact (Dice Throne, Inc.); kind expansion ~ BGG boardgameexpansion; 11 candidate ids	https://boardgamegeek.com/boardgame/475412		rejected 457572 "Dice Throne: Outcasts Hero Sculpts" (?) — similarity 0.6 < 0.7	differs by one meaningful word: ours "hero" vs BGG "outcasts" — check this is not a sibling product
714	Dice Throne Hero: Raveness	expansion	yes		PROPOSED	475413	Dice Throne Outcasts: Raveness	2026	Dice Throne, Inc.	boardgameexpansion		Dice Throne, Inc.	0.58	name similarity 0.75; year unknown one side; publisher exact (Dice Throne, Inc.); kind expansion ~ BGG boardgameexpansion; 7 candidate ids	https://boardgamegeek.com/boardgame/475413		rejected 457572 "Dice Throne: Outcasts Hero Sculpts" (?) — similarity 0.67 < 0.7	differs by one meaningful word: ours "hero" vs BGG "outcasts" — check this is not a sibling product
715	Dice Throne Hero: Necromancer	expansion	yes		PROPOSED	475414	Dice Throne Outcasts: Necromancer	2026	Dice Throne, Inc.	boardgameexpansion		Dice Throne, Inc.	0.54	name similarity 0.75; year unknown one side; publisher exact (Dice Throne, Inc.); kind expansion ~ BGG boardgameexpansion; 44 candidate ids	https://boardgamegeek.com/boardgame/475414		rejected 457572 "Dice Throne: Outcasts Hero Sculpts" (?) — similarity 0.67 < 0.7	differs by one meaningful word: ours "hero" vs BGG "outcasts" — check this is not a sibling product
716	Dice Throne Hero: Duelist	expansion	yes		UNMATCHED							Dice Throne, Inc.		11 candidate(s) found, none the same product		11 candidate(s) found, none the same product	rejected 476099 "Dice Throne: Duelist – Hero Pack" (2026) — same family, different product (isFragmentOf)	
717	Dice Throne Hero: Druid	expansion	yes		UNMATCHED							Dice Throne, Inc.		11 candidate(s) found, none the same product		11 candidate(s) found, none the same product	rejected 476098 "Dice Throne: Druid – Hero Pack" (2026) — same family, different product (isFragmentOf)	
718	Dice Throne Hero: Forgemaster	expansion	yes		UNMATCHED							Dice Throne, Inc.		11 candidate(s) found, none the same product		11 candidate(s) found, none the same product	rejected 476100 "Dice Throne: Forgemaster – Hero Pack" (2026) — same family, different product (isFragmentOf)	
719	Dice Throne Hero: Sun Elf	expansion	yes		UNMATCHED							Dice Throne, Inc.		11 candidate(s) found, none the same product		11 candidate(s) found, none the same product	rejected 476102 "Dice Throne: Sun Elf – Hero Pack" (2026) — same family, different product (isFragmentOf)	
720	Dice Throne Hero: Santa	expansion	yes		PROPOSED	366310	Dice Throne: Santa v. Krampus	2022	Roxley	boardgame		Roxley	0.32	name similarity 0.75; year unknown one side; publisher exact (Roxley); kind expansion vs BGG base game that HAS expansions/accessories (family trap shape); 161 candidate ids	https://boardgamegeek.com/boardgame/366310		rejected 373288 "Dice Throne: Santa's Workshop Promo Pack" (2022) — similarity 0.6 < 0.7	differs by one meaningful word: ours "hero" vs BGG "krampus" — check this is not a sibling product
721	Dice Throne Hero: Krampus	expansion	yes		PROPOSED	366310	Dice Throne: Santa v. Krampus	2022	Roxley	boardgame		Roxley	0.32	name similarity 0.75; year unknown one side; publisher exact (Roxley); kind expansion vs BGG base game that HAS expansions/accessories (family trap shape); 26 candidate ids	https://boardgamegeek.com/boardgame/366310		rejected 374901 "Dice Throne: Premium Sleeves – Santa v. Krampus" (2022) — similarity 0.6 < 0.7	differs by one meaningful word: ours "hero" vs BGG "santa" — check this is not a sibling product
722	Dice Throne Hero: Deadpool	expansion	yes		PROPOSED	403511	Marvel Dice Throne: Deadpool	2025	Roxley	boardgameexpansion		Roxley	0.54	name similarity 0.75; year unknown one side; publisher exact (Roxley); kind expansion ~ BGG boardgameexpansion; 44 candidate ids	https://boardgamegeek.com/boardgame/403511		rejected 268201 "Dice Throne" (?) — same family, different product (isFragmentOf)	differs by one meaningful word: ours "hero" vs BGG "marvel" — check this is not a sibling product
723	Dice Throne Hero: Mystic Brawler	expansion	yes		UNMATCHED							Dice Throne, Inc.		3 candidate(s) found, none the same product		3 candidate(s) found, none the same product	rejected 474721 "Dice Throne: Mystic Brawler" (2026) — same family, different product (isFragmentOf)	
724	Dice Throne Hero: Alchemist	expansion	yes		UNMATCHED							Dice Throne, Inc.		64 candidate(s) found, none the same product		64 candidate(s) found, none the same product	rejected 463785 "Dice Throne: Alchemist" (2026) — same family, different product (isFragmentOf)	
725	Dice Throne X-Men: Card Sleeves - Wolverine	accessory	yes		PROPOSED	476488	Dice Throne: Minimalist Card Sleeves		Dice Throne, Inc.	boardgameaccessory			0.63	name similarity 0.73; year unknown one side; publisher unknown one side; kind accessory ~ BGG boardgameaccessory; listed as an expansion/accessory of the parent id we already hold	https://boardgamegeek.com/boardgame/476488	2 candidates cleared the gate; runner-up 442738 "Marvel Dice Throne: X-Men – Premium Card Sleeves" at 0.63	rejected 439273 "Marvel Dice Throne: X-Men – Promo Card Set" (?) — similarity 0.62 < 0.7	
726	Dice Throne X-Men: Card Sleeves - Storm	accessory	yes		PROPOSED	476488	Dice Throne: Minimalist Card Sleeves		Dice Throne, Inc.	boardgameaccessory			0.63	name similarity 0.73; year unknown one side; publisher unknown one side; kind accessory ~ BGG boardgameaccessory; listed as an expansion/accessory of the parent id we already hold	https://boardgamegeek.com/boardgame/476488	2 candidates cleared the gate; runner-up 442738 "Marvel Dice Throne: X-Men – Premium Card Sleeves" at 0.63	rejected 439273 "Marvel Dice Throne: X-Men – Promo Card Set" (?) — similarity 0.62 < 0.7	
727	Dice Throne X-Men: Card Sleeves - Cyclops	accessory	yes		PROPOSED	476488	Dice Throne: Minimalist Card Sleeves		Dice Throne, Inc.	boardgameaccessory			0.63	name similarity 0.73; year unknown one side; publisher unknown one side; kind accessory ~ BGG boardgameaccessory; listed as an expansion/accessory of the parent id we already hold	https://boardgamegeek.com/boardgame/476488	2 candidates cleared the gate; runner-up 442738 "Marvel Dice Throne: X-Men – Premium Card Sleeves" at 0.63	rejected 439273 "Marvel Dice Throne: X-Men – Promo Card Set" (?) — similarity 0.62 < 0.7	
728	Dice Throne X-Men: Card Sleeves - Rogue	accessory	yes		PROPOSED	476488	Dice Throne: Minimalist Card Sleeves		Dice Throne, Inc.	boardgameaccessory			0.63	name similarity 0.73; year unknown one side; publisher unknown one side; kind accessory ~ BGG boardgameaccessory; listed as an expansion/accessory of the parent id we already hold	https://boardgamegeek.com/boardgame/476488	2 candidates cleared the gate; runner-up 442738 "Marvel Dice Throne: X-Men – Premium Card Sleeves" at 0.63	rejected 439273 "Marvel Dice Throne: X-Men – Promo Card Set" (?) — similarity 0.62 < 0.7	
729	Dice Throne X-Men: Card Sleeves - Gambit	accessory	yes		PROPOSED	476488	Dice Throne: Minimalist Card Sleeves		Dice Throne, Inc.	boardgameaccessory			0.63	name similarity 0.73; year unknown one side; publisher unknown one side; kind accessory ~ BGG boardgameaccessory; listed as an expansion/accessory of the parent id we already hold	https://boardgamegeek.com/boardgame/476488	2 candidates cleared the gate; runner-up 442738 "Marvel Dice Throne: X-Men – Premium Card Sleeves" at 0.63	rejected 439273 "Marvel Dice Throne: X-Men – Promo Card Set" (?) — similarity 0.62 < 0.7	
730	Dice Throne X-Men: Card Sleeves - Psylocke	accessory	yes		PROPOSED	476488	Dice Throne: Minimalist Card Sleeves		Dice Throne, Inc.	boardgameaccessory			0.63	name similarity 0.73; year unknown one side; publisher unknown one side; kind accessory ~ BGG boardgameaccessory; listed as an expansion/accessory of the parent id we already hold	https://boardgamegeek.com/boardgame/476488	2 candidates cleared the gate; runner-up 442738 "Marvel Dice Throne: X-Men – Premium Card Sleeves" at 0.63	rejected 439273 "Marvel Dice Throne: X-Men – Promo Card Set" (?) — similarity 0.62 < 0.7	
731	Dice Throne X-Men: Card Sleeves - Iceman	accessory	yes		PROPOSED	476488	Dice Throne: Minimalist Card Sleeves		Dice Throne, Inc.	boardgameaccessory			0.63	name similarity 0.73; year unknown one side; publisher unknown one side; kind accessory ~ BGG boardgameaccessory; listed as an expansion/accessory of the parent id we already hold	https://boardgamegeek.com/boardgame/476488	2 candidates cleared the gate; runner-up 442738 "Marvel Dice Throne: X-Men – Premium Card Sleeves" at 0.63	rejected 439273 "Marvel Dice Throne: X-Men – Promo Card Set" (?) — similarity 0.62 < 0.7	
732	Dice Throne X-Men: Card Sleeves - Jean Grey	accessory	yes		PROPOSED	442738	Marvel Dice Throne: X-Men – Premium Card Sleeves	2025	Roxley	boardgameaccessory			0.63	name similarity 0.71; year unknown one side; publisher unknown one side; kind accessory ~ BGG boardgameaccessory; listed as an expansion/accessory of the parent id we already hold	https://boardgamegeek.com/boardgame/442738		rejected 476488 "Dice Throne: Minimalist Card Sleeves" (?) — similarity 0.67 < 0.7	
733	Dice Throne X-Men: Hero Sculpt - Wolverine	accessory	yes		UNMATCHED									13 candidate(s) found, none the same product		13 candidate(s) found, none the same product	rejected 403494 "Marvel Dice Throne: X-Men" (2025) — similarity 0.6 < 0.7	
734	Dice Throne X-Men: Hero Sculpt - Storm	accessory	yes		UNMATCHED									13 candidate(s) found, none the same product		13 candidate(s) found, none the same product	rejected 403494 "Marvel Dice Throne: X-Men" (2025) — similarity 0.6 < 0.7	
735	Dice Throne X-Men: Hero Sculpt - Cyclops	accessory	yes		UNMATCHED									13 candidate(s) found, none the same product		13 candidate(s) found, none the same product	rejected 403494 "Marvel Dice Throne: X-Men" (2025) — similarity 0.6 < 0.7	
736	Dice Throne X-Men: Hero Sculpt - Rogue	accessory	yes		UNMATCHED									13 candidate(s) found, none the same product		13 candidate(s) found, none the same product	rejected 403494 "Marvel Dice Throne: X-Men" (2025) — similarity 0.6 < 0.7	
737	Dice Throne X-Men: Hero Sculpt - Gambit	accessory	yes		UNMATCHED									13 candidate(s) found, none the same product		13 candidate(s) found, none the same product	rejected 403494 "Marvel Dice Throne: X-Men" (2025) — similarity 0.6 < 0.7	
738	Dice Throne X-Men: Hero Sculpt - Psylocke	accessory	yes		UNMATCHED									13 candidate(s) found, none the same product		13 candidate(s) found, none the same product	rejected 403494 "Marvel Dice Throne: X-Men" (2025) — similarity 0.6 < 0.7	
739	Dice Throne X-Men: Hero Sculpt - Iceman	accessory	yes		UNMATCHED									13 candidate(s) found, none the same product		13 candidate(s) found, none the same product	rejected 403494 "Marvel Dice Throne: X-Men" (2025) — similarity 0.6 < 0.7	
740	Dice Throne X-Men: Hero Sculpt - Jean Grey	accessory	yes		UNMATCHED									13 candidate(s) found, none the same product		13 candidate(s) found, none the same product	rejected 438729 "Marvel Dice Throne: X-Men – Cyclops v. Gambit v. Rogue v. Jean Grey" (2025) — similarity 0.63 < 0.7	
741	Marvel Dice Throne: Hero Sculpt - Scarlet Witch	accessory	yes		UNMATCHED									26 candidate(s) found, none the same product		26 candidate(s) found, none the same product	rejected 360153 "Marvel Dice Throne: Scarlet Witch v. Thor v. Loki v. Spider-Man" (2022) — similarity 0.63 < 0.7	
742	Marvel Dice Throne: Hero Sculpt - Thor	accessory	yes		UNMATCHED									26 candidate(s) found, none the same product		26 candidate(s) found, none the same product	rejected 348406 "Marvel Dice Throne" (2022) — same family, different product (isFragmentOf)	
743	Marvel Dice Throne: Hero Sculpt - Loki	accessory	yes		UNMATCHED									26 candidate(s) found, none the same product		26 candidate(s) found, none the same product	rejected 348406 "Marvel Dice Throne" (2022) — same family, different product (isFragmentOf)	
744	Marvel Dice Throne: Hero Sculpt - Spider-Man (Miles Morales)	accessory	yes		UNMATCHED									26 candidate(s) found, none the same product		26 candidate(s) found, none the same product	rejected 360153 "Marvel Dice Throne: Scarlet Witch v. Thor v. Loki v. Spider-Man" (2022) — similarity 0.56 < 0.7	
745	Marvel Dice Throne: Hero Sculpt - Black Panther	accessory	yes		PROPOSED	360061	Marvel Dice Throne: Captain Marvel v. Black Panther	2022	The Op Games	boardgame			0.19	name similarity 0.77; year unknown one side; publisher unknown one side; kind accessory vs BGG base game that HAS expansions/accessories (family trap shape); 26 candidate ids	https://boardgamegeek.com/boardgame/360061		rejected 418801 "Marvel Dice Throne: Captain Marvel, Black Panther, Doctor Strange, Black Widow" (2024) — similarity 0.63 < 0.7	
746	Marvel Dice Throne: Hero Sculpt - Captain Marvel	accessory	yes		UNMATCHED									26 candidate(s) found, none the same product		26 candidate(s) found, none the same product	rejected 348406 "Marvel Dice Throne" (2022) — same family, different product (isFragmentOf)	
747	Marvel Dice Throne: Hero Sculpt - Doctor Strange	accessory	yes		PROPOSED	360152	Marvel Dice Throne: Black Widow v. Doctor Strange	2022	The Op Games	boardgame			0.19	name similarity 0.71; year unknown one side; publisher unknown one side; kind accessory vs BGG base game that HAS expansions/accessories (family trap shape); 26 candidate ids	https://boardgamegeek.com/boardgame/360152		rejected 418801 "Marvel Dice Throne: Captain Marvel, Black Panther, Doctor Strange, Black Widow" (2024) — similarity 0.63 < 0.7	
748	Marvel Dice Throne: Hero Sculpt - Black Widow	accessory	yes		PROPOSED	360152	Marvel Dice Throne: Black Widow v. Doctor Strange	2022	The Op Games	boardgame			0.19	name similarity 0.71; year unknown one side; publisher unknown one side; kind accessory vs BGG base game that HAS expansions/accessories (family trap shape); 26 candidate ids	https://boardgamegeek.com/boardgame/360152		rejected 418801 "Marvel Dice Throne: Captain Marvel, Black Panther, Doctor Strange, Black Widow" (2024) — similarity 0.63 < 0.7	
749	Dice Throne Outcasts: Card Sleeves - Pale Lady	accessory	yes		UNMATCHED									13 candidate(s) found, none the same product		13 candidate(s) found, none the same product	rejected 475411 "Dice Throne Outcasts: Pale Lady" (2026) — same family, different product (isFragmentOf)	
750	Dice Throne Outcasts: Card Sleeves - Headless Horseman	accessory	yes		UNMATCHED									13 candidate(s) found, none the same product		13 candidate(s) found, none the same product	rejected 475412 "Dice Throne Outcasts: Headless Horseman" (2026) — same family, different product (isFragmentOf)	
751	Dice Throne Outcasts: Card Sleeves - Raveness	accessory	yes		PROPOSED	476488	Dice Throne: Minimalist Card Sleeves		Dice Throne, Inc.	boardgameaccessory			0.63	name similarity 0.73; year unknown one side; publisher unknown one side; kind accessory ~ BGG boardgameaccessory; listed as an expansion/accessory of the parent id we already hold	https://boardgamegeek.com/boardgame/476488	2 candidates cleared the gate; runner-up 457574 "Dice Throne: Outcasts – Premium Sleeves" at 0.63	rejected 457577 "Dice Throne: Outcasts – Promo Pack" (?) — similarity 0.55 < 0.7	
752	Dice Throne Outcasts: Card Sleeves - Necromancer	accessory	yes		PROPOSED	476488	Dice Throne: Minimalist Card Sleeves		Dice Throne, Inc.	boardgameaccessory			0.63	name similarity 0.73; year unknown one side; publisher unknown one side; kind accessory ~ BGG boardgameaccessory; listed as an expansion/accessory of the parent id we already hold	https://boardgamegeek.com/boardgame/476488	2 candidates cleared the gate; runner-up 457574 "Dice Throne: Outcasts – Premium Sleeves" at 0.63	rejected 457577 "Dice Throne: Outcasts – Promo Pack" (?) — similarity 0.55 < 0.7	
753	Dice Throne Outcasts: Hero Sculpt (Painted) - Pale Lady	accessory	yes		UNMATCHED									13 candidate(s) found, none the same product		13 candidate(s) found, none the same product	rejected 475411 "Dice Throne Outcasts: Pale Lady" (2026) — same family, different product (isFragmentOf)	
754	Dice Throne Outcasts: Hero Sculpt (Painted) - Headless Horseman	accessory	yes		UNMATCHED									13 candidate(s) found, none the same product		13 candidate(s) found, none the same product	rejected 475412 "Dice Throne Outcasts: Headless Horseman" (2026) — same family, different product (isFragmentOf)	
755	Dice Throne Outcasts: Hero Sculpt (Painted) - Raveness	accessory	yes		UNMATCHED									13 candidate(s) found, none the same product		13 candidate(s) found, none the same product	rejected 475413 "Dice Throne Outcasts: Raveness" (2026) — same family, different product (isFragmentOf)	
756	Dice Throne Outcasts: Hero Sculpt (Painted) - Necromancer	accessory	yes		UNMATCHED									13 candidate(s) found, none the same product		13 candidate(s) found, none the same product	rejected 475414 "Dice Throne Outcasts: Necromancer" (2026) — same family, different product (isFragmentOf)	
757	Dice Throne Santa vs Krampus: Painted Miniature - Santa	accessory	yes		PROPOSED	374902	Dice Throne Adventures: Santa/Krampus Miniatures – Painted	2022	Roxley	boardgameaccessory			0.49	name similarity 0.71; year unknown one side; publisher unknown one side; kind accessory ~ BGG boardgameaccessory; 8 candidate ids	https://boardgamegeek.com/boardgame/374902		rejected 374901 "Dice Throne: Premium Sleeves – Santa v. Krampus" (?) — similarity 0.62 < 0.7	differs by one meaningful word: ours "vs" vs BGG "adventures" — check this is not a sibling product
758	Dice Throne Santa vs Krampus: Painted Miniature - Krampus	accessory	yes		PROPOSED	374902	Dice Throne Adventures: Santa/Krampus Miniatures – Painted	2022	Roxley	boardgameaccessory			0.49	name similarity 0.71; year unknown one side; publisher unknown one side; kind accessory ~ BGG boardgameaccessory; 8 candidate ids	https://boardgamegeek.com/boardgame/374902		rejected 374901 "Dice Throne: Premium Sleeves – Santa v. Krampus" (?) — similarity 0.62 < 0.7	differs by one meaningful word: ours "vs" vs BGG "adventures" — check this is not a sibling product
759	Dice Throne Santa vs Krampus: Card Sleeves - Santa	accessory	yes		PROPOSED	374901	Dice Throne: Premium Sleeves – Santa v. Krampus	2022	Roxley	boardgameaccessory			0.63	name similarity 0.77; year unknown one side; publisher unknown one side; kind accessory ~ BGG boardgameaccessory; listed as an expansion/accessory of the parent id we already hold	https://boardgamegeek.com/boardgame/374901		rejected 476488 "Dice Throne: Minimalist Card Sleeves" (?) — similarity 0.67 < 0.7	
760	Dice Throne Santa vs Krampus: Card Sleeves - Krampus	accessory	yes		PROPOSED	374901	Dice Throne: Premium Sleeves – Santa v. Krampus	2022	Roxley	boardgameaccessory			0.63	name similarity 0.77; year unknown one side; publisher unknown one side; kind accessory ~ BGG boardgameaccessory; listed as an expansion/accessory of the parent id we already hold	https://boardgamegeek.com/boardgame/374901		rejected 476488 "Dice Throne: Minimalist Card Sleeves" (?) — similarity 0.67 < 0.7	
761	Dice Throne Deadpool: Hero Sculpt - Deadpool	accessory	yes		UNMATCHED									26 candidate(s) found, none the same product		26 candidate(s) found, none the same product	rejected 403511 "Marvel Dice Throne: Deadpool" (2025) — similarity 0.67 < 0.7	
762	Dice Throne Deadpool: Card Sleeves - Deadpool	accessory	yes		PROPOSED	476488	Dice Throne: Minimalist Card Sleeves		Dice Throne, Inc.	boardgameaccessory			0.73	name similarity 0.8; year unknown one side; publisher unknown one side; kind accessory ~ BGG boardgameaccessory; listed as an expansion/accessory of the parent id we already hold	https://boardgamegeek.com/boardgame/476488		rejected 268201 "Dice Throne" (?) — same family, different product (isFragmentOf)	differs by one meaningful word: ours "deadpool" vs BGG "minimalist" — check this is not a sibling product
763	Dice Throne X-Men: Playmat - Wolverine	accessory	no		UNMATCHED									13 candidate(s) found, none the same product		13 candidate(s) found, none the same product	rejected 403494 "Marvel Dice Throne: X-Men" (2025) — similarity 0.67 < 0.7	
764	Dice Throne X-Men: Playmat - Storm	accessory	no		UNMATCHED									13 candidate(s) found, none the same product		13 candidate(s) found, none the same product	rejected 403494 "Marvel Dice Throne: X-Men" (2025) — similarity 0.67 < 0.7	
765	Dice Throne X-Men: Playmat - Cyclops	accessory	no		UNMATCHED									13 candidate(s) found, none the same product		13 candidate(s) found, none the same product	rejected 403494 "Marvel Dice Throne: X-Men" (2025) — similarity 0.67 < 0.7	
766	Dice Throne X-Men: Playmat - Rogue	accessory	no		UNMATCHED									13 candidate(s) found, none the same product		13 candidate(s) found, none the same product	rejected 403494 "Marvel Dice Throne: X-Men" (2025) — similarity 0.67 < 0.7	
767	Dice Throne X-Men: Playmat - Gambit	accessory	no		UNMATCHED									13 candidate(s) found, none the same product		13 candidate(s) found, none the same product	rejected 403494 "Marvel Dice Throne: X-Men" (2025) — similarity 0.67 < 0.7	
768	Dice Throne X-Men: Playmat - Psylocke	accessory	no		UNMATCHED									13 candidate(s) found, none the same product		13 candidate(s) found, none the same product	rejected 403494 "Marvel Dice Throne: X-Men" (2025) — similarity 0.67 < 0.7	
769	Dice Throne X-Men: Playmat - Iceman	accessory	no		UNMATCHED									13 candidate(s) found, none the same product		13 candidate(s) found, none the same product	rejected 403494 "Marvel Dice Throne: X-Men" (2025) — similarity 0.67 < 0.7	
770	Dice Throne X-Men: Playmat - Jean Grey	accessory	no		UNMATCHED									13 candidate(s) found, none the same product		13 candidate(s) found, none the same product	rejected 438729 "Marvel Dice Throne: X-Men – Cyclops v. Gambit v. Rogue v. Jean Grey" (2025) — similarity 0.67 < 0.7	
771	Marvel Dice Throne: Playmat - Scarlet Witch	accessory	no		UNMATCHED									26 candidate(s) found, none the same product		26 candidate(s) found, none the same product	rejected 352243 "Marvel Dice Throne: Playmat" (2022) — same family, different product (isFragmentOf)	
772	Marvel Dice Throne: Playmat - Thor	accessory	no		UNMATCHED									11 candidate(s) found, none the same product		11 candidate(s) found, none the same product	rejected 352243 "Marvel Dice Throne: Playmat" (?) — same family, different product (isFragmentOf)	
773	Marvel Dice Throne: Playmat - Loki	accessory	no		UNMATCHED									26 candidate(s) found, none the same product		26 candidate(s) found, none the same product	rejected 352243 "Marvel Dice Throne: Playmat" (2022) — same family, different product (isFragmentOf)	
774	Marvel Dice Throne: Playmat - Spider-Man (Miles Morales)	accessory	no		UNMATCHED									11 candidate(s) found, none the same product		11 candidate(s) found, none the same product	rejected 352243 "Marvel Dice Throne: Playmat" (?) — same family, different product (isFragmentOf)	
775	Marvel Dice Throne: Playmat - Black Panther	accessory	no		PROPOSED	360061	Marvel Dice Throne: Captain Marvel v. Black Panther	2022	The Op Games	boardgame			0.29	name similarity 0.83; year unknown one side; publisher unknown one side; kind accessory vs BGG base game that HAS expansions/accessories (family trap shape); 26 candidate ids	https://boardgamegeek.com/boardgame/360061		rejected 352243 "Marvel Dice Throne: Playmat" (2022) — same family, different product (isFragmentOf)	differs by one meaningful word: ours "playmat" vs BGG "captain" — check this is not a sibling product
776	Marvel Dice Throne: Playmat - Captain Marvel	accessory	no		PROPOSED	360061	Marvel Dice Throne: Captain Marvel v. Black Panther	2022	The Op Games	boardgame			0.19	name similarity 0.73; year unknown one side; publisher unknown one side; kind accessory vs BGG base game that HAS expansions/accessories (family trap shape); 26 candidate ids	https://boardgamegeek.com/boardgame/360061		rejected 352243 "Marvel Dice Throne: Playmat" (2022) — same family, different product (isFragmentOf)	
777	Marvel Dice Throne: Playmat - Doctor Strange	accessory	no		PROPOSED	360152	Marvel Dice Throne: Black Widow v. Doctor Strange	2022	The Op Games	boardgame			0.19	name similarity 0.77; year unknown one side; publisher unknown one side; kind accessory vs BGG base game that HAS expansions/accessories (family trap shape); 26 candidate ids	https://boardgamegeek.com/boardgame/360152		rejected 352243 "Marvel Dice Throne: Playmat" (2022) — same family, different product (isFragmentOf)	
778	Marvel Dice Throne: Playmat - Black Widow	accessory	no		PROPOSED	360152	Marvel Dice Throne: Black Widow v. Doctor Strange	2022	The Op Games	boardgame			0.19	name similarity 0.77; year unknown one side; publisher unknown one side; kind accessory vs BGG base game that HAS expansions/accessories (family trap shape); 26 candidate ids	https://boardgamegeek.com/boardgame/360152		rejected 352243 "Marvel Dice Throne: Playmat" (2022) — same family, different product (isFragmentOf)	
779	Dice Throne Santa vs Krampus: Playmat	accessory	no		UNMATCHED									447 candidate(s) found, none the same product		447 candidate(s) found, none the same product	rejected 374901 "Dice Throne: Premium Sleeves – Santa v. Krampus" (?) — similarity 0.67 < 0.7	
781	Dice Throne Mystic Brawler: Hero Sculpt	accessory	no		UNMATCHED									5 candidate(s) found, none the same product		5 candidate(s) found, none the same product	rejected 457572 "Dice Throne: Outcasts Hero Sculpts" (2025) — similarity 0.55 < 0.7	
782	Dice Throne Mystic Brawler: Card Sleeves	accessory	no		PROPOSED	476488	Dice Throne: Minimalist Card Sleeves		Dice Throne, Inc.	boardgameaccessory			0.63	name similarity 0.73; year unknown one side; publisher unknown one side; kind accessory ~ BGG boardgameaccessory; listed as an expansion/accessory of the parent id we already hold	https://boardgamegeek.com/boardgame/476488		rejected 268201 "Dice Throne" (?) — same family, different product (isFragmentOf)	
783	Dice Throne Deadpool: Playmat - Deadpool	accessory	no		PROPOSED	403511	Marvel Dice Throne: Deadpool	2025	Roxley	boardgameexpansion		Roxley	0.49	name similarity 0.75; year unknown one side; publisher exact (Roxley); kind accessory vs BGG expansion; 26 candidate ids	https://boardgamegeek.com/boardgame/403511		rejected 268201 "Dice Throne" (?) — same family, different product (isFragmentOf)	differs by one meaningful word: ours "playmat" vs BGG "marvel" — check this is not a sibling product
784	Wrong Party	base	yes	336622	CONFIRMED		Wrong Party	2021	TeeTurtle	boardgame	2021	TeeTurtle	0.96	name exact (normalised); year exact (2021); publisher exact (TeeTurtle); kind base ~ BGG boardgame; sole candidate id in the search	https://boardgamegeek.com/boardgame/336622			
785	Tic Tac K.O.: Dragons vs Unicorns	base	yes	346296	CONFIRMED		Tic Tac K.O.: Dragons vs Unicorns	2021	Unstable Games	boardgame	2021	Unstable Games	0.96	name exact (normalised); year exact (2021); publisher exact (Unstable Games); kind base ~ BGG boardgame; sole candidate id in the search	https://boardgamegeek.com/boardgame/346296			
788	Make It Happen	base	yes	300729	CONFIRMED		Make It Happen	2020	Indie Boards & Cards	boardgame	2020	Indie Boards & Cards	0.96	name exact (normalised); year exact (2020); publisher exact (Indie Boards & Cards); kind base ~ BGG boardgame; sole candidate id in the search	https://boardgamegeek.com/boardgame/300729			
789	Exodus: Paris Nouveau	base	yes	253074	CONFIRMED		Exodus: Paris Nouveau	2018	Indie Boards & Cards	boardgame	2018	Indie Boards & Cards	0.96	name exact (normalised); year exact (2018); publisher exact (Indie Boards & Cards); kind base ~ BGG boardgame; sole candidate id in the search	https://boardgamegeek.com/boardgame/253074			
790	Dark Moon	base	yes	111124	CONFIRMED		Dark Moon	2011	Stronghold Games	boardgame	2011	Stronghold Games	0.96	name exact (normalised); year exact (2011); publisher exact (Stronghold Games); kind base ~ BGG boardgame; sole candidate id in the search	https://boardgamegeek.com/boardgame/111124			
791	SteamRollers	base	yes	182704	CONFIRMED		SteamRollers	2015	Flatlined Games	boardgame	2015	Flatlined Games	0.96	name exact (normalised); year exact (2015); publisher exact (Flatlined Games); kind base ~ BGG boardgame; sole candidate id in the search	https://boardgamegeek.com/boardgame/182704			
792	Captains of the Gulf	base	yes	255455	CONFIRMED		Captains of the Gulf	2018	Spielworxx	boardgame	2018	Spielworxx	0.96	name exact (normalised); year exact (2018); publisher exact (Spielworxx); kind base ~ BGG boardgame; sole candidate id in the search	https://boardgamegeek.com/boardgame/255455			
793	Happy Little Dinosaurs	base	yes	325414	CONFIRMED		Happy Little Dinosaurs	2021	Unstable Games	boardgame	2021	Unstable Games	0.96	name exact (normalised); year exact (2021); publisher exact (Unstable Games); kind base ~ BGG boardgame; sole candidate id in the search	https://boardgamegeek.com/boardgame/325414			
794	Zombie Kittens	base	yes	362202	CONFIRMED		Zombie Kittens	2022	Exploding Kittens	boardgame	2022	Exploding Kittens	0.96	name exact (normalised); year exact (2022); publisher exact (Exploding Kittens); kind base ~ BGG boardgame; sole candidate id in the search	https://boardgamegeek.com/boardgame/362202			
795	Tetris	base	yes	342016	CONFIRMED		Tetris	2021	Buffalo Games	boardgame	2021	Buffalo Games	0.96	name exact (normalised); year exact (2021); publisher exact (Buffalo Games); kind base ~ BGG boardgame; sole candidate id in the search	https://boardgamegeek.com/boardgame/342016			
796	Lords of Waterdeep	base	yes	110327	CONFIRMED		Lords of Waterdeep	2012	Wizards of the Coast	boardgame	2012	Wizards of the Coast	0.96	name exact (normalised); year exact (2012); publisher exact (Wizards of the Coast); kind base ~ BGG boardgame; sole candidate id in the search	https://boardgamegeek.com/boardgame/110327			
797	Dungeons & Dragons: Castle Ravenloft Board Game	base	yes	59946	CONFIRMED		Dungeons & Dragons: Castle Ravenloft Board Game	2010	Wizards of the Coast	boardgame	2010	Wizards of the Coast	0.96	name exact (normalised); year exact (2010); publisher exact (Wizards of the Coast); kind base ~ BGG boardgame; sole candidate id in the search	https://boardgamegeek.com/boardgame/59946			
798	Dungeons & Dragons: The Legend of Drizzt Board Game	base	yes	91872	CONFIRMED		Dungeons & Dragons: The Legend of Drizzt Board Game	2011	Wizards of the Coast	boardgame	2011	Wizards of the Coast	0.96	name exact (normalised); year exact (2011); publisher exact (Wizards of the Coast); kind base ~ BGG boardgame; sole candidate id in the search	https://boardgamegeek.com/boardgame/91872			
799	Dungeons & Dragons: Wrath of Ashardalon Board Game	base	yes	66356	CONFIRMED		Dungeons & Dragons: Wrath of Ashardalon Board Game	2011	Wizards of the Coast	boardgame	2011	Wizards of the Coast	0.96	name exact (normalised); year exact (2011); publisher exact (Wizards of the Coast); kind base ~ BGG boardgame; sole candidate id in the search	https://boardgamegeek.com/boardgame/66356			
800	Exploding Kittens	base	yes	172225	CONFIRMED		Exploding Kittens	2015	Ad Magic, Inc. (AdMagic Games)	boardgame	2015	Ad Magic, Inc. (AdMagic Games)	0.96	name exact (normalised); year exact (2015); publisher exact (Ad Magic, Inc. (AdMagic Games)); kind base ~ BGG boardgame; sole candidate id in the search	https://boardgamegeek.com/boardgame/172225			
801	Go Fish	base	yes	7682	SUSPECT		Go Fish		(Public Domain)	boardgame		Traditional		name exact (normalised); year unknown one side; publisher absent from BGG list (ours "Traditional", BGG "(Public Domain); (Unknown); Anker Play Products"); kind base ~ BGG boardgame; sole candidate id in the search	https://boardgamegeek.com/boardgame/7682	PUBLISHER: ours "Traditional" appears nowhere in BGG's 51 publisher links (BGG lists "(Public Domain); (Unknown); Anker Play Products")		
802	Codenames	base	yes	178900	CONFIRMED		Codenames	2015	Czech Games Edition (CGE)	boardgame	2015	Czech Games Edition	0.92	name exact (normalised); year exact (2015); publisher partial (Czech Games Edition ~ BGG list); kind base ~ BGG boardgame; sole candidate id in the search	https://boardgamegeek.com/boardgame/178900			
803	Time to Panic	base	yes	445424	CONFIRMED		Time to Panic	2025	IV Studio	boardgame	2025	IV Studio	0.96	name exact (normalised); year exact (2025); publisher exact (IV Studio); kind base ~ BGG boardgame; sole candidate id in the search	https://boardgamegeek.com/boardgame/445424			
804	Space Freaks	base	yes	212958	CONFIRMED		Space Freaks	2017	Lautapelit.fi	boardgame	2017	Lautapelit.fi	0.96	name exact (normalised); year exact (2017); publisher exact (Lautapelit.fi); kind base ~ BGG boardgame; sole candidate id in the search	https://boardgamegeek.com/boardgame/212958			
805	Shogunate	base	yes	183361	CONFIRMED		Shogunate	2016	Dreadful Games	boardgame	2016	Dreadful Games	0.96	name exact (normalised); year exact (2016); publisher exact (Dreadful Games); kind base ~ BGG boardgame; sole candidate id in the search	https://boardgamegeek.com/boardgame/183361			
806	Pit Crew	base	yes	218161	CONFIRMED		Pit Crew	2017	Stronghold Games	boardgame	2017	Stronghold Games	0.96	name exact (normalised); year exact (2017); publisher exact (Stronghold Games); kind base ~ BGG boardgame; sole candidate id in the search	https://boardgamegeek.com/boardgame/218161			
807	Subtext	base	yes	265684	CONFIRMED		Subtext	2019	Edition Spielwiese	boardgame	2019	Edition Spielwiese	0.96	name exact (normalised); year exact (2019); publisher exact (Edition Spielwiese); kind base ~ BGG boardgame; sole candidate id in the search	https://boardgamegeek.com/boardgame/265684			
808	Veiled Fate: Metal Edition	upgrade	yes		PROPOSED	406753	Veiled Fate: Metal Miniatures	2022	IV Studio	boardgameaccessory		IV Studio	0.69	name similarity 0.75; year unknown one side; publisher exact (IV Studio); kind upgrade ~ BGG boardgameaccessory; listed as an expansion/accessory of the parent id we already hold	https://boardgamegeek.com/boardgame/406753		rejected 388052 "Veiled Fate: Metal City Token" (?) — same family, different product (isFragmentOf)	
809	Deep Rock Galactic: Horrors of Hoxxes	expansion	yes		PROPOSED	450406	Deep Rock Galactic: Horrors of Hoxxes	2026	MOOD Publishing	boardgameexpansion		MOOD Publishing	1	name exact (normalised); year unknown one side; publisher exact (MOOD Publishing); kind expansion ~ BGG boardgameexpansion; listed as an expansion/accessory of the parent id we already hold	https://boardgamegeek.com/boardgame/450406		rejected 474536 "Deep Rock Galactic: Horrors of Hoxxes – Acrylic Tokens" (?) — same family, different product (isFragmentOf)	
810	Dungeons & Dragons: Tomb of Annihilation Board Game	base	yes	228668	CONFIRMED		Dungeons & Dragons: Tomb of Annihilation Board Game	2017	WizKids (I)	boardgame	2017	WizKids (I)	0.96	name exact (normalised); year exact (2017); publisher exact (WizKids (I)); kind base ~ BGG boardgame; sole candidate id in the search	https://boardgamegeek.com/boardgame/228668			
811	Delve	base	yes	217894	CONFIRMED		Delve	2017	Indie Boards & Cards	boardgame	2017	Indie Boards & Cards	0.96	name exact (normalised); year exact (2017); publisher exact (Indie Boards & Cards); kind base ~ BGG boardgame; sole candidate id in the search	https://boardgamegeek.com/boardgame/217894			
812	Witching Hour	base	yes	224999	CONFIRMED		Witching Hour	2017	Indie Boards & Cards	boardgame	2017	Indie Boards & Cards	0.96	name exact (normalised); year exact (2017); publisher exact (Indie Boards & Cards); kind base ~ BGG boardgame; sole candidate id in the search	https://boardgamegeek.com/boardgame/224999			
813	Trickster: Champions of Time	base	yes	218310	CONFIRMED		Trickster: Champions of Time	2017	Action Phase Games	boardgame	2017	Action Phase Games	0.96	name exact (normalised); year exact (2017); publisher exact (Action Phase Games); kind base ~ BGG boardgame; sole candidate id in the search	https://boardgamegeek.com/boardgame/218310			
814	Nations: The Dice Game	base	yes	157809	CONFIRMED		Nations: The Dice Game	2014	Lautapelit.fi	boardgame	2014	Lautapelit.fi	0.96	name exact (normalised); year exact (2014); publisher exact (Lautapelit.fi); kind base ~ BGG boardgame; sole candidate id in the search	https://boardgamegeek.com/boardgame/157809			
815	Paper Tales	base	yes	217861	CONFIRMED		Paper Tales	2017	Catch Up Games	boardgame	2017	Stronghold Games	0.96	name exact (normalised); year exact (2017); publisher exact (Stronghold Games); kind base ~ BGG boardgame; sole candidate id in the search	https://boardgamegeek.com/boardgame/217861			
816	Fortune	base	yes	3998	CONFIRMED		Fortune	1976	Ariel Productions Ltd	boardgame	1976	Ariel Productions Ltd	0.96	name exact (normalised); year exact (1976); publisher exact (Ariel Productions Ltd); kind base ~ BGG boardgame; sole candidate id in the search	https://boardgamegeek.com/boardgame/3998			
817	Fortress	base	yes	17429	CONFIRMED		Fortress	1985	Leggett Games Inc.	boardgame	1985	Leggett Games Inc.	0.96	name exact (normalised); year exact (1985); publisher exact (Leggett Games Inc.); kind base ~ BGG boardgame; sole candidate id in the search	https://boardgamegeek.com/boardgame/17429			
818	Bionicle Adventure Game: Quest For Makuta	base	yes	2979	CONFIRMED		Bionicle Adventure Game: Quest For Makuta	2001	danspil	boardgame	2001	danspil	0.96	name exact (normalised); year exact (2001); publisher exact (danspil); kind base ~ BGG boardgame; sole candidate id in the search	https://boardgamegeek.com/boardgame/2979			
819	Fast Forward: FLEE	base	yes	231666	CONFIRMED		Fast Forward: FLEE	2017	2F-Spiele	boardgame	2017	2F-Spiele	0.96	name exact (normalised); year exact (2017); publisher exact (2F-Spiele); kind base ~ BGG boardgame; sole candidate id in the search	https://boardgamegeek.com/boardgame/231666			
820	Whoosh: Bounty Hunters	base	yes	227422	CONFIRMED		Whoosh: Bounty Hunters	2017	Arclight Games	boardgame	2017	Arclight Games	0.96	name exact (normalised); year exact (2017); publisher exact (Arclight Games); kind base ~ BGG boardgame; sole candidate id in the search	https://boardgamegeek.com/boardgame/227422			
821	Marvel Villainous: Infinite Power	base	yes	302336	CONFIRMED		Marvel Villainous: Infinite Power	2020	Ravensburger AG	boardgame	2020	Ravensburger AG	0.96	name exact (normalised); year exact (2020); publisher exact (Ravensburger AG); kind base ~ BGG boardgame; sole candidate id in the search	https://boardgamegeek.com/boardgame/302336			
823	Dark Moon: Shadow Corporation	expansion	yes	230534	CONFIRMED		Dark Moon: Shadow Corporation	2017	Stronghold Games	boardgameexpansion	2017	Stronghold Games	0.96	name exact (normalised); year exact (2017); publisher exact (Stronghold Games); kind expansion ~ BGG boardgameexpansion; sole candidate id in the search	https://boardgamegeek.com/boardgame/230534			
824	The Golden Ages: Cults & Culture	expansion	yes	182176	CONFIRMED		The Golden Ages: Cults & Culture	2015	Ediciones MasQueOca	boardgameexpansion	2015	Ediciones MasQueOca	0.96	name exact (normalised); year exact (2015); publisher exact (Ediciones MasQueOca); kind expansion ~ BGG boardgameexpansion; sole candidate id in the search	https://boardgamegeek.com/boardgame/182176			
825	Mystic Moon: Deluxe Edition	expansion	yes	473533	CONFIRMED		Mystic Moon: Deluxe Edition	2026	Unstable Games	boardgame	2026		0.87	name exact (normalised); year exact (2026); publisher unknown one side; kind expansion vs BGG base game that HAS expansions/accessories (family trap shape); sole candidate id in the search	https://boardgamegeek.com/boardgame/473533	kind: we say expansion, BGG types it boardgame		
827	Dungeon Rush	base	yes	207338	CONFIRMED		Dungeon Rush	2016	Lautapelit.fi	boardgame	2016	Lautapelit.fi	0.96	name exact (normalised); year exact (2016); publisher exact (Lautapelit.fi); kind base ~ BGG boardgame; sole candidate id in the search	https://boardgamegeek.com/boardgame/207338			
828	Harmonies	base	yes	414317	CONFIRMED		Harmonies	2024	Libellud	boardgame	2024	Libellud	0.96	name exact (normalised); year exact (2024); publisher exact (Libellud); kind base ~ BGG boardgame; sole candidate id in the search	https://boardgamegeek.com/boardgame/414317			
829	Deep Rock Galactic: The Board Game – Korlok Tyrant-Weed Miniature Expansion	expansion	yes	422825	CONFIRMED		Deep Rock Galactic: The Board Game – Korlok Tyrant-Weed Miniature Expansion	2024	MOOD Publishing	boardgameexpansion	2024	MOOD Publishing	0.96	name exact (normalised); year exact (2024); publisher exact (MOOD Publishing); kind expansion ~ BGG boardgameexpansion; sole candidate id in the search	https://boardgamegeek.com/boardgame/422825			
830	SCALES OF FATE METAL UPGRADE KIT	accessory	yes		UNMATCHED						2025	IV Studio		no search results at any rung of the ladder		no search results at any rung of the ladder		
831	Tic-Tac	base	yes	123365	CONFIRMED		Tic-Tac	1935	F. F. Games	boardgame	1935	F. F. Games	0.96	name exact (normalised); year exact (1935); publisher exact (F. F. Games); kind base ~ BGG boardgame; sole candidate id in the search	https://boardgamegeek.com/boardgame/123365			
832	Unstable Unicorns	base	yes	234190	CONFIRMED		Unstable Unicorns	2017	Breaking Games	boardgame	2017	Breaking Games	0.96	name exact (normalised); year exact (2017); publisher exact (Breaking Games); kind base ~ BGG boardgame; sole candidate id in the search	https://boardgamegeek.com/boardgame/234190			
833	Casting Shadows: The Ice Storm Expansion	expansion	yes	360484	CONFIRMED		Casting Shadows: The Ice Storm Expansion	2023	Unstable Games	boardgameexpansion	2023	Unstable Games	0.96	name exact (normalised); year exact (2023); publisher exact (Unstable Games); kind expansion ~ BGG boardgameexpansion; sole candidate id in the search	https://boardgamegeek.com/boardgame/360484			
834	Aeon's End	base	yes	191189	CONFIRMED		Aeon's End	2016	Action Phase Games	boardgame	2016	Action Phase Games	0.96	name exact (normalised); year exact (2016); publisher exact (Action Phase Games); kind base ~ BGG boardgame; sole candidate id in the search	https://boardgamegeek.com/boardgame/191189			
835	King of Tokyo/New York: Monster Pack – Cybertooth	base	yes	282788	CONFIRMED		King of Tokyo/New York: Monster Pack – Cybertooth	2019	IELLO	boardgameexpansion	2019	IELLO	0.89	name exact (normalised); year exact (2019); publisher exact (IELLO); kind base vs BGG boardgameexpansion; sole candidate id in the search	https://boardgamegeek.com/boardgame/282788	kind: we say base, BGG types it boardgameexpansion		
836	King of Tokyo/New York: Monster Pack – Luchador	base	yes	430575	CONFIRMED		King of Tokyo/New York: Monster Pack – Luchador	2025	IELLO	boardgameexpansion	2025	IELLO	0.89	name exact (normalised); year exact (2025); publisher exact (IELLO); kind base vs BGG boardgameexpansion; sole candidate id in the search	https://boardgamegeek.com/boardgame/430575	kind: we say base, BGG types it boardgameexpansion		
837	Graft	base	yes	445423	CONFIRMED		Graft	2025	IV Studio	boardgame	2025	IV Studio	0.96	name exact (normalised); year exact (2025); publisher exact (IV Studio); kind base ~ BGG boardgame; sole candidate id in the search	https://boardgamegeek.com/boardgame/445423			
838	King of Tokyo Godzilla	base	yes	463297	CONFIRMED		King of Tokyo Godzilla	2026	IELLO	boardgame	2026	IELLO	0.96	name exact (normalised); year exact (2026); publisher exact (IELLO); kind base ~ BGG boardgame; sole candidate id in the search	https://boardgamegeek.com/boardgame/463297			
839	Vampire Survivors: The Board Game	base	yes	447125	CONFIRMED		Vampire Survivors: The Board Game	2026	Grey Fox Games	boardgame	2026	Grey Fox Games	0.96	name exact (normalised); year exact (2026); publisher exact (Grey Fox Games); kind base ~ BGG boardgame; sole candidate id in the search	https://boardgamegeek.com/boardgame/447125			
840	Tiny Epic Dungeons Adventures	base	yes	439586	CONFIRMED		Tiny Epic Dungeons Adventures	2026	Gamelyn Games	boardgame	2026	Gamelyn Games	0.96	name exact (normalised); year exact (2026); publisher exact (Gamelyn Games); kind base ~ BGG boardgame; sole candidate id in the search	https://boardgamegeek.com/boardgame/439586			
841	Hypothetically	base	yes	474726	CONFIRMED		Hypothetically	2026	IV Studio	boardgame	2026	IV Studio	0.96	name exact (normalised); year exact (2026); publisher exact (IV Studio); kind base ~ BGG boardgame; sole candidate id in the search	https://boardgamegeek.com/boardgame/474726			
842	Tiny Epic Dungeons Adventures: The Phantom Voyage	expansion	yes	440549	CONFIRMED		Tiny Epic Dungeons Adventures: The Phantom Voyage	2026	Gamelyn Games	boardgameexpansion	2026	Gamelyn Games	0.96	name exact (normalised); year exact (2026); publisher exact (Gamelyn Games); kind expansion ~ BGG boardgameexpansion; sole candidate id in the search	https://boardgamegeek.com/boardgame/440549			
843	Soar	base	yes	464147	CONFIRMED		Soar	2026	IV Studio	boardgame	2026	IV Studio	0.96	name exact (normalised); year exact (2026); publisher exact (IV Studio); kind base ~ BGG boardgame; sole candidate id in the search	https://boardgamegeek.com/boardgame/464147			
844	Shards of Creation	base	yes	451772	CONFIRMED		Shards of Creation	2026	Brotherwise Games	boardgame	2026	Brotherwise Games	0.96	name exact (normalised); year exact (2026); publisher exact (Brotherwise Games); kind base ~ BGG boardgame; sole candidate id in the search	https://boardgamegeek.com/boardgame/451772			
845	King of Tokyo: Duel	base	yes	422484	CONFIRMED		King of Tokyo: Duel	2024	IELLO	boardgame	2024	IELLO	0.96	name exact (normalised); year exact (2024); publisher exact (IELLO); kind base ~ BGG boardgame; sole candidate id in the search	https://boardgamegeek.com/boardgame/422484			
846	King of Tokyo/New York: Monster Pack – King Kong	base	yes	233076	CONFIRMED		King of Tokyo/New York: Monster Pack – King Kong	2017	IELLO	boardgameexpansion	2017	IELLO	0.89	name exact (normalised); year exact (2017); publisher exact (IELLO); kind base vs BGG boardgameexpansion; sole candidate id in the search	https://boardgamegeek.com/boardgame/233076	kind: we say base, BGG types it boardgameexpansion		
847	King of Tokyo/New York: Monster Pack – Cthulhu	base	yes	207292	CONFIRMED		King of Tokyo/New York: Monster Pack – Cthulhu	2017	IELLO	boardgameexpansion	2017	IELLO	0.89	name exact (normalised); year exact (2017); publisher exact (IELLO); kind base vs BGG boardgameexpansion; sole candidate id in the search	https://boardgamegeek.com/boardgame/207292	kind: we say base, BGG types it boardgameexpansion		
848	King of Tokyo Playmat	accessory	no		UNMATCHED						2024			5 candidate(s) found, none the same product		5 candidate(s) found, none the same product	rejected 431193 "King of Tokyo: Duel – Playmat" (2024) — same family, different product (isFragmentOf)	
849	Slam Throne	base	yes	441644	CONFIRMED		Slam Throne	2025	Dice Throne, Inc.	boardgame	2025	Dice Throne, Inc.	0.96	name exact (normalised); year exact (2025); publisher exact (Dice Throne, Inc.); kind base ~ BGG boardgame; sole candidate id in the search	https://boardgamegeek.com/boardgame/441644			
850	Deep Rock Galactic: The Board Game – Shockwyrm Mini Expansion	expansion	yes	450552	CONFIRMED		Deep Rock Galactic: The Board Game – Shockwyrm Mini Expansion	2026	MOOD Publishing	boardgameexpansion	2026	MOOD Publishing	0.96	name exact (normalised); year exact (2026); publisher exact (MOOD Publishing); kind expansion ~ BGG boardgameexpansion; sole candidate id in the search	https://boardgamegeek.com/boardgame/450552			
851	Space Freaks: The Violet Morass	expansion	yes	255501	CONFIRMED		Space Freaks: The Violet Morass	2018	Lautapelit.fi	boardgameexpansion	2018	Lautapelit.fi	0.96	name exact (normalised); year exact (2018); publisher exact (Lautapelit.fi); kind expansion ~ BGG boardgameexpansion; sole candidate id in the search	https://boardgamegeek.com/boardgame/255501			
852	Here to Sleigh: A Here to Slay Expansion Pack	expansion	yes	375223	CONFIRMED		Here to Sleigh: A Here to Slay Expansion Pack	2022	Unstable Games	boardgameexpansion	2022	Unstable Games	0.96	name exact (normalised); year exact (2022); publisher exact (Unstable Games); kind expansion ~ BGG boardgameexpansion; sole candidate id in the search	https://boardgamegeek.com/boardgame/375223			
853	Unstable Unicorns: Unicorns of Legend Expansion Pack	expansion	yes	263578	CONFIRMED		Unstable Unicorns: Unicorns of Legend Expansion Pack	2018	Unstable Games	boardgameexpansion	2018	Unstable Games	0.96	name exact (normalised); year exact (2018); publisher exact (Unstable Games); kind expansion ~ BGG boardgameexpansion; sole candidate id in the search	https://boardgamegeek.com/boardgame/263578			
854	Fractured Sky: Awakening	expansion	no	464142	CONFIRMED		Fractured Sky: Awakening	2026	IV Studio	boardgameexpansion	2026	IV Studio	0.96	name exact (normalised); year exact (2026); publisher exact (IV Studio); kind expansion ~ BGG boardgameexpansion; sole candidate id in the search	https://boardgamegeek.com/boardgame/464142			
855	Fractured Sky: Rift	expansion	no	421463	CONFIRMED		Fractured Sky: Rift	2025	IV Studio	boardgameexpansion	2025	IV Studio	0.96	name exact (normalised); year exact (2025); publisher exact (IV Studio); kind expansion ~ BGG boardgameexpansion; sole candidate id in the search	https://boardgamegeek.com/boardgame/421463			
856	Fractured Sky: Metal Starfall Tokens	accessory	no	414179	CONFIRMED		Fractured Sky: Metal Starfall Tokens	2023	IV Studio	boardgameaccessory	2023		0.95	name exact (normalised); year exact (2023); publisher unknown one side; kind accessory ~ BGG boardgameaccessory; sole candidate id in the search	https://boardgamegeek.com/boardgame/414179			
857	Fractured Sky: Neoprene Game Mat	accessory	no	413787	CONFIRMED		Fractured Sky: Neoprene Game Mat	2023	IV Studio	boardgameaccessory	2023		0.95	name exact (normalised); year exact (2023); publisher unknown one side; kind accessory ~ BGG boardgameaccessory; sole candidate id in the search	https://boardgamegeek.com/boardgame/413787			